timestamp, memory.used [MiB]
2026/05/29 03:44:07.249, 1281 MiB
2026/05/29 03:44:08.250, 1262 MiB
2026/05/29 03:44:09.250, 1262 MiB
2026/05/29 03:44:10.250, 1257 MiB
2026/05/29 03:44:11.250, 1253 MiB
2026/05/29 03:44:12.251, 1260 MiB
2026/05/29 03:44:13.251, 1266 MiB
2026/05/29 03:44:14.251, 1283 MiB
2026/05/29 03:44:15.252, 1284 MiB
2026/05/29 03:44:16.252, 1279 MiB
2026/05/29 03:44:17.252, 1301 MiB
2026/05/29 03:44:18.253, 1302 MiB
2026/05/29 03:44:19.253, 1295 MiB
2026/05/29 03:44:20.253, 1294 MiB
2026/05/29 03:44:21.253, 1517 MiB
2026/05/29 03:44:22.254, 1502 MiB
2026/05/29 03:44:23.254, 2042 MiB
2026/05/29 03:44:24.254, 2085 MiB
2026/05/29 03:44:25.255, 2121 MiB
2026/05/29 03:44:26.255, 2699 MiB
2026/05/29 03:44:27.255, 2659 MiB
2026/05/29 03:44:28.255, 1274 MiB
2026/05/29 03:44:29.256, 1274 MiB
2026/05/29 03:44:30.256, 1279 MiB
2026/05/29 03:44:31.256, 1279 MiB
2026/05/29 03:44:32.257, 1273 MiB
2026/05/29 03:44:33.257, 1266 MiB
2026/05/29 03:44:34.257, 1270 MiB
2026/05/29 03:44:35.258, 1271 MiB
2026/05/29 03:44:36.258, 1271 MiB
2026/05/29 03:44:37.258, 1271 MiB
2026/05/29 03:44:38.258, 1281 MiB
2026/05/29 03:44:39.259, 1282 MiB
2026/05/29 03:44:40.259, 1282 MiB
2026/05/29 03:44:41.259, 1282 MiB
2026/05/29 03:44:42.260, 1282 MiB
2026/05/29 03:44:43.260, 1295 MiB
2026/05/29 03:44:44.260, 1294 MiB
2026/05/29 03:44:45.261, 1294 MiB
2026/05/29 03:44:46.261, 1293 MiB
2026/05/29 03:44:47.261, 1288 MiB
2026/05/29 03:44:48.262, 1293 MiB
2026/05/29 03:44:49.262, 1286 MiB
2026/05/29 03:44:50.262, 1287 MiB
2026/05/29 03:44:51.263, 1283 MiB
2026/05/29 03:44:52.263, 1283 MiB
2026/05/29 03:44:53.263, 1278 MiB
2026/05/29 03:44:54.263, 1295 MiB
2026/05/29 03:44:55.264, 1295 MiB
2026/05/29 03:44:56.264, 1292 MiB
2026/05/29 03:44:57.264, 1292 MiB
2026/05/29 03:44:58.265, 1292 MiB
2026/05/29 03:44:59.265, 1284 MiB
2026/05/29 03:45:00.265, 1284 MiB
2026/05/29 03:45:01.266, 1294 MiB
2026/05/29 03:45:02.266, 1294 MiB
2026/05/29 03:45:03.266, 1302 MiB
2026/05/29 03:45:04.266, 1301 MiB
2026/05/29 03:45:05.267, 1299 MiB
2026/05/29 03:45:06.267, 1299 MiB
2026/05/29 03:45:07.267, 1294 MiB
2026/05/29 03:45:08.268, 1263 MiB
2026/05/29 03:45:09.268, 1279 MiB
2026/05/29 03:45:10.268, 1280 MiB
2026/05/29 03:45:11.271, 1293 MiB
2026/05/29 03:45:12.274, 1311 MiB
2026/05/29 03:45:13.274, 1318 MiB
2026/05/29 03:45:14.275, 1331 MiB
2026/05/29 03:45:15.275, 1326 MiB
2026/05/29 03:45:16.276, 1294 MiB
2026/05/29 03:45:17.276, 1294 MiB
2026/05/29 03:45:18.276, 1511 MiB
2026/05/29 03:45:19.276, 1497 MiB
2026/05/29 03:45:20.277, 2072 MiB
2026/05/29 03:45:21.277, 2134 MiB
2026/05/29 03:45:22.277, 2710 MiB
2026/05/29 03:45:23.278, 2705 MiB
2026/05/29 03:45:24.278, 2705 MiB
2026/05/29 03:45:25.278, 2705 MiB
2026/05/29 03:45:26.279, 2700 MiB
2026/05/29 03:45:27.279, 2697 MiB
2026/05/29 03:45:28.279, 2695 MiB
2026/05/29 03:45:29.280, 2703 MiB
2026/05/29 03:45:30.282, 5880 MiB
2026/05/29 03:45:31.283, 5888 MiB
2026/05/29 03:45:32.283, 5889 MiB
2026/05/29 03:45:33.283, 5965 MiB
2026/05/29 03:45:34.284, 5968 MiB
2026/05/29 03:45:35.284, 2525 MiB
2026/05/29 03:45:36.285, 5959 MiB
2026/05/29 03:45:37.285, 5966 MiB
2026/05/29 03:45:38.285, 2811 MiB
2026/05/29 03:45:39.286, 5973 MiB
2026/05/29 03:45:40.286, 5971 MiB
2026/05/29 03:45:41.286, 5969 MiB
2026/05/29 03:45:42.287, 5964 MiB
2026/05/29 03:45:43.287, 5964 MiB
2026/05/29 03:45:44.288, 5950 MiB
2026/05/29 03:45:45.288, 5946 MiB
2026/05/29 03:45:46.288, 5946 MiB
2026/05/29 03:45:47.289, 5941 MiB
2026/05/29 03:45:48.289, 2221 MiB
2026/05/29 03:45:49.289, 5948 MiB
2026/05/29 03:45:50.290, 5948 MiB
2026/05/29 03:45:51.290, 2226 MiB
2026/05/29 03:45:52.290, 5943 MiB
2026/05/29 03:45:53.291, 2221 MiB
2026/05/29 03:45:54.292, 5943 MiB
2026/05/29 03:45:55.292, 5943 MiB
2026/05/29 03:45:56.292, 5943 MiB
2026/05/29 03:45:57.293, 2221 MiB
2026/05/29 03:45:58.293, 5943 MiB
2026/05/29 03:45:59.294, 5551 MiB
2026/05/29 03:46:00.295, 5951 MiB
2026/05/29 03:46:01.295, 3151 MiB
2026/05/29 03:46:02.295, 5946 MiB
2026/05/29 03:46:03.296, 5946 MiB
2026/05/29 03:46:04.296, 4863 MiB
2026/05/29 03:46:05.296, 5943 MiB
2026/05/29 03:46:06.297, 5943 MiB
2026/05/29 03:46:07.297, 5948 MiB
2026/05/29 03:46:08.297, 5948 MiB
2026/05/29 03:46:09.298, 5948 MiB
2026/05/29 03:46:10.298, 5943 MiB
2026/05/29 03:46:11.298, 2221 MiB
2026/05/29 03:46:12.299, 5948 MiB
2026/05/29 03:46:13.299, 5948 MiB
2026/05/29 03:46:14.299, 5948 MiB
2026/05/29 03:46:15.299, 5943 MiB
2026/05/29 03:46:16.300, 5943 MiB
2026/05/29 03:46:17.300, 5948 MiB
2026/05/29 03:46:18.300, 5948 MiB
2026/05/29 03:46:19.301, 5948 MiB
2026/05/29 03:46:20.301, 5943 MiB
2026/05/29 03:46:21.301, 5943 MiB
2026/05/29 03:46:22.302, 5943 MiB
2026/05/29 03:46:23.302, 2217 MiB
2026/05/29 03:46:24.302, 5939 MiB
2026/05/29 03:46:25.303, 2213 MiB
2026/05/29 03:46:26.303, 5935 MiB
2026/05/29 03:46:27.303, 5935 MiB
2026/05/29 03:46:28.303, 5935 MiB
2026/05/29 03:46:29.304, 5935 MiB
2026/05/29 03:46:30.304, 5944 MiB
2026/05/29 03:46:31.304, 5944 MiB
2026/05/29 03:46:32.305, 5944 MiB
2026/05/29 03:46:33.305, 5936 MiB
2026/05/29 03:46:34.305, 5616 MiB
2026/05/29 03:46:35.305, 5944 MiB
2026/05/29 03:46:36.306, 5944 MiB
2026/05/29 03:46:37.306, 3524 MiB
2026/05/29 03:46:38.306, 5936 MiB
2026/05/29 03:46:39.306, 4336 MiB
2026/05/29 03:46:40.307, 5944 MiB
2026/05/29 03:46:41.307, 5944 MiB
2026/05/29 03:46:42.307, 2222 MiB
2026/05/29 03:46:43.308, 5936 MiB
2026/05/29 03:46:44.308, 2214 MiB
2026/05/29 03:46:45.309, 5936 MiB
2026/05/29 03:46:46.309, 5936 MiB
2026/05/29 03:46:47.309, 3596 MiB
2026/05/29 03:46:48.310, 5936 MiB
2026/05/29 03:46:49.310, 5936 MiB
2026/05/29 03:46:50.311, 5936 MiB
2026/05/29 03:46:51.311, 5936 MiB
2026/05/29 03:46:52.311, 5936 MiB
2026/05/29 03:46:53.311, 5936 MiB
2026/05/29 03:46:54.312, 4116 MiB
2026/05/29 03:46:55.312, 5944 MiB
2026/05/29 03:46:56.312, 5944 MiB
2026/05/29 03:46:57.313, 2222 MiB
2026/05/29 03:46:58.313, 5936 MiB
2026/05/29 03:46:59.313, 5936 MiB
2026/05/29 03:47:00.314, 5944 MiB
2026/05/29 03:47:01.314, 5944 MiB
2026/05/29 03:47:02.314, 5944 MiB
2026/05/29 03:47:03.314, 5115 MiB
2026/05/29 03:47:04.315, 5936 MiB
2026/05/29 03:47:05.315, 2545 MiB
2026/05/29 03:47:06.315, 5945 MiB
2026/05/29 03:47:07.316, 2223 MiB
2026/05/29 03:47:08.316, 5935 MiB
2026/05/29 03:47:09.316, 5935 MiB
2026/05/29 03:47:10.316, 2507 MiB
2026/05/29 03:47:11.317, 5947 MiB
2026/05/29 03:47:12.317, 5947 MiB
2026/05/29 03:47:13.318, 5938 MiB
2026/05/29 03:47:14.318, 5939 MiB
2026/05/29 03:47:15.318, 5935 MiB
2026/05/29 03:47:16.328, 2222 MiB
2026/05/29 03:47:17.328, 5944 MiB
2026/05/29 03:47:18.328, 5944 MiB
2026/05/29 03:47:19.329, 2496 MiB
2026/05/29 03:47:20.329, 5936 MiB
2026/05/29 03:47:21.330, 5944 MiB
2026/05/29 03:47:22.330, 5944 MiB
2026/05/29 03:47:23.330, 5944 MiB
2026/05/29 03:47:24.332, 5935 MiB
2026/05/29 03:47:25.332, 5936 MiB
2026/05/29 03:47:26.341, 5944 MiB
2026/05/29 03:47:27.342, 5944 MiB
2026/05/29 03:47:28.342, 5944 MiB
2026/05/29 03:47:29.342, 5935 MiB
2026/05/29 03:47:30.343, 5936 MiB
2026/05/29 03:47:31.343, 5947 MiB
2026/05/29 03:47:32.344, 5867 MiB
2026/05/29 03:47:33.344, 5947 MiB
2026/05/29 03:47:34.345, 5938 MiB
2026/05/29 03:47:35.345, 5939 MiB
2026/05/29 03:47:36.347, 5943 MiB
2026/05/29 03:47:37.348, 2301 MiB
2026/05/29 03:47:38.348, 5943 MiB
2026/05/29 03:47:39.348, 2216 MiB
2026/05/29 03:47:40.349, 5939 MiB
2026/05/29 03:47:41.349, 5943 MiB
2026/05/29 03:47:42.350, 2221 MiB
2026/05/29 03:47:43.350, 5943 MiB
2026/05/29 03:47:44.350, 5939 MiB
2026/05/29 03:47:45.350, 5939 MiB
2026/05/29 03:47:46.351, 5943 MiB
2026/05/29 03:47:47.351, 5943 MiB
2026/05/29 03:47:48.351, 5943 MiB
2026/05/29 03:47:49.352, 2216 MiB
2026/05/29 03:47:50.352, 2216 MiB
2026/05/29 03:47:51.352, 2220 MiB
2026/05/29 03:47:52.353, 2220 MiB
2026/05/29 03:47:53.353, 2220 MiB
2026/05/29 03:47:54.353, 2216 MiB
2026/05/29 03:47:55.353, 2216 MiB
2026/05/29 03:47:56.354, 2216 MiB
2026/05/29 03:47:57.354, 2213 MiB
2026/05/29 03:47:58.354, 2213 MiB
2026/05/29 03:47:59.355, 2222 MiB
2026/05/29 03:48:00.355, 2222 MiB
2026/05/29 03:48:01.355, 2222 MiB
2026/05/29 03:48:02.356, 2213 MiB
2026/05/29 03:48:03.356, 2213 MiB
2026/05/29 03:48:04.356, 2222 MiB
2026/05/29 03:48:05.357, 2222 MiB
2026/05/29 03:48:06.357, 2222 MiB
2026/05/29 03:48:07.358, 2213 MiB
2026/05/29 03:48:08.358, 2213 MiB
2026/05/29 03:48:09.358, 2225 MiB
2026/05/29 03:48:10.359, 2225 MiB
2026/05/29 03:48:11.359, 2225 MiB
2026/05/29 03:48:12.359, 2216 MiB
2026/05/29 03:48:13.359, 2216 MiB
2026/05/29 03:48:14.360, 2220 MiB
2026/05/29 03:48:15.360, 2220 MiB
2026/05/29 03:48:16.360, 2220 MiB
2026/05/29 03:48:17.361, 2216 MiB
2026/05/29 03:48:18.361, 2216 MiB
2026/05/29 03:48:19.361, 2220 MiB
2026/05/29 03:48:20.362, 2220 MiB
2026/05/29 03:48:21.362, 2220 MiB
2026/05/29 03:48:22.363, 2220 MiB
2026/05/29 03:48:23.363, 2216 MiB
2026/05/29 03:48:24.364, 2220 MiB
2026/05/29 03:48:25.364, 2220 MiB
2026/05/29 03:48:26.366, 2220 MiB
2026/05/29 03:48:27.366, 2220 MiB
2026/05/29 03:48:28.366, 2216 MiB
2026/05/29 03:48:29.368, 2220 MiB
2026/05/29 03:48:30.368, 2220 MiB
2026/05/29 03:48:31.368, 2220 MiB
2026/05/29 03:48:32.369, 2221 MiB
2026/05/29 03:48:33.369, 2378 MiB
2026/05/29 03:48:34.369, 4324 MiB
2026/05/29 03:48:35.370, 4324 MiB
2026/05/29 03:48:36.370, 4324 MiB
2026/05/29 03:48:37.370, 3384 MiB
2026/05/29 03:48:38.371, 2858 MiB
2026/05/29 03:48:39.371, 2858 MiB
2026/05/29 03:48:40.371, 2862 MiB
2026/05/29 03:48:41.372, 2862 MiB
2026/05/29 03:48:42.372, 2862 MiB
2026/05/29 03:48:43.372, 2858 MiB
2026/05/29 03:48:44.373, 2858 MiB
2026/05/29 03:48:45.373, 2862 MiB
2026/05/29 03:48:46.373, 2862 MiB
2026/05/29 03:48:47.374, 2862 MiB
2026/05/29 03:48:48.374, 2858 MiB
2026/05/29 03:48:49.374, 2858 MiB
2026/05/29 03:48:50.375, 2862 MiB
2026/05/29 03:48:51.375, 2862 MiB
2026/05/29 03:48:52.376, 2862 MiB
2026/05/29 03:48:53.377, 2858 MiB
2026/05/29 03:48:54.377, 2858 MiB
2026/05/29 03:48:55.377, 2862 MiB
2026/05/29 03:48:56.378, 2862 MiB
2026/05/29 03:48:57.378, 2862 MiB
2026/05/29 03:48:58.379, 2858 MiB
2026/05/29 03:48:59.379, 2858 MiB
2026/05/29 03:49:00.380, 2862 MiB
2026/05/29 03:49:01.380, 2862 MiB
2026/05/29 03:49:02.381, 2862 MiB
2026/05/29 03:49:03.381, 2858 MiB
2026/05/29 03:49:04.381, 2858 MiB
2026/05/29 03:49:05.382, 2862 MiB
2026/05/29 03:49:06.382, 2862 MiB
2026/05/29 03:49:07.382, 2862 MiB
2026/05/29 03:49:08.383, 2858 MiB
2026/05/29 03:49:09.387, 2858 MiB
2026/05/29 03:49:10.388, 2862 MiB
2026/05/29 03:49:11.388, 2862 MiB
2026/05/29 03:49:12.390, 2862 MiB
2026/05/29 03:49:13.391, 2858 MiB
2026/05/29 03:49:14.391, 2858 MiB
2026/05/29 03:49:15.391, 2862 MiB
2026/05/29 03:49:16.392, 3305 MiB
2026/05/29 03:49:17.392, 3225 MiB
2026/05/29 03:49:18.392, 2860 MiB
2026/05/29 03:49:19.393, 2860 MiB
2026/05/29 03:49:20.393, 2864 MiB
2026/05/29 03:49:21.393, 2864 MiB
2026/05/29 03:49:22.394, 2864 MiB
2026/05/29 03:49:23.394, 2860 MiB
2026/05/29 03:49:24.394, 2860 MiB
2026/05/29 03:49:25.395, 2857 MiB
2026/05/29 03:49:26.395, 2866 MiB
2026/05/29 03:49:27.396, 2866 MiB
2026/05/29 03:49:28.396, 2861 MiB
2026/05/29 03:49:29.397, 2857 MiB
2026/05/29 03:49:30.397, 2857 MiB
2026/05/29 03:49:31.397, 2869 MiB
2026/05/29 03:49:32.397, 2869 MiB
2026/05/29 03:49:33.398, 2869 MiB
2026/05/29 03:49:34.398, 2860 MiB
2026/05/29 03:49:35.398, 2860 MiB
2026/05/29 03:49:36.399, 2864 MiB
2026/05/29 03:49:37.399, 2864 MiB
2026/05/29 03:49:38.400, 2864 MiB
2026/05/29 03:49:39.400, 2860 MiB
2026/05/29 03:49:40.400, 2860 MiB
2026/05/29 03:49:41.401, 2864 MiB
2026/05/29 03:49:42.401, 2864 MiB
2026/05/29 03:49:43.401, 2864 MiB
2026/05/29 03:49:44.402, 2860 MiB
2026/05/29 03:49:45.402, 2860 MiB
2026/05/29 03:49:46.402, 2864 MiB
2026/05/29 03:49:47.403, 2864 MiB
2026/05/29 03:49:48.403, 2864 MiB
2026/05/29 03:49:49.403, 2860 MiB
2026/05/29 03:49:50.404, 2860 MiB
2026/05/29 03:49:51.404, 2864 MiB
2026/05/29 03:49:52.404, 2864 MiB
2026/05/29 03:49:53.406, 2864 MiB
2026/05/29 03:49:54.406, 2860 MiB
2026/05/29 03:49:55.407, 2860 MiB
2026/05/29 03:49:56.408, 6225 MiB
2026/05/29 03:49:57.408, 6225 MiB
2026/05/29 03:49:58.408, 6225 MiB
2026/05/29 03:49:59.411, 2860 MiB
2026/05/29 03:50:00.411, 2860 MiB
2026/05/29 03:50:01.411, 2864 MiB
2026/05/29 03:50:02.412, 2864 MiB
2026/05/29 03:50:03.412, 2864 MiB
2026/05/29 03:50:04.413, 2860 MiB
2026/05/29 03:50:05.413, 2860 MiB
2026/05/29 03:50:06.413, 2864 MiB
2026/05/29 03:50:07.414, 2864 MiB
2026/05/29 03:50:08.414, 2864 MiB
2026/05/29 03:50:09.414, 2860 MiB
2026/05/29 03:50:10.415, 2860 MiB
2026/05/29 03:50:11.415, 2864 MiB
2026/05/29 03:50:12.415, 2864 MiB
2026/05/29 03:50:13.416, 2864 MiB
2026/05/29 03:50:14.416, 2860 MiB
2026/05/29 03:50:15.416, 2860 MiB
2026/05/29 03:50:16.417, 2860 MiB
2026/05/29 03:50:17.417, 2864 MiB
2026/05/29 03:50:18.417, 2864 MiB
2026/05/29 03:50:19.418, 2860 MiB
2026/05/29 03:50:20.418, 2860 MiB
2026/05/29 03:50:21.443, 2860 MiB
2026/05/29 03:50:22.446, 2864 MiB
2026/05/29 03:50:23.446, 2864 MiB
2026/05/29 03:50:24.447, 2860 MiB
2026/05/29 03:50:25.448, 2860 MiB
2026/05/29 03:50:26.448, 2860 MiB
2026/05/29 03:50:27.448, 2864 MiB
2026/05/29 03:50:28.450, 2864 MiB
2026/05/29 03:50:29.451, 2860 MiB
2026/05/29 03:50:30.452, 2860 MiB
2026/05/29 03:50:31.452, 2860 MiB
2026/05/29 03:50:32.452, 2864 MiB
2026/05/29 03:50:33.454, 2864 MiB
2026/05/29 03:50:34.454, 2860 MiB
2026/05/29 03:50:35.454, 2860 MiB
2026/05/29 03:50:36.455, 2860 MiB
2026/05/29 03:50:37.455, 6224 MiB
2026/05/29 03:50:38.455, 6224 MiB
2026/05/29 03:50:39.456, 6224 MiB
2026/05/29 03:50:40.456, 3360 MiB
2026/05/29 03:50:41.456, 2840 MiB
2026/05/29 03:50:42.457, 2844 MiB
2026/05/29 03:50:43.457, 2844 MiB
2026/05/29 03:50:44.457, 2844 MiB
2026/05/29 03:50:45.458, 2840 MiB
2026/05/29 03:50:46.458, 2840 MiB
2026/05/29 03:50:47.458, 2844 MiB
2026/05/29 03:50:48.459, 2844 MiB
2026/05/29 03:50:49.459, 2844 MiB
2026/05/29 03:50:50.459, 2840 MiB
2026/05/29 03:50:51.460, 2840 MiB
2026/05/29 03:50:52.460, 2837 MiB
2026/05/29 03:50:53.460, 2837 MiB
2026/05/29 03:50:54.461, 2849 MiB
2026/05/29 03:50:55.462, 2849 MiB
2026/05/29 03:50:56.462, 2849 MiB
2026/05/29 03:50:57.462, 2849 MiB
2026/05/29 03:50:58.463, 2840 MiB
2026/05/29 03:50:59.463, 2844 MiB
2026/05/29 03:51:00.463, 2844 MiB
2026/05/29 03:51:01.465, 2844 MiB
2026/05/29 03:51:02.465, 2844 MiB
2026/05/29 03:51:03.465, 2840 MiB
2026/05/29 03:51:04.466, 2844 MiB
2026/05/29 03:51:05.466, 2844 MiB
2026/05/29 03:51:06.466, 2844 MiB
2026/05/29 03:51:07.467, 2844 MiB
2026/05/29 03:51:08.467, 2840 MiB
2026/05/29 03:51:09.467, 2844 MiB
2026/05/29 03:51:10.468, 2844 MiB
2026/05/29 03:51:11.468, 2844 MiB
2026/05/29 03:51:12.468, 2844 MiB
2026/05/29 03:51:13.469, 2840 MiB
2026/05/29 03:51:14.469, 2844 MiB
2026/05/29 03:51:15.469, 2844 MiB
2026/05/29 03:51:16.473, 2844 MiB
2026/05/29 03:51:17.473, 2844 MiB
2026/05/29 03:51:18.474, 2840 MiB
2026/05/29 03:51:19.474, 6504 MiB
2026/05/29 03:51:20.474, 6504 MiB
2026/05/29 03:51:21.475, 6504 MiB
2026/05/29 03:51:22.476, 9704 MiB
2026/05/29 03:51:23.476, 2860 MiB
2026/05/29 03:51:24.476, 2860 MiB
2026/05/29 03:51:25.477, 2857 MiB
2026/05/29 03:51:26.477, 2869 MiB
2026/05/29 03:51:27.477, 2869 MiB
2026/05/29 03:51:28.478, 2869 MiB
2026/05/29 03:51:29.478, 2869 MiB
2026/05/29 03:51:30.478, 2860 MiB
2026/05/29 03:51:31.479, 2864 MiB
2026/05/29 03:51:32.479, 2864 MiB
2026/05/29 03:51:33.479, 2864 MiB
2026/05/29 03:51:34.480, 2864 MiB
2026/05/29 03:51:35.480, 2860 MiB
2026/05/29 03:51:36.480, 2864 MiB
2026/05/29 03:51:37.480, 2864 MiB
2026/05/29 03:51:38.481, 2864 MiB
2026/05/29 03:51:39.482, 2864 MiB
2026/05/29 03:51:40.482, 2860 MiB
2026/05/29 03:51:41.483, 2864 MiB
2026/05/29 03:51:42.483, 2864 MiB
2026/05/29 03:51:43.483, 2864 MiB
2026/05/29 03:51:44.484, 2864 MiB
2026/05/29 03:51:45.484, 2860 MiB
2026/05/29 03:51:46.484, 2864 MiB
2026/05/29 03:51:47.485, 2864 MiB
2026/05/29 03:51:48.485, 2864 MiB
2026/05/29 03:51:49.486, 2864 MiB
2026/05/29 03:51:50.486, 2860 MiB
2026/05/29 03:51:51.486, 2857 MiB
2026/05/29 03:51:52.487, 2857 MiB
2026/05/29 03:51:53.487, 2869 MiB
2026/05/29 03:51:54.487, 2869 MiB
2026/05/29 03:51:55.488, 2869 MiB
2026/05/29 03:51:56.488, 2869 MiB
2026/05/29 03:51:57.488, 2860 MiB
2026/05/29 03:51:58.489, 2864 MiB
2026/05/29 03:51:59.489, 2864 MiB
2026/05/29 03:52:00.490, 2864 MiB
2026/05/29 03:52:01.500, 6265 MiB
2026/05/29 03:52:02.500, 6260 MiB
2026/05/29 03:52:03.500, 6264 MiB
2026/05/29 03:52:04.501, 6264 MiB
2026/05/29 03:52:05.501, 2844 MiB
2026/05/29 03:52:06.501, 2844 MiB
2026/05/29 03:52:07.502, 2840 MiB
2026/05/29 03:52:08.502, 2844 MiB
2026/05/29 03:52:09.502, 2844 MiB
2026/05/29 03:52:10.503, 2844 MiB
2026/05/29 03:52:11.503, 2844 MiB
2026/05/29 03:52:12.503, 2840 MiB
2026/05/29 03:52:13.504, 2844 MiB
2026/05/29 03:52:14.504, 2844 MiB
2026/05/29 03:52:15.504, 2844 MiB
2026/05/29 03:52:16.505, 2844 MiB
2026/05/29 03:52:17.505, 2840 MiB
2026/05/29 03:52:18.505, 2837 MiB
2026/05/29 03:52:19.505, 2837 MiB
2026/05/29 03:52:20.506, 2837 MiB
2026/05/29 03:52:21.507, 2849 MiB
2026/05/29 03:52:22.507, 2849 MiB
2026/05/29 03:52:23.508, 2849 MiB
2026/05/29 03:52:24.508, 2840 MiB
2026/05/29 03:52:25.508, 2840 MiB
2026/05/29 03:52:26.509, 2844 MiB
2026/05/29 03:52:27.509, 2844 MiB
2026/05/29 03:52:28.509, 2844 MiB
2026/05/29 03:52:29.510, 2844 MiB
2026/05/29 03:52:30.510, 2840 MiB
2026/05/29 03:52:31.510, 2844 MiB
2026/05/29 03:52:32.511, 2844 MiB
2026/05/29 03:52:33.511, 2844 MiB
2026/05/29 03:52:34.512, 2844 MiB
2026/05/29 03:52:35.513, 2840 MiB
2026/05/29 03:52:36.513, 2844 MiB
2026/05/29 03:52:37.514, 2844 MiB
2026/05/29 03:52:38.514, 2844 MiB
2026/05/29 03:52:39.514, 2844 MiB
2026/05/29 03:52:40.515, 2840 MiB
2026/05/29 03:52:41.515, 2844 MiB
2026/05/29 03:52:42.515, 2844 MiB
2026/05/29 03:52:43.516, 2844 MiB
2026/05/29 03:52:44.516, 6504 MiB
2026/05/29 03:52:45.516, 9160 MiB
2026/05/29 03:52:46.516, 2864 MiB
2026/05/29 03:52:47.517, 2864 MiB
2026/05/29 03:52:48.517, 2864 MiB
2026/05/29 03:52:49.517, 2864 MiB
2026/05/29 03:52:50.518, 2860 MiB
2026/05/29 03:52:51.518, 2864 MiB
2026/05/29 03:52:52.518, 2864 MiB
2026/05/29 03:52:53.519, 2864 MiB
2026/05/29 03:52:54.519, 2864 MiB
2026/05/29 03:52:55.519, 2860 MiB
2026/05/29 03:52:56.520, 2864 MiB
2026/05/29 03:52:57.520, 2864 MiB
2026/05/29 03:52:58.520, 2864 MiB
2026/05/29 03:52:59.521, 2864 MiB
2026/05/29 03:53:00.521, 2860 MiB
2026/05/29 03:53:01.522, 2864 MiB
2026/05/29 03:53:02.523, 2864 MiB
2026/05/29 03:53:03.523, 2864 MiB
2026/05/29 03:53:04.523, 2864 MiB
2026/05/29 03:53:05.525, 2860 MiB
2026/05/29 03:53:06.526, 2860 MiB
2026/05/29 03:53:07.527, 2864 MiB
2026/05/29 03:53:08.528, 2864 MiB
2026/05/29 03:53:09.528, 2864 MiB
2026/05/29 03:53:10.529, 2860 MiB
2026/05/29 03:53:11.529, 2860 MiB
2026/05/29 03:53:12.529, 2864 MiB
2026/05/29 03:53:13.529, 2864 MiB
2026/05/29 03:53:14.530, 2864 MiB
2026/05/29 03:53:15.530, 2860 MiB
2026/05/29 03:53:16.530, 2860 MiB
2026/05/29 03:53:17.531, 2864 MiB
2026/05/29 03:53:18.531, 2864 MiB
2026/05/29 03:53:19.532, 2864 MiB
2026/05/29 03:53:20.532, 2860 MiB
2026/05/29 03:53:21.532, 2860 MiB
2026/05/29 03:53:22.534, 2864 MiB
2026/05/29 03:53:23.534, 2864 MiB
2026/05/29 03:53:24.534, 4124 MiB
2026/05/29 03:53:25.534, 6520 MiB
2026/05/29 03:53:26.535, 6520 MiB
2026/05/29 03:53:27.535, 6524 MiB
2026/05/29 03:53:28.535, 5004 MiB
2026/05/29 03:53:29.536, 2864 MiB
2026/05/29 03:53:30.536, 2860 MiB
2026/05/29 03:53:31.536, 2860 MiB
2026/05/29 03:53:32.537, 2864 MiB
2026/05/29 03:53:33.537, 2864 MiB
2026/05/29 03:53:34.537, 2864 MiB
2026/05/29 03:53:35.538, 2860 MiB
2026/05/29 03:53:36.538, 2860 MiB
2026/05/29 03:53:37.538, 2864 MiB
2026/05/29 03:53:38.539, 2864 MiB
2026/05/29 03:53:39.539, 2864 MiB
2026/05/29 03:53:40.539, 2860 MiB
2026/05/29 03:53:41.540, 2860 MiB
2026/05/29 03:53:42.540, 2864 MiB
2026/05/29 03:53:43.540, 2864 MiB
2026/05/29 03:53:44.541, 2864 MiB
2026/05/29 03:53:45.541, 2864 MiB
2026/05/29 03:53:46.543, 2860 MiB
2026/05/29 03:53:47.543, 2864 MiB
2026/05/29 03:53:48.543, 2864 MiB
2026/05/29 03:53:49.544, 2864 MiB
2026/05/29 03:53:50.544, 2864 MiB
2026/05/29 03:53:51.544, 2860 MiB
2026/05/29 03:53:52.545, 2864 MiB
2026/05/29 03:53:53.546, 2864 MiB
2026/05/29 03:53:54.547, 2864 MiB
2026/05/29 03:53:55.547, 2864 MiB
2026/05/29 03:53:56.548, 2860 MiB
2026/05/29 03:53:57.548, 2864 MiB
2026/05/29 03:53:58.548, 2864 MiB
2026/05/29 03:53:59.549, 2864 MiB
2026/05/29 03:54:00.549, 2864 MiB
2026/05/29 03:54:01.549, 2860 MiB
2026/05/29 03:54:02.559, 2864 MiB
2026/05/29 03:54:03.559, 2864 MiB
2026/05/29 03:54:04.560, 2864 MiB
2026/05/29 03:54:05.561, 2864 MiB
2026/05/29 03:54:06.562, 2860 MiB
2026/05/29 03:54:07.562, 6524 MiB
2026/05/29 03:54:08.563, 6524 MiB
2026/05/29 03:54:09.563, 6524 MiB
2026/05/29 03:54:10.563, 6524 MiB
2026/05/29 03:54:11.564, 2860 MiB
2026/05/29 03:54:12.564, 2864 MiB
2026/05/29 03:54:13.564, 2864 MiB
2026/05/29 03:54:14.565, 2864 MiB
2026/05/29 03:54:15.565, 2864 MiB
2026/05/29 03:54:16.565, 2860 MiB
2026/05/29 03:54:17.566, 2864 MiB
2026/05/29 03:54:18.566, 2864 MiB
2026/05/29 03:54:19.567, 2864 MiB
2026/05/29 03:54:20.567, 2864 MiB
2026/05/29 03:54:21.567, 2860 MiB
2026/05/29 03:54:22.568, 2860 MiB
2026/05/29 03:54:23.568, 2864 MiB
2026/05/29 03:54:24.568, 2864 MiB
2026/05/29 03:54:25.569, 2864 MiB
2026/05/29 03:54:26.569, 2860 MiB
2026/05/29 03:54:27.569, 2860 MiB
2026/05/29 03:54:28.570, 2864 MiB
2026/05/29 03:54:29.570, 2864 MiB
2026/05/29 03:54:30.571, 2864 MiB
2026/05/29 03:54:31.572, 2860 MiB
2026/05/29 03:54:32.573, 2860 MiB
2026/05/29 03:54:33.574, 2864 MiB
2026/05/29 03:54:34.574, 2864 MiB
2026/05/29 03:54:35.575, 2864 MiB
2026/05/29 03:54:36.576, 2860 MiB
2026/05/29 03:54:37.577, 2860 MiB
2026/05/29 03:54:38.578, 2864 MiB
2026/05/29 03:54:39.578, 2864 MiB
2026/05/29 03:54:40.578, 2864 MiB
2026/05/29 03:54:41.579, 2860 MiB
2026/05/29 03:54:42.579, 2860 MiB
2026/05/29 03:54:43.579, 2864 MiB
2026/05/29 03:54:44.581, 2864 MiB
2026/05/29 03:54:45.581, 2864 MiB
2026/05/29 03:54:46.581, 2860 MiB
2026/05/29 03:54:47.581, 2860 MiB
2026/05/29 03:54:48.582, 2864 MiB
2026/05/29 03:54:49.582, 3064 MiB
2026/05/29 03:54:50.583, 6524 MiB
2026/05/29 03:54:51.584, 6520 MiB
2026/05/29 03:54:52.584, 6520 MiB
2026/05/29 03:54:53.585, 9304 MiB
2026/05/29 03:54:54.585, 2864 MiB
2026/05/29 03:54:55.585, 2864 MiB
2026/05/29 03:54:56.586, 2860 MiB
2026/05/29 03:54:57.586, 2860 MiB
2026/05/29 03:54:58.586, 2864 MiB
2026/05/29 03:54:59.586, 2864 MiB
2026/05/29 03:55:00.587, 2864 MiB
2026/05/29 03:55:01.587, 2860 MiB
2026/05/29 03:55:02.587, 2860 MiB
2026/05/29 03:55:03.588, 2864 MiB
2026/05/29 03:55:04.588, 2864 MiB
2026/05/29 03:55:05.588, 2864 MiB
2026/05/29 03:55:06.589, 2860 MiB
2026/05/29 03:55:07.589, 2860 MiB
2026/05/29 03:55:08.589, 2864 MiB
2026/05/29 03:55:09.590, 2864 MiB
2026/05/29 03:55:10.590, 2864 MiB
2026/05/29 03:55:11.590, 2864 MiB
2026/05/29 03:55:12.591, 2860 MiB
2026/05/29 03:55:13.591, 2864 MiB
2026/05/29 03:55:14.591, 2864 MiB
2026/05/29 03:55:15.591, 2864 MiB
2026/05/29 03:55:16.592, 2864 MiB
2026/05/29 03:55:17.592, 2860 MiB
2026/05/29 03:55:18.592, 2857 MiB
2026/05/29 03:55:19.593, 2857 MiB
2026/05/29 03:55:20.593, 2869 MiB
2026/05/29 03:55:21.596, 2869 MiB
2026/05/29 03:55:22.597, 2869 MiB
2026/05/29 03:55:23.597, 2860 MiB
2026/05/29 03:55:24.597, 2860 MiB
2026/05/29 03:55:25.599, 2864 MiB
2026/05/29 03:55:26.599, 2864 MiB
2026/05/29 03:55:27.599, 2864 MiB
2026/05/29 03:55:28.601, 2860 MiB
2026/05/29 03:55:29.602, 2860 MiB
2026/05/29 03:55:30.602, 2864 MiB
2026/05/29 03:55:31.602, 2864 MiB
2026/05/29 03:55:32.603, 2864 MiB
2026/05/29 03:55:33.603, 2860 MiB
2026/05/29 03:55:34.604, 2860 MiB
2026/05/29 03:55:35.605, 2864 MiB
2026/05/29 03:55:36.605, 2864 MiB
2026/05/29 03:55:37.605, 2864 MiB
2026/05/29 03:55:38.606, 2864 MiB
2026/05/29 03:55:39.606, 2860 MiB
2026/05/29 03:55:40.606, 2864 MiB
2026/05/29 03:55:41.607, 2864 MiB
2026/05/29 03:55:42.608, 2884 MiB
2026/05/29 03:55:43.608, 6524 MiB
2026/05/29 03:55:44.609, 6520 MiB
2026/05/29 03:55:45.609, 6524 MiB
2026/05/29 03:55:46.610, 9064 MiB
2026/05/29 03:55:47.611, 2844 MiB
2026/05/29 03:55:48.612, 2844 MiB
2026/05/29 03:55:49.612, 2840 MiB
2026/05/29 03:55:50.612, 2844 MiB
2026/05/29 03:55:51.613, 2844 MiB
2026/05/29 03:55:52.613, 2844 MiB
2026/05/29 03:55:53.613, 2844 MiB
2026/05/29 03:55:54.614, 2840 MiB
2026/05/29 03:55:55.614, 2844 MiB
2026/05/29 03:55:56.614, 2844 MiB
2026/05/29 03:55:57.615, 2844 MiB
2026/05/29 03:55:58.615, 2844 MiB
2026/05/29 03:55:59.616, 2840 MiB
2026/05/29 03:56:00.616, 2844 MiB
2026/05/29 03:56:01.616, 2844 MiB
2026/05/29 03:56:02.617, 2844 MiB
2026/05/29 03:56:03.617, 2844 MiB
2026/05/29 03:56:04.617, 2840 MiB
2026/05/29 03:56:05.618, 2840 MiB
2026/05/29 03:56:06.618, 2844 MiB
2026/05/29 03:56:07.618, 2844 MiB
2026/05/29 03:56:08.619, 2844 MiB
2026/05/29 03:56:09.619, 2840 MiB
2026/05/29 03:56:10.619, 2840 MiB
2026/05/29 03:56:11.620, 2844 MiB
2026/05/29 03:56:12.621, 2844 MiB
2026/05/29 03:56:13.621, 2844 MiB
2026/05/29 03:56:14.621, 2840 MiB
2026/05/29 03:56:15.622, 2840 MiB
2026/05/29 03:56:16.622, 2844 MiB
2026/05/29 03:56:17.624, 2844 MiB
2026/05/29 03:56:18.624, 2844 MiB
2026/05/29 03:56:19.624, 2840 MiB
2026/05/29 03:56:20.625, 2840 MiB
2026/05/29 03:56:21.625, 2844 MiB
2026/05/29 03:56:22.625, 2844 MiB
2026/05/29 03:56:23.626, 2844 MiB
2026/05/29 03:56:24.627, 6500 MiB
2026/05/29 03:56:25.627, 6500 MiB
2026/05/29 03:56:26.627, 6504 MiB
2026/05/29 03:56:27.628, 6504 MiB
2026/05/29 03:56:28.628, 2864 MiB
2026/05/29 03:56:29.628, 2860 MiB
2026/05/29 03:56:30.629, 2860 MiB
2026/05/29 03:56:31.629, 2864 MiB
2026/05/29 03:56:32.647, 2864 MiB
2026/05/29 03:56:33.648, 2864 MiB
2026/05/29 03:56:34.648, 2860 MiB
2026/05/29 03:56:35.648, 2860 MiB
2026/05/29 03:56:36.649, 2864 MiB
2026/05/29 03:56:37.649, 2864 MiB
2026/05/29 03:56:38.649, 2864 MiB
2026/05/29 03:56:39.650, 2860 MiB
2026/05/29 03:56:40.650, 2860 MiB
2026/05/29 03:56:41.650, 2864 MiB
2026/05/29 03:56:42.651, 2864 MiB
2026/05/29 03:56:43.651, 2864 MiB
2026/05/29 03:56:44.651, 2860 MiB
2026/05/29 03:56:45.652, 2860 MiB
2026/05/29 03:56:46.652, 2857 MiB
2026/05/29 03:56:47.652, 2857 MiB
2026/05/29 03:56:48.653, 2857 MiB
2026/05/29 03:56:49.656, 2869 MiB
2026/05/29 03:56:50.656, 2869 MiB
2026/05/29 03:56:51.657, 2869 MiB
2026/05/29 03:56:52.658, 2860 MiB
2026/05/29 03:56:53.658, 2860 MiB
2026/05/29 03:56:54.679, 2864 MiB
2026/05/29 03:56:55.689, 2864 MiB
2026/05/29 03:56:56.690, 2864 MiB
2026/05/29 03:56:57.690, 2860 MiB
2026/05/29 03:56:58.690, 2860 MiB
2026/05/29 03:56:59.691, 2864 MiB
2026/05/29 03:57:00.691, 2864 MiB
2026/05/29 03:57:01.691, 2864 MiB
2026/05/29 03:57:02.692, 2860 MiB
2026/05/29 03:57:03.692, 2860 MiB
2026/05/29 03:57:04.692, 2857 MiB
2026/05/29 03:57:05.693, 2857 MiB
2026/05/29 03:57:06.693, 5557 MiB
2026/05/29 03:57:07.693, 6217 MiB
2026/05/29 03:57:08.694, 6217 MiB
2026/05/29 03:57:09.694, 6217 MiB
2026/05/29 03:57:10.694, 2869 MiB
2026/05/29 03:57:11.695, 2869 MiB
2026/05/29 03:57:12.695, 2869 MiB
2026/05/29 03:57:13.695, 2860 MiB
2026/05/29 03:57:14.696, 2860 MiB
2026/05/29 03:57:15.696, 2864 MiB
2026/05/29 03:57:16.696, 2864 MiB
2026/05/29 03:57:17.697, 2864 MiB
2026/05/29 03:57:18.697, 2860 MiB
2026/05/29 03:57:19.697, 2860 MiB
2026/05/29 03:57:20.698, 2864 MiB
2026/05/29 03:57:21.698, 2864 MiB
2026/05/29 03:57:22.698, 2864 MiB
2026/05/29 03:57:23.698, 2860 MiB
2026/05/29 03:57:24.699, 2860 MiB
2026/05/29 03:57:25.699, 2864 MiB
2026/05/29 03:57:26.700, 2864 MiB
2026/05/29 03:57:27.701, 2864 MiB
2026/05/29 03:57:28.702, 2860 MiB
2026/05/29 03:57:29.702, 2860 MiB
2026/05/29 03:57:30.703, 2864 MiB
2026/05/29 03:57:31.703, 2864 MiB
2026/05/29 03:57:32.703, 2864 MiB
2026/05/29 03:57:33.704, 2860 MiB
2026/05/29 03:57:34.704, 2858 MiB
2026/05/29 03:57:35.705, 2863 MiB
2026/05/29 03:57:36.705, 2862 MiB
2026/05/29 03:57:37.705, 2862 MiB
2026/05/29 03:57:38.706, 2862 MiB
2026/05/29 03:57:39.707, 2857 MiB
2026/05/29 03:57:40.708, 2862 MiB
2026/05/29 03:57:41.708, 2862 MiB
2026/05/29 03:57:42.708, 2862 MiB
2026/05/29 03:57:43.709, 2862 MiB
2026/05/29 03:57:44.709, 2857 MiB
2026/05/29 03:57:45.709, 2862 MiB
2026/05/29 03:57:46.711, 2862 MiB
2026/05/29 03:57:47.712, 2862 MiB
2026/05/29 03:57:48.712, 2862 MiB
2026/05/29 03:57:49.713, 6518 MiB
2026/05/29 03:57:50.713, 6522 MiB
2026/05/29 03:57:51.713, 6522 MiB
2026/05/29 03:57:52.714, 8022 MiB
2026/05/29 03:57:53.714, 2862 MiB
2026/05/29 03:57:54.714, 2857 MiB
2026/05/29 03:57:55.714, 2857 MiB
2026/05/29 03:57:56.715, 2862 MiB
2026/05/29 03:57:57.715, 2862 MiB
2026/05/29 03:57:58.716, 2862 MiB
2026/05/29 03:57:59.716, 2857 MiB
2026/05/29 03:58:00.720, 2857 MiB
2026/05/29 03:58:01.721, 2862 MiB
2026/05/29 03:58:02.721, 2862 MiB
2026/05/29 03:58:03.721, 2862 MiB
2026/05/29 03:58:04.722, 2857 MiB
2026/05/29 03:58:05.722, 2857 MiB
2026/05/29 03:58:06.722, 2862 MiB
2026/05/29 03:58:07.722, 2862 MiB
2026/05/29 03:58:08.723, 2862 MiB
2026/05/29 03:58:09.723, 2857 MiB
2026/05/29 03:58:10.724, 2857 MiB
2026/05/29 03:58:11.724, 2862 MiB
2026/05/29 03:58:12.724, 2862 MiB
2026/05/29 03:58:13.725, 2862 MiB
2026/05/29 03:58:14.725, 2857 MiB
2026/05/29 03:58:15.726, 2857 MiB
2026/05/29 03:58:16.726, 2862 MiB
2026/05/29 03:58:17.726, 2862 MiB
2026/05/29 03:58:18.727, 2862 MiB
2026/05/29 03:58:19.727, 2857 MiB
2026/05/29 03:58:20.727, 2857 MiB
2026/05/29 03:58:21.728, 2862 MiB
2026/05/29 03:58:22.728, 2862 MiB
2026/05/29 03:58:23.728, 2862 MiB
2026/05/29 03:58:24.729, 2857 MiB
2026/05/29 03:58:25.729, 2857 MiB
2026/05/29 03:58:26.729, 2862 MiB
2026/05/29 03:58:27.730, 2862 MiB
2026/05/29 03:58:28.730, 2862 MiB
2026/05/29 03:58:29.730, 2857 MiB
2026/05/29 03:58:30.731, 2857 MiB
2026/05/29 03:58:31.731, 6222 MiB
2026/05/29 03:58:32.731, 6222 MiB
2026/05/29 03:58:33.732, 6222 MiB
2026/05/29 03:58:34.732, 6217 MiB
2026/05/29 03:58:35.733, 2837 MiB
2026/05/29 03:58:36.733, 2842 MiB
2026/05/29 03:58:37.733, 2842 MiB
2026/05/29 03:58:38.734, 2842 MiB
2026/05/29 03:58:39.734, 2837 MiB
2026/05/29 03:58:40.735, 2837 MiB
2026/05/29 03:58:41.735, 2842 MiB
2026/05/29 03:58:42.735, 2842 MiB
2026/05/29 03:58:43.736, 2842 MiB
2026/05/29 03:58:44.736, 2837 MiB
2026/05/29 03:58:45.736, 2837 MiB
2026/05/29 03:58:46.737, 2842 MiB
2026/05/29 03:58:47.737, 2842 MiB
2026/05/29 03:58:48.741, 2842 MiB
2026/05/29 03:58:49.742, 2837 MiB
2026/05/29 03:58:50.743, 2837 MiB
2026/05/29 03:58:51.743, 2842 MiB
2026/05/29 03:58:52.743, 2842 MiB
2026/05/29 03:58:53.744, 2842 MiB
2026/05/29 03:58:54.744, 2837 MiB
2026/05/29 03:58:55.744, 2837 MiB
2026/05/29 03:58:56.745, 2842 MiB
2026/05/29 03:58:57.745, 2842 MiB
2026/05/29 03:58:58.745, 2842 MiB
2026/05/29 03:58:59.746, 2842 MiB
2026/05/29 03:59:00.746, 2837 MiB
2026/05/29 03:59:01.747, 2842 MiB
2026/05/29 03:59:02.748, 2842 MiB
2026/05/29 03:59:03.748, 2842 MiB
2026/05/29 03:59:04.749, 2842 MiB
2026/05/29 03:59:05.749, 2837 MiB
2026/05/29 03:59:06.750, 2842 MiB
2026/05/29 03:59:07.751, 2842 MiB
2026/05/29 03:59:08.751, 2842 MiB
2026/05/29 03:59:09.753, 2842 MiB
2026/05/29 03:59:10.753, 2837 MiB
2026/05/29 03:59:11.754, 2837 MiB
2026/05/29 03:59:12.755, 2842 MiB
2026/05/29 03:59:13.755, 2842 MiB
2026/05/29 03:59:14.756, 6502 MiB
2026/05/29 03:59:15.756, 6497 MiB
2026/05/29 03:59:16.756, 2837 MiB
2026/05/29 03:59:17.757, 2842 MiB
2026/05/29 03:59:18.757, 2842 MiB
2026/05/29 03:59:19.757, 2842 MiB
2026/05/29 03:59:20.758, 2837 MiB
2026/05/29 03:59:21.758, 2837 MiB
2026/05/29 03:59:22.758, 2842 MiB
2026/05/29 03:59:23.759, 2842 MiB
2026/05/29 03:59:24.759, 2842 MiB
2026/05/29 03:59:25.759, 2837 MiB
2026/05/29 03:59:26.760, 2837 MiB
2026/05/29 03:59:27.760, 2842 MiB
2026/05/29 03:59:28.761, 2842 MiB
2026/05/29 03:59:29.761, 2842 MiB
2026/05/29 03:59:30.761, 2837 MiB
2026/05/29 03:59:31.762, 2837 MiB
2026/05/29 03:59:32.762, 2842 MiB
2026/05/29 03:59:33.762, 2842 MiB
2026/05/29 03:59:34.763, 2842 MiB
2026/05/29 03:59:35.763, 2837 MiB
2026/05/29 03:59:36.763, 2837 MiB
2026/05/29 03:59:37.764, 2842 MiB
2026/05/29 03:59:38.764, 2842 MiB
2026/05/29 03:59:39.764, 2842 MiB
2026/05/29 03:59:40.765, 2837 MiB
2026/05/29 03:59:41.765, 2837 MiB
2026/05/29 03:59:42.766, 2842 MiB
2026/05/29 03:59:43.767, 2842 MiB
2026/05/29 03:59:44.767, 2842 MiB
2026/05/29 03:59:45.767, 2837 MiB
2026/05/29 03:59:46.768, 2837 MiB
2026/05/29 03:59:47.768, 2842 MiB
2026/05/29 03:59:48.768, 2842 MiB
2026/05/29 03:59:49.770, 2842 MiB
2026/05/29 03:59:50.770, 2837 MiB
2026/05/29 03:59:51.770, 2837 MiB
2026/05/29 03:59:52.770, 2842 MiB
2026/05/29 03:59:53.778, 2842 MiB
2026/05/29 03:59:54.779, 2842 MiB
2026/05/29 03:59:55.779, 6498 MiB
2026/05/29 03:59:56.779, 6498 MiB
2026/05/29 03:59:57.780, 6502 MiB
2026/05/29 03:59:58.780, 6502 MiB
2026/05/29 03:59:59.780, 2842 MiB
2026/05/29 04:00:00.781, 2837 MiB
2026/05/29 04:00:01.781, 2837 MiB
2026/05/29 04:00:02.781, 2842 MiB
2026/05/29 04:00:03.782, 2842 MiB
2026/05/29 04:00:04.782, 2842 MiB
2026/05/29 04:00:05.782, 2837 MiB
2026/05/29 04:00:06.783, 2837 MiB
2026/05/29 04:00:07.783, 2842 MiB
2026/05/29 04:00:08.783, 2842 MiB
2026/05/29 04:00:09.784, 2842 MiB
2026/05/29 04:00:10.784, 2837 MiB
2026/05/29 04:00:11.784, 2837 MiB
2026/05/29 04:00:12.785, 2842 MiB
2026/05/29 04:00:13.785, 2842 MiB
2026/05/29 04:00:14.785, 2842 MiB
2026/05/29 04:00:15.786, 2842 MiB
2026/05/29 04:00:16.786, 2837 MiB
2026/05/29 04:00:17.786, 2842 MiB
2026/05/29 04:00:18.787, 2842 MiB
2026/05/29 04:00:19.787, 2842 MiB
2026/05/29 04:00:20.788, 2842 MiB
2026/05/29 04:00:21.789, 2837 MiB
2026/05/29 04:00:22.789, 2842 MiB
2026/05/29 04:00:23.789, 2842 MiB
2026/05/29 04:00:24.790, 2842 MiB
2026/05/29 04:00:25.791, 2842 MiB
2026/05/29 04:00:26.791, 2837 MiB
2026/05/29 04:00:27.792, 2837 MiB
2026/05/29 04:00:28.792, 2842 MiB
2026/05/29 04:00:29.792, 2842 MiB
2026/05/29 04:00:30.793, 2842 MiB
2026/05/29 04:00:31.793, 2837 MiB
2026/05/29 04:00:32.793, 2837 MiB
2026/05/29 04:00:33.794, 2842 MiB
2026/05/29 04:00:34.794, 2842 MiB
2026/05/29 04:00:35.795, 2842 MiB
2026/05/29 04:00:36.795, 2837 MiB
2026/05/29 04:00:37.796, 2837 MiB
2026/05/29 04:00:38.797, 6502 MiB
2026/05/29 04:00:39.797, 8862 MiB
2026/05/29 04:00:40.797, 2842 MiB
2026/05/29 04:00:41.798, 2837 MiB
2026/05/29 04:00:42.798, 2837 MiB
2026/05/29 04:00:43.798, 2842 MiB
2026/05/29 04:00:44.799, 2842 MiB
2026/05/29 04:00:45.799, 2843 MiB
2026/05/29 04:00:46.799, 2843 MiB
2026/05/29 04:00:47.800, 2838 MiB
2026/05/29 04:00:48.800, 2843 MiB
2026/05/29 04:00:49.800, 2843 MiB
2026/05/29 04:00:50.801, 2842 MiB
2026/05/29 04:00:51.801, 2838 MiB
2026/05/29 04:00:52.801, 2838 MiB
2026/05/29 04:00:53.801, 2842 MiB
2026/05/29 04:00:54.802, 2842 MiB
2026/05/29 04:00:55.802, 2842 MiB
2026/05/29 04:00:56.803, 2837 MiB
2026/05/29 04:00:57.803, 2837 MiB
2026/05/29 04:00:58.803, 2842 MiB
2026/05/29 04:00:59.804, 2842 MiB
2026/05/29 04:01:00.805, 2842 MiB
2026/05/29 04:01:01.805, 2837 MiB
2026/05/29 04:01:02.806, 2837 MiB
2026/05/29 04:01:03.807, 2841 MiB
2026/05/29 04:01:04.807, 2841 MiB
2026/05/29 04:01:05.807, 2841 MiB
2026/05/29 04:01:06.808, 2837 MiB
2026/05/29 04:01:07.808, 2837 MiB
2026/05/29 04:01:08.808, 2837 MiB
2026/05/29 04:01:09.809, 2834 MiB
2026/05/29 04:01:10.810, 2845 MiB
2026/05/29 04:01:11.811, 2845 MiB
2026/05/29 04:01:12.812, 2845 MiB
2026/05/29 04:01:13.812, 2837 MiB
2026/05/29 04:01:14.813, 2837 MiB
2026/05/29 04:01:15.813, 2841 MiB
2026/05/29 04:01:16.813, 2841 MiB
2026/05/29 04:01:17.814, 2841 MiB
2026/05/29 04:01:18.814, 3041 MiB
2026/05/29 04:01:19.814, 6497 MiB
2026/05/29 04:01:20.815, 6494 MiB
2026/05/29 04:01:21.815, 6494 MiB
2026/05/29 04:01:22.815, 6505 MiB
2026/05/29 04:01:23.816, 2845 MiB
2026/05/29 04:01:24.816, 2845 MiB
2026/05/29 04:01:25.816, 2841 MiB
2026/05/29 04:01:26.817, 2837 MiB
2026/05/29 04:01:27.817, 2841 MiB
2026/05/29 04:01:28.817, 2841 MiB
2026/05/29 04:01:29.818, 2841 MiB
2026/05/29 04:01:30.818, 2841 MiB
2026/05/29 04:01:31.818, 2837 MiB
2026/05/29 04:01:32.819, 2841 MiB
2026/05/29 04:01:33.819, 2841 MiB
2026/05/29 04:01:34.820, 2841 MiB
2026/05/29 04:01:35.820, 2841 MiB
2026/05/29 04:01:36.820, 2837 MiB
2026/05/29 04:01:37.821, 2841 MiB
2026/05/29 04:01:38.822, 2841 MiB
2026/05/29 04:01:39.822, 2841 MiB
2026/05/29 04:01:40.823, 2841 MiB
2026/05/29 04:01:41.823, 2837 MiB
2026/05/29 04:01:42.823, 2841 MiB
2026/05/29 04:01:43.824, 2841 MiB
2026/05/29 04:01:44.825, 2841 MiB
2026/05/29 04:01:45.825, 2841 MiB
2026/05/29 04:01:46.826, 2837 MiB
2026/05/29 04:01:47.826, 2841 MiB
2026/05/29 04:01:48.826, 2841 MiB
2026/05/29 04:01:49.827, 2841 MiB
2026/05/29 04:01:50.827, 2841 MiB
2026/05/29 04:01:51.827, 2837 MiB
2026/05/29 04:01:52.828, 2841 MiB
2026/05/29 04:01:53.829, 2841 MiB
2026/05/29 04:01:54.830, 2841 MiB
2026/05/29 04:01:55.830, 2841 MiB
2026/05/29 04:01:56.832, 2837 MiB
2026/05/29 04:01:57.832, 2841 MiB
2026/05/29 04:01:58.832, 2841 MiB
2026/05/29 04:01:59.833, 2841 MiB
2026/05/29 04:02:00.833, 2841 MiB
2026/05/29 04:02:01.833, 3037 MiB
2026/05/29 04:02:02.833, 6497 MiB
2026/05/29 04:02:03.834, 6494 MiB
2026/05/29 04:02:04.834, 6494 MiB
2026/05/29 04:02:05.834, 8914 MiB
2026/05/29 04:02:06.835, 2834 MiB
2026/05/29 04:02:07.835, 2834 MiB
2026/05/29 04:02:08.835, 2845 MiB
2026/05/29 04:02:09.836, 2845 MiB
2026/05/29 04:02:10.836, 2845 MiB
2026/05/29 04:02:11.836, 2841 MiB
2026/05/29 04:02:12.837, 2837 MiB
2026/05/29 04:02:13.837, 2834 MiB
2026/05/29 04:02:14.837, 2834 MiB
2026/05/29 04:02:15.838, 2845 MiB
2026/05/29 04:02:16.838, 2845 MiB
2026/05/29 04:02:17.838, 2845 MiB
2026/05/29 04:02:18.839, 2841 MiB
2026/05/29 04:02:19.839, 2837 MiB
2026/05/29 04:02:20.839, 2841 MiB
2026/05/29 04:02:21.840, 2841 MiB
2026/05/29 04:02:22.840, 2841 MiB
2026/05/29 04:02:23.841, 2841 MiB
2026/05/29 04:02:24.841, 2837 MiB
2026/05/29 04:02:25.842, 2834 MiB
2026/05/29 04:02:26.842, 2834 MiB
2026/05/29 04:02:27.842, 2834 MiB
2026/05/29 04:02:28.843, 2845 MiB
2026/05/29 04:02:29.844, 2845 MiB
2026/05/29 04:02:30.844, 2845 MiB
2026/05/29 04:02:31.844, 2841 MiB
2026/05/29 04:02:32.845, 2837 MiB
2026/05/29 04:02:33.845, 2834 MiB
2026/05/29 04:02:34.845, 2845 MiB
2026/05/29 04:02:35.846, 2845 MiB
2026/05/29 04:02:36.846, 2845 MiB
2026/05/29 04:02:37.846, 2837 MiB
2026/05/29 04:02:38.847, 2837 MiB
2026/05/29 04:02:39.847, 2834 MiB
2026/05/29 04:02:40.847, 2834 MiB
2026/05/29 04:02:41.848, 2845 MiB
2026/05/29 04:02:42.849, 2845 MiB
2026/05/29 04:02:43.849, 2845 MiB
2026/05/29 04:02:44.849, 2837 MiB
2026/05/29 04:02:45.850, 2837 MiB
2026/05/29 04:02:46.850, 2854 MiB
2026/05/29 04:02:47.850, 6494 MiB
2026/05/29 04:02:48.851, 6494 MiB
2026/05/29 04:02:49.851, 6506 MiB
2026/05/29 04:02:50.851, 8986 MiB
2026/05/29 04:02:51.852, 2866 MiB
2026/05/29 04:02:52.852, 2857 MiB
2026/05/29 04:02:53.852, 2857 MiB
2026/05/29 04:02:54.853, 2861 MiB
2026/05/29 04:02:55.853, 2861 MiB
2026/05/29 04:02:56.853, 2861 MiB
2026/05/29 04:02:57.854, 2861 MiB
2026/05/29 04:02:58.854, 2857 MiB
2026/05/29 04:02:59.854, 2861 MiB
2026/05/29 04:03:00.855, 2861 MiB
2026/05/29 04:03:01.855, 2861 MiB
2026/05/29 04:03:02.855, 2861 MiB
2026/05/29 04:03:03.856, 2857 MiB
2026/05/29 04:03:04.856, 2854 MiB
2026/05/29 04:03:05.856, 2854 MiB
2026/05/29 04:03:06.857, 2854 MiB
2026/05/29 04:03:07.857, 2854 MiB
2026/05/29 04:03:08.858, 2854 MiB
2026/05/29 04:03:09.858, 2854 MiB
2026/05/29 04:03:10.858, 2865 MiB
2026/05/29 04:03:11.859, 2865 MiB
2026/05/29 04:03:12.859, 2865 MiB
2026/05/29 04:03:13.859, 2857 MiB
2026/05/29 04:03:14.860, 2857 MiB
2026/05/29 04:03:15.861, 2861 MiB
2026/05/29 04:03:16.861, 2861 MiB
2026/05/29 04:03:17.861, 2861 MiB
2026/05/29 04:03:18.862, 2861 MiB
2026/05/29 04:03:19.862, 2857 MiB
2026/05/29 04:03:20.862, 2861 MiB
2026/05/29 04:03:21.863, 2861 MiB
2026/05/29 04:03:22.864, 2861 MiB
2026/05/29 04:03:23.865, 2861 MiB
2026/05/29 04:03:24.865, 2857 MiB
2026/05/29 04:03:25.865, 2861 MiB
2026/05/29 04:03:26.866, 2861 MiB
2026/05/29 04:03:27.867, 2861 MiB
2026/05/29 04:03:28.867, 2861 MiB
2026/05/29 04:03:29.867, 6517 MiB
2026/05/29 04:03:30.868, 6514 MiB
2026/05/29 04:03:31.868, 6514 MiB
2026/05/29 04:03:32.868, 5306 MiB
2026/05/29 04:03:33.869, 2866 MiB
2026/05/29 04:03:34.869, 2866 MiB
2026/05/29 04:03:35.870, 2857 MiB
2026/05/29 04:03:36.870, 2857 MiB
2026/05/29 04:03:37.870, 2861 MiB
2026/05/29 04:03:38.871, 2861 MiB
2026/05/29 04:03:39.871, 2861 MiB
2026/05/29 04:03:40.871, 2857 MiB
2026/05/29 04:03:41.872, 2857 MiB
2026/05/29 04:03:42.872, 2861 MiB
2026/05/29 04:03:43.873, 2861 MiB
2026/05/29 04:03:44.873, 2861 MiB
2026/05/29 04:03:45.873, 2861 MiB
2026/05/29 04:03:46.873, 2857 MiB
2026/05/29 04:03:47.874, 2861 MiB
2026/05/29 04:03:48.874, 2861 MiB
2026/05/29 04:03:49.875, 2861 MiB
2026/05/29 04:03:50.875, 2861 MiB
2026/05/29 04:03:51.875, 2857 MiB
2026/05/29 04:03:52.876, 2854 MiB
2026/05/29 04:03:53.876, 2865 MiB
2026/05/29 04:03:54.876, 2865 MiB
2026/05/29 04:03:55.877, 2865 MiB
2026/05/29 04:03:56.877, 2857 MiB
2026/05/29 04:03:57.877, 2857 MiB
2026/05/29 04:03:58.877, 2861 MiB
2026/05/29 04:03:59.878, 2861 MiB
2026/05/29 04:04:00.878, 2861 MiB
2026/05/29 04:04:01.878, 2861 MiB
2026/05/29 04:04:02.879, 2857 MiB
2026/05/29 04:04:03.879, 2854 MiB
2026/05/29 04:04:04.879, 2854 MiB
2026/05/29 04:04:05.880, 2865 MiB
2026/05/29 04:04:06.881, 2865 MiB
2026/05/29 04:04:07.881, 2865 MiB
2026/05/29 04:04:08.882, 2857 MiB
2026/05/29 04:04:09.882, 2857 MiB
2026/05/29 04:04:10.882, 2854 MiB
2026/05/29 04:04:11.883, 6066 MiB
2026/05/29 04:04:12.883, 6526 MiB
2026/05/29 04:04:13.884, 6306 MiB
2026/05/29 04:04:14.884, 2837 MiB
2026/05/29 04:04:15.884, 2837 MiB
2026/05/29 04:04:16.885, 2841 MiB
2026/05/29 04:04:17.885, 2841 MiB
2026/05/29 04:04:18.885, 2841 MiB
2026/05/29 04:04:19.886, 2841 MiB
2026/05/29 04:04:20.886, 2837 MiB
2026/05/29 04:04:21.886, 2834 MiB
2026/05/29 04:04:22.887, 2834 MiB
2026/05/29 04:04:23.887, 2834 MiB
2026/05/29 04:04:24.887, 2834 MiB
2026/05/29 04:04:25.888, 2834 MiB
2026/05/29 04:04:26.888, 2834 MiB
2026/05/29 04:04:27.888, 2845 MiB
2026/05/29 04:04:28.889, 2845 MiB
2026/05/29 04:04:29.890, 2845 MiB
2026/05/29 04:04:30.890, 2837 MiB
2026/05/29 04:04:31.890, 2837 MiB
2026/05/29 04:04:32.891, 2834 MiB
2026/05/29 04:04:33.892, 2845 MiB
2026/05/29 04:04:34.893, 2845 MiB
2026/05/29 04:04:35.894, 2845 MiB
2026/05/29 04:04:36.894, 2837 MiB
2026/05/29 04:04:37.894, 2837 MiB
2026/05/29 04:04:38.895, 2834 MiB
2026/05/29 04:04:39.895, 2845 MiB
2026/05/29 04:04:40.895, 2845 MiB
2026/05/29 04:04:41.896, 2845 MiB
2026/05/29 04:04:42.896, 2837 MiB
2026/05/29 04:04:43.896, 2837 MiB
2026/05/29 04:04:44.897, 2841 MiB
2026/05/29 04:04:45.898, 2841 MiB
2026/05/29 04:04:46.899, 2841 MiB
2026/05/29 04:04:47.899, 2837 MiB
2026/05/29 04:04:48.899, 2837 MiB
2026/05/29 04:04:49.900, 2841 MiB
2026/05/29 04:04:50.900, 2841 MiB
2026/05/29 04:04:51.904, 2841 MiB
2026/05/29 04:04:52.904, 6501 MiB
2026/05/29 04:04:53.904, 6497 MiB
2026/05/29 04:04:54.905, 6501 MiB
2026/05/29 04:04:55.905, 2861 MiB
2026/05/29 04:04:56.906, 2861 MiB
2026/05/29 04:04:57.906, 2861 MiB
2026/05/29 04:04:58.906, 2857 MiB
2026/05/29 04:04:59.907, 2861 MiB
2026/05/29 04:05:00.907, 2861 MiB
2026/05/29 04:05:01.907, 2861 MiB
2026/05/29 04:05:02.907, 2861 MiB
2026/05/29 04:05:03.908, 2857 MiB
2026/05/29 04:05:04.908, 2861 MiB
2026/05/29 04:05:05.908, 2861 MiB
2026/05/29 04:05:06.909, 2861 MiB
2026/05/29 04:05:07.909, 2861 MiB
2026/05/29 04:05:08.909, 2857 MiB
2026/05/29 04:05:09.910, 2857 MiB
2026/05/29 04:05:10.910, 2854 MiB
2026/05/29 04:05:11.910, 2854 MiB
2026/05/29 04:05:12.911, 2865 MiB
2026/05/29 04:05:13.911, 2865 MiB
2026/05/29 04:05:14.911, 2865 MiB
2026/05/29 04:05:15.912, 2857 MiB
2026/05/29 04:05:16.912, 2857 MiB
2026/05/29 04:05:17.913, 2854 MiB
2026/05/29 04:05:18.913, 2854 MiB
2026/05/29 04:05:19.914, 2865 MiB
2026/05/29 04:05:20.915, 2865 MiB
2026/05/29 04:05:21.915, 2865 MiB
2026/05/29 04:05:22.915, 2857 MiB
2026/05/29 04:05:23.916, 2857 MiB
2026/05/29 04:05:24.917, 2861 MiB
2026/05/29 04:05:25.917, 2861 MiB
2026/05/29 04:05:26.917, 2861 MiB
2026/05/29 04:05:27.918, 2857 MiB
2026/05/29 04:05:28.918, 2857 MiB
2026/05/29 04:05:29.918, 2861 MiB
2026/05/29 04:05:30.919, 2861 MiB
2026/05/29 04:05:31.919, 2861 MiB
2026/05/29 04:05:32.919, 2857 MiB
2026/05/29 04:05:33.920, 2857 MiB
2026/05/29 04:05:34.920, 6521 MiB
2026/05/29 04:05:35.921, 6521 MiB
2026/05/29 04:05:36.921, 6521 MiB
2026/05/29 04:05:37.921, 9061 MiB
2026/05/29 04:05:38.922, 2857 MiB
2026/05/29 04:05:39.922, 2861 MiB
2026/05/29 04:05:40.923, 2861 MiB
2026/05/29 04:05:41.923, 2861 MiB
2026/05/29 04:05:42.923, 2861 MiB
2026/05/29 04:05:43.924, 2857 MiB
2026/05/29 04:05:44.924, 2861 MiB
2026/05/29 04:05:45.924, 2861 MiB
2026/05/29 04:05:46.925, 2861 MiB
2026/05/29 04:05:47.925, 2861 MiB
2026/05/29 04:05:48.925, 2857 MiB
2026/05/29 04:05:49.926, 2861 MiB
2026/05/29 04:05:50.926, 2861 MiB
2026/05/29 04:05:51.926, 2861 MiB
2026/05/29 04:05:52.927, 2861 MiB
2026/05/29 04:05:53.927, 2857 MiB
2026/05/29 04:05:54.928, 2861 MiB
2026/05/29 04:05:55.928, 2861 MiB
2026/05/29 04:05:56.928, 2861 MiB
2026/05/29 04:05:57.929, 2861 MiB
2026/05/29 04:05:58.929, 2857 MiB
2026/05/29 04:05:59.929, 2861 MiB
2026/05/29 04:06:00.930, 2861 MiB
2026/05/29 04:06:01.930, 2861 MiB
2026/05/29 04:06:02.930, 2861 MiB
2026/05/29 04:06:03.931, 2857 MiB
2026/05/29 04:06:04.931, 2857 MiB
2026/05/29 04:06:05.931, 2861 MiB
2026/05/29 04:06:06.933, 2861 MiB
2026/05/29 04:06:07.933, 2861 MiB
2026/05/29 04:06:08.933, 2857 MiB
2026/05/29 04:06:09.934, 2857 MiB
2026/05/29 04:06:10.934, 2861 MiB
2026/05/29 04:06:11.935, 2861 MiB
2026/05/29 04:06:12.936, 2861 MiB
2026/05/29 04:06:13.936, 2857 MiB
2026/05/29 04:06:14.936, 2857 MiB
2026/05/29 04:06:15.938, 2861 MiB
2026/05/29 04:06:16.938, 6521 MiB
2026/05/29 04:06:17.938, 6521 MiB
2026/05/29 04:06:18.939, 6517 MiB
2026/05/29 04:06:19.939, 6517 MiB
2026/05/29 04:06:20.939, 2881 MiB
2026/05/29 04:06:21.940, 2881 MiB
2026/05/29 04:06:22.940, 2881 MiB
2026/05/29 04:06:23.940, 2877 MiB
2026/05/29 04:06:24.941, 2877 MiB
2026/05/29 04:06:25.941, 2881 MiB
2026/05/29 04:06:26.941, 2881 MiB
2026/05/29 04:06:27.942, 2881 MiB
2026/05/29 04:06:28.942, 2877 MiB
2026/05/29 04:06:29.942, 2877 MiB
2026/05/29 04:06:30.943, 2881 MiB
2026/05/29 04:06:31.943, 2881 MiB
2026/05/29 04:06:32.943, 2881 MiB
2026/05/29 04:06:33.944, 2877 MiB
2026/05/29 04:06:34.944, 2877 MiB
2026/05/29 04:06:35.945, 2881 MiB
2026/05/29 04:06:36.945, 2881 MiB
2026/05/29 04:06:37.945, 2881 MiB
2026/05/29 04:06:38.946, 2877 MiB
2026/05/29 04:06:39.946, 2877 MiB
2026/05/29 04:06:40.947, 2881 MiB
2026/05/29 04:06:41.947, 2881 MiB
2026/05/29 04:06:42.947, 2881 MiB
2026/05/29 04:06:43.948, 2877 MiB
2026/05/29 04:06:44.948, 2877 MiB
2026/05/29 04:06:45.948, 2881 MiB
2026/05/29 04:06:46.949, 2881 MiB
2026/05/29 04:06:47.949, 2881 MiB
2026/05/29 04:06:48.949, 2877 MiB
2026/05/29 04:06:49.950, 2877 MiB
2026/05/29 04:06:50.951, 2881 MiB
2026/05/29 04:06:51.951, 2881 MiB
2026/05/29 04:06:52.952, 2881 MiB
2026/05/29 04:06:53.952, 2881 MiB
2026/05/29 04:06:54.952, 2877 MiB
2026/05/29 04:06:55.953, 2881 MiB
2026/05/29 04:06:56.953, 2881 MiB
2026/05/29 04:06:57.954, 2881 MiB
2026/05/29 04:06:58.954, 2881 MiB
2026/05/29 04:06:59.955, 6537 MiB
2026/05/29 04:07:00.955, 6541 MiB
2026/05/29 04:07:01.956, 6541 MiB
2026/05/29 04:07:02.956, 8461 MiB
2026/05/29 04:07:03.956, 2841 MiB
2026/05/29 04:07:04.957, 2837 MiB
2026/05/29 04:07:05.957, 2841 MiB
2026/05/29 04:07:06.957, 2841 MiB
2026/05/29 04:07:07.958, 2841 MiB
2026/05/29 04:07:08.958, 2841 MiB
2026/05/29 04:07:09.959, 2837 MiB
2026/05/29 04:07:10.959, 2841 MiB
2026/05/29 04:07:11.959, 2841 MiB
2026/05/29 04:07:12.960, 2841 MiB
2026/05/29 04:07:13.960, 2841 MiB
2026/05/29 04:07:14.960, 2837 MiB
2026/05/29 04:07:15.960, 2841 MiB
2026/05/29 04:07:16.961, 2841 MiB
2026/05/29 04:07:17.962, 2841 MiB
2026/05/29 04:07:18.962, 2841 MiB
2026/05/29 04:07:19.962, 2837 MiB
2026/05/29 04:07:20.963, 2837 MiB
2026/05/29 04:07:21.963, 2841 MiB
2026/05/29 04:07:22.963, 2841 MiB
2026/05/29 04:07:23.964, 2841 MiB
2026/05/29 04:07:24.965, 2837 MiB
2026/05/29 04:07:25.965, 2837 MiB
2026/05/29 04:07:26.966, 2841 MiB
2026/05/29 04:07:27.966, 2841 MiB
2026/05/29 04:07:28.966, 2841 MiB
2026/05/29 04:07:29.967, 2837 MiB
2026/05/29 04:07:30.967, 2837 MiB
2026/05/29 04:07:31.967, 2841 MiB
2026/05/29 04:07:32.968, 2841 MiB
2026/05/29 04:07:33.968, 2841 MiB
2026/05/29 04:07:34.968, 2837 MiB
2026/05/29 04:07:35.969, 2837 MiB
2026/05/29 04:07:36.969, 2841 MiB
2026/05/29 04:07:37.969, 2841 MiB
2026/05/29 04:07:38.970, 2841 MiB
2026/05/29 04:07:39.970, 2837 MiB
2026/05/29 04:07:40.971, 2837 MiB
2026/05/29 04:07:41.971, 6501 MiB
2026/05/29 04:07:42.971, 6501 MiB
2026/05/29 04:07:43.971, 6501 MiB
2026/05/29 04:07:44.972, 6497 MiB
2026/05/29 04:07:45.972, 2837 MiB
2026/05/29 04:07:46.972, 2841 MiB
2026/05/29 04:07:47.973, 2841 MiB
2026/05/29 04:07:48.973, 2841 MiB
2026/05/29 04:07:49.974, 2837 MiB
2026/05/29 04:07:50.974, 2837 MiB
2026/05/29 04:07:51.974, 2834 MiB
2026/05/29 04:07:52.974, 2834 MiB
2026/05/29 04:07:53.975, 2834 MiB
2026/05/29 04:07:54.975, 2834 MiB
2026/05/29 04:07:55.976, 2834 MiB
2026/05/29 04:07:56.976, 2834 MiB
2026/05/29 04:07:57.976, 2834 MiB
2026/05/29 04:07:58.976, 2834 MiB
2026/05/29 04:07:59.977, 2845 MiB
2026/05/29 04:08:00.977, 2845 MiB
2026/05/29 04:08:01.978, 2845 MiB
2026/05/29 04:08:02.978, 2837 MiB
2026/05/29 04:08:03.979, 2837 MiB
2026/05/29 04:08:04.979, 2841 MiB
2026/05/29 04:08:05.979, 2841 MiB
2026/05/29 04:08:06.980, 2841 MiB
2026/05/29 04:08:07.980, 2837 MiB
2026/05/29 04:08:08.981, 2837 MiB
2026/05/29 04:08:09.981, 2841 MiB
2026/05/29 04:08:10.982, 2841 MiB
2026/05/29 04:08:11.982, 2841 MiB
2026/05/29 04:08:12.983, 2837 MiB
2026/05/29 04:08:13.984, 2837 MiB
2026/05/29 04:08:14.984, 2841 MiB
2026/05/29 04:08:15.984, 2841 MiB
2026/05/29 04:08:16.985, 2841 MiB
2026/05/29 04:08:17.985, 2837 MiB
2026/05/29 04:08:18.986, 2837 MiB
2026/05/29 04:08:19.987, 2841 MiB
2026/05/29 04:08:20.987, 2841 MiB
2026/05/29 04:08:21.987, 2841 MiB
2026/05/29 04:08:22.988, 2837 MiB
2026/05/29 04:08:23.988, 2837 MiB
2026/05/29 04:08:24.988, 6501 MiB
2026/05/29 04:08:25.989, 6501 MiB
2026/05/29 04:08:26.990, 6501 MiB
2026/05/29 04:08:27.990, 9277 MiB
2026/05/29 04:08:28.990, 2877 MiB
2026/05/29 04:08:29.991, 2881 MiB
2026/05/29 04:08:30.991, 2881 MiB
2026/05/29 04:08:31.991, 2881 MiB
2026/05/29 04:08:32.992, 2881 MiB
2026/05/29 04:08:33.992, 2877 MiB
2026/05/29 04:08:34.992, 2881 MiB
2026/05/29 04:08:35.993, 2881 MiB
2026/05/29 04:08:36.993, 2881 MiB
2026/05/29 04:08:37.993, 2881 MiB
2026/05/29 04:08:38.994, 2877 MiB
2026/05/29 04:08:39.994, 2881 MiB
2026/05/29 04:08:40.995, 2881 MiB
2026/05/29 04:08:41.995, 2881 MiB
2026/05/29 04:08:42.996, 2881 MiB
2026/05/29 04:08:43.997, 2877 MiB
2026/05/29 04:08:44.997, 2881 MiB
2026/05/29 04:08:45.998, 2881 MiB
2026/05/29 04:08:46.998, 2881 MiB
2026/05/29 04:08:47.998, 2881 MiB
2026/05/29 04:08:48.999, 2877 MiB
2026/05/29 04:08:49.999, 2877 MiB
2026/05/29 04:08:51.000, 2881 MiB
2026/05/29 04:08:52.000, 2881 MiB
2026/05/29 04:08:53.001, 2881 MiB
2026/05/29 04:08:54.001, 2877 MiB
2026/05/29 04:08:55.001, 2877 MiB
2026/05/29 04:08:56.002, 2881 MiB
2026/05/29 04:08:57.002, 2881 MiB
2026/05/29 04:08:58.002, 2881 MiB
2026/05/29 04:08:59.003, 2877 MiB
2026/05/29 04:09:00.004, 2877 MiB
2026/05/29 04:09:01.004, 2881 MiB
2026/05/29 04:09:02.005, 2881 MiB
2026/05/29 04:09:03.005, 2881 MiB
2026/05/29 04:09:04.005, 2877 MiB
2026/05/29 04:09:05.006, 2877 MiB
2026/05/29 04:09:06.006, 2881 MiB
2026/05/29 04:09:07.006, 2881 MiB
2026/05/29 04:09:08.007, 6541 MiB
2026/05/29 04:09:09.007, 6537 MiB
2026/05/29 04:09:10.008, 6537 MiB
2026/05/29 04:09:11.008, 9241 MiB
2026/05/29 04:09:12.009, 2861 MiB
2026/05/29 04:09:13.009, 2861 MiB
2026/05/29 04:09:14.009, 2857 MiB
2026/05/29 04:09:15.010, 2857 MiB
2026/05/29 04:09:16.010, 2861 MiB
2026/05/29 04:09:17.010, 2861 MiB
2026/05/29 04:09:18.011, 2861 MiB
2026/05/29 04:09:19.011, 2857 MiB
2026/05/29 04:09:20.012, 2857 MiB
2026/05/29 04:09:21.012, 2861 MiB
2026/05/29 04:09:22.012, 2861 MiB
2026/05/29 04:09:23.012, 2861 MiB
2026/05/29 04:09:24.013, 2857 MiB
2026/05/29 04:09:25.013, 2857 MiB
2026/05/29 04:09:26.014, 2854 MiB
2026/05/29 04:09:27.015, 2854 MiB
2026/05/29 04:09:28.015, 2854 MiB
2026/05/29 04:09:29.015, 2854 MiB
2026/05/29 04:09:30.016, 2854 MiB
2026/05/29 04:09:31.017, 2865 MiB
2026/05/29 04:09:32.018, 2865 MiB
2026/05/29 04:09:33.018, 2861 MiB
2026/05/29 04:09:34.018, 2857 MiB
2026/05/29 04:09:35.019, 2857 MiB
2026/05/29 04:09:36.019, 2861 MiB
2026/05/29 04:09:37.019, 2861 MiB
2026/05/29 04:09:38.019, 2861 MiB
2026/05/29 04:09:39.020, 2857 MiB
2026/05/29 04:09:40.020, 2857 MiB
2026/05/29 04:09:41.021, 2861 MiB
2026/05/29 04:09:42.021, 2861 MiB
2026/05/29 04:09:43.021, 2861 MiB
2026/05/29 04:09:44.022, 2857 MiB
2026/05/29 04:09:45.022, 2857 MiB
2026/05/29 04:09:46.022, 2854 MiB
2026/05/29 04:09:47.023, 2865 MiB
2026/05/29 04:09:48.023, 2865 MiB
2026/05/29 04:09:49.024, 2865 MiB
2026/05/29 04:09:50.024, 2857 MiB
2026/05/29 04:09:51.024, 2857 MiB
2026/05/29 04:09:52.025, 6221 MiB
2026/05/29 04:09:53.025, 6221 MiB
2026/05/29 04:09:54.025, 9101 MiB
2026/05/29 04:09:55.026, 2837 MiB
2026/05/29 04:09:56.026, 2837 MiB
2026/05/29 04:09:57.026, 2841 MiB
2026/05/29 04:09:58.027, 2841 MiB
2026/05/29 04:09:59.027, 2841 MiB
2026/05/29 04:10:00.027, 2837 MiB
2026/05/29 04:10:01.028, 2837 MiB
2026/05/29 04:10:02.028, 2841 MiB
2026/05/29 04:10:03.028, 2841 MiB
2026/05/29 04:10:04.028, 2841 MiB
2026/05/29 04:10:05.029, 2841 MiB
2026/05/29 04:10:06.029, 2837 MiB
2026/05/29 04:10:07.030, 2841 MiB
2026/05/29 04:10:08.030, 2841 MiB
2026/05/29 04:10:09.030, 2841 MiB
2026/05/29 04:10:10.032, 2841 MiB
2026/05/29 04:10:11.032, 2837 MiB
2026/05/29 04:10:12.032, 2841 MiB
2026/05/29 04:10:13.033, 2841 MiB
2026/05/29 04:10:14.033, 2841 MiB
2026/05/29 04:10:15.033, 2841 MiB
2026/05/29 04:10:16.034, 2837 MiB
2026/05/29 04:10:17.034, 2841 MiB
2026/05/29 04:10:18.034, 2841 MiB
2026/05/29 04:10:19.035, 2841 MiB
2026/05/29 04:10:20.035, 2841 MiB
2026/05/29 04:10:21.035, 2837 MiB
2026/05/29 04:10:22.036, 2841 MiB
2026/05/29 04:10:23.036, 2841 MiB
2026/05/29 04:10:24.036, 2841 MiB
2026/05/29 04:10:25.037, 2841 MiB
2026/05/29 04:10:26.038, 2837 MiB
2026/05/29 04:10:27.039, 2841 MiB
2026/05/29 04:10:28.039, 2841 MiB
2026/05/29 04:10:29.039, 2841 MiB
2026/05/29 04:10:30.040, 2841 MiB
2026/05/29 04:10:31.041, 2837 MiB
2026/05/29 04:10:32.041, 2837 MiB
2026/05/29 04:10:33.042, 6501 MiB
2026/05/29 04:10:34.042, 6501 MiB
2026/05/29 04:10:35.043, 6501 MiB
2026/05/29 04:10:36.044, 8477 MiB
2026/05/29 04:10:37.044, 2837 MiB
2026/05/29 04:10:38.044, 2841 MiB
2026/05/29 04:10:39.045, 2841 MiB
2026/05/29 04:10:40.045, 2841 MiB
2026/05/29 04:10:41.045, 2837 MiB
2026/05/29 04:10:42.046, 2837 MiB
2026/05/29 04:10:43.046, 2841 MiB
2026/05/29 04:10:44.046, 2841 MiB
2026/05/29 04:10:45.047, 2841 MiB
2026/05/29 04:10:46.047, 2837 MiB
2026/05/29 04:10:47.048, 2837 MiB
2026/05/29 04:10:48.048, 2834 MiB
2026/05/29 04:10:49.048, 2845 MiB
2026/05/29 04:10:50.049, 2845 MiB
2026/05/29 04:10:51.049, 2845 MiB
2026/05/29 04:10:52.049, 2841 MiB
2026/05/29 04:10:53.050, 2837 MiB
2026/05/29 04:10:54.050, 2841 MiB
2026/05/29 04:10:55.050, 2841 MiB
2026/05/29 04:10:56.051, 2841 MiB
2026/05/29 04:10:57.052, 2841 MiB
2026/05/29 04:10:58.052, 2837 MiB
2026/05/29 04:10:59.052, 2841 MiB
2026/05/29 04:11:00.053, 2841 MiB
2026/05/29 04:11:01.053, 2841 MiB
2026/05/29 04:11:02.053, 2841 MiB
2026/05/29 04:11:03.054, 2837 MiB
2026/05/29 04:11:04.054, 2841 MiB
2026/05/29 04:11:05.054, 2841 MiB
2026/05/29 04:11:06.056, 2841 MiB
2026/05/29 04:11:07.056, 2841 MiB
2026/05/29 04:11:08.057, 2837 MiB
2026/05/29 04:11:09.057, 2841 MiB
2026/05/29 04:11:10.058, 2841 MiB
2026/05/29 04:11:11.059, 2841 MiB
2026/05/29 04:11:12.059, 2841 MiB
2026/05/29 04:11:13.059, 2837 MiB
2026/05/29 04:11:14.060, 2841 MiB
2026/05/29 04:11:15.060, 3041 MiB
2026/05/29 04:11:16.060, 6501 MiB
2026/05/29 04:11:17.061, 6501 MiB
2026/05/29 04:11:18.062, 6497 MiB
2026/05/29 04:11:19.062, 5201 MiB
2026/05/29 04:11:20.062, 2861 MiB
2026/05/29 04:11:21.063, 2861 MiB
2026/05/29 04:11:22.063, 2861 MiB
2026/05/29 04:11:23.063, 2857 MiB
2026/05/29 04:11:24.064, 2861 MiB
2026/05/29 04:11:25.064, 2861 MiB
2026/05/29 04:11:26.064, 2861 MiB
2026/05/29 04:11:27.065, 2861 MiB
2026/05/29 04:11:28.065, 2857 MiB
2026/05/29 04:11:29.065, 2861 MiB
2026/05/29 04:11:30.066, 2861 MiB
2026/05/29 04:11:31.066, 2861 MiB
2026/05/29 04:11:32.067, 2861 MiB
2026/05/29 04:11:33.068, 2857 MiB
2026/05/29 04:11:34.068, 2857 MiB
2026/05/29 04:11:35.068, 2861 MiB
2026/05/29 04:11:36.069, 2861 MiB
2026/05/29 04:11:37.070, 2861 MiB
2026/05/29 04:11:38.070, 2857 MiB
2026/05/29 04:11:39.070, 2857 MiB
2026/05/29 04:11:40.071, 2861 MiB
2026/05/29 04:11:41.071, 2861 MiB
2026/05/29 04:11:42.071, 2861 MiB
2026/05/29 04:11:43.073, 2857 MiB
2026/05/29 04:11:44.073, 2857 MiB
2026/05/29 04:11:45.073, 2861 MiB
2026/05/29 04:11:46.074, 2861 MiB
2026/05/29 04:11:47.074, 2861 MiB
2026/05/29 04:11:48.074, 2857 MiB
2026/05/29 04:11:49.075, 2857 MiB
2026/05/29 04:11:50.075, 2861 MiB
2026/05/29 04:11:51.075, 2861 MiB
2026/05/29 04:11:52.076, 2861 MiB
2026/05/29 04:11:53.076, 2857 MiB
2026/05/29 04:11:54.076, 2857 MiB
2026/05/29 04:11:55.077, 2861 MiB
2026/05/29 04:11:56.077, 2861 MiB
2026/05/29 04:11:57.077, 2861 MiB
2026/05/29 04:11:58.078, 4117 MiB
2026/05/29 04:11:59.078, 6517 MiB
2026/05/29 04:12:00.078, 6521 MiB
2026/05/29 04:12:01.078, 9141 MiB
2026/05/29 04:12:02.079, 2841 MiB
2026/05/29 04:12:03.079, 2837 MiB
2026/05/29 04:12:04.079, 2837 MiB
2026/05/29 04:12:05.080, 2841 MiB
2026/05/29 04:12:06.080, 2841 MiB
2026/05/29 04:12:07.080, 2841 MiB
2026/05/29 04:12:08.081, 2837 MiB
2026/05/29 04:12:09.081, 2837 MiB
2026/05/29 04:12:10.082, 2841 MiB
2026/05/29 04:12:11.082, 2841 MiB
2026/05/29 04:12:12.082, 2841 MiB
2026/05/29 04:12:13.083, 2841 MiB
2026/05/29 04:12:14.083, 2837 MiB
2026/05/29 04:12:15.083, 2841 MiB
2026/05/29 04:12:16.083, 2841 MiB
2026/05/29 04:12:17.085, 2841 MiB
2026/05/29 04:12:18.085, 2841 MiB
2026/05/29 04:12:19.085, 2837 MiB
2026/05/29 04:12:20.086, 2841 MiB
2026/05/29 04:12:21.087, 2841 MiB
2026/05/29 04:12:22.087, 2841 MiB
2026/05/29 04:12:23.087, 2841 MiB
2026/05/29 04:12:24.088, 2837 MiB
2026/05/29 04:12:25.088, 2834 MiB
2026/05/29 04:12:26.089, 2845 MiB
2026/05/29 04:12:27.089, 2845 MiB
2026/05/29 04:12:28.090, 2845 MiB
2026/05/29 04:12:29.090, 2837 MiB
2026/05/29 04:12:30.092, 2837 MiB
2026/05/29 04:12:31.092, 2841 MiB
2026/05/29 04:12:32.092, 2841 MiB
2026/05/29 04:12:33.093, 2841 MiB
2026/05/29 04:12:34.093, 2837 MiB
2026/05/29 04:12:35.093, 2837 MiB
2026/05/29 04:12:36.094, 2841 MiB
2026/05/29 04:12:37.094, 2841 MiB
2026/05/29 04:12:38.095, 2841 MiB
2026/05/29 04:12:39.095, 2841 MiB
2026/05/29 04:12:40.095, 2837 MiB
2026/05/29 04:12:41.096, 6501 MiB
2026/05/29 04:12:42.096, 6501 MiB
2026/05/29 04:12:43.096, 6501 MiB
2026/05/29 04:12:44.097, 5201 MiB
2026/05/29 04:12:45.097, 2837 MiB
2026/05/29 04:12:46.098, 2841 MiB
2026/05/29 04:12:47.098, 2841 MiB
2026/05/29 04:12:48.098, 2841 MiB
2026/05/29 04:12:49.099, 2841 MiB
2026/05/29 04:12:50.099, 2837 MiB
2026/05/29 04:12:51.099, 2841 MiB
2026/05/29 04:12:52.100, 2841 MiB
2026/05/29 04:12:53.100, 2846 MiB
2026/05/29 04:12:54.100, 2846 MiB
2026/05/29 04:12:55.100, 2842 MiB
2026/05/29 04:12:56.101, 2842 MiB
2026/05/29 04:12:57.101, 2842 MiB
2026/05/29 04:12:58.102, 2842 MiB
2026/05/29 04:12:59.103, 2842 MiB
2026/05/29 04:13:00.104, 2838 MiB
2026/05/29 04:13:01.104, 2842 MiB
2026/05/29 04:13:02.105, 2842 MiB
2026/05/29 04:13:03.105, 2842 MiB
2026/05/29 04:13:04.106, 2842 MiB
2026/05/29 04:13:05.107, 2837 MiB
2026/05/29 04:13:06.107, 2842 MiB
2026/05/29 04:13:07.108, 2842 MiB
2026/05/29 04:13:08.109, 2842 MiB
2026/05/29 04:13:09.109, 2842 MiB
2026/05/29 04:13:10.109, 2837 MiB
2026/05/29 04:13:11.110, 2841 MiB
2026/05/29 04:13:12.110, 2841 MiB
2026/05/29 04:13:13.110, 2841 MiB
2026/05/29 04:13:14.111, 2841 MiB
2026/05/29 04:13:15.111, 2837 MiB
2026/05/29 04:13:16.112, 2837 MiB
2026/05/29 04:13:17.113, 2841 MiB
2026/05/29 04:13:18.113, 2841 MiB
2026/05/29 04:13:19.113, 2841 MiB
2026/05/29 04:13:20.121, 2837 MiB
2026/05/29 04:13:21.122, 2837 MiB
2026/05/29 04:13:22.123, 2841 MiB
2026/05/29 04:13:23.123, 6501 MiB
2026/05/29 04:13:24.124, 6501 MiB
2026/05/29 04:13:25.124, 6497 MiB
2026/05/29 04:13:26.124, 6497 MiB
2026/05/29 04:13:27.125, 2861 MiB
2026/05/29 04:13:28.125, 2861 MiB
2026/05/29 04:13:29.125, 2861 MiB
2026/05/29 04:13:30.126, 2857 MiB
2026/05/29 04:13:31.126, 2857 MiB
2026/05/29 04:13:32.126, 2861 MiB
2026/05/29 04:13:33.127, 2861 MiB
2026/05/29 04:13:34.127, 2861 MiB
2026/05/29 04:13:35.127, 2857 MiB
2026/05/29 04:13:36.128, 2857 MiB
2026/05/29 04:13:37.128, 2861 MiB
2026/05/29 04:13:38.128, 2861 MiB
2026/05/29 04:13:39.129, 2861 MiB
2026/05/29 04:13:40.130, 2857 MiB
2026/05/29 04:13:41.130, 2857 MiB
2026/05/29 04:13:42.130, 2861 MiB
2026/05/29 04:13:43.131, 2861 MiB
2026/05/29 04:13:44.131, 2861 MiB
2026/05/29 04:13:45.131, 2857 MiB
2026/05/29 04:13:46.132, 2857 MiB
2026/05/29 04:13:47.132, 2861 MiB
2026/05/29 04:13:48.132, 2861 MiB
2026/05/29 04:13:49.134, 2861 MiB
2026/05/29 04:13:50.134, 2857 MiB
2026/05/29 04:13:51.134, 2857 MiB
2026/05/29 04:13:52.135, 2861 MiB
2026/05/29 04:13:53.136, 2861 MiB
2026/05/29 04:13:54.136, 2861 MiB
2026/05/29 04:13:55.137, 2861 MiB
2026/05/29 04:13:56.137, 2857 MiB
2026/05/29 04:13:57.138, 2861 MiB
2026/05/29 04:13:58.138, 2861 MiB
2026/05/29 04:13:59.138, 2861 MiB
2026/05/29 04:14:00.138, 2861 MiB
2026/05/29 04:14:01.139, 2857 MiB
2026/05/29 04:14:02.139, 2861 MiB
2026/05/29 04:14:03.140, 2861 MiB
2026/05/29 04:14:04.140, 2861 MiB
2026/05/29 04:14:05.141, 2861 MiB
2026/05/29 04:14:06.141, 6257 MiB
2026/05/29 04:14:07.141, 6261 MiB
2026/05/29 04:14:08.142, 6261 MiB
2026/05/29 04:14:09.142, 6281 MiB
2026/05/29 04:14:10.143, 2841 MiB
2026/05/29 04:14:11.143, 2837 MiB
2026/05/29 04:14:12.143, 2841 MiB
2026/05/29 04:14:13.143, 2841 MiB
2026/05/29 04:14:14.144, 2841 MiB
2026/05/29 04:14:15.144, 2841 MiB
2026/05/29 04:14:16.144, 2837 MiB
2026/05/29 04:14:17.145, 2841 MiB
2026/05/29 04:14:18.145, 2841 MiB
2026/05/29 04:14:19.146, 2841 MiB
2026/05/29 04:14:20.146, 2841 MiB
2026/05/29 04:14:21.146, 2837 MiB
2026/05/29 04:14:22.146, 2841 MiB
2026/05/29 04:14:23.147, 2841 MiB
2026/05/29 04:14:24.147, 2841 MiB
2026/05/29 04:14:25.148, 2841 MiB
2026/05/29 04:14:26.148, 2837 MiB
2026/05/29 04:14:27.148, 2841 MiB
2026/05/29 04:14:28.149, 2841 MiB
2026/05/29 04:14:29.149, 2841 MiB
2026/05/29 04:14:30.149, 2841 MiB
2026/05/29 04:14:31.150, 2837 MiB
2026/05/29 04:14:32.150, 2837 MiB
2026/05/29 04:14:33.150, 2841 MiB
2026/05/29 04:14:34.151, 2841 MiB
2026/05/29 04:14:35.151, 2841 MiB
2026/05/29 04:14:36.151, 2837 MiB
2026/05/29 04:14:37.152, 2837 MiB
2026/05/29 04:14:38.152, 2841 MiB
2026/05/29 04:14:39.152, 2841 MiB
2026/05/29 04:14:40.153, 2841 MiB
2026/05/29 04:14:41.153, 2837 MiB
2026/05/29 04:14:42.153, 2837 MiB
2026/05/29 04:14:43.154, 2841 MiB
2026/05/29 04:14:44.154, 2841 MiB
2026/05/29 04:14:45.154, 2841 MiB
2026/05/29 04:14:46.155, 2837 MiB
2026/05/29 04:14:47.156, 2837 MiB
2026/05/29 04:14:48.156, 2861 MiB
2026/05/29 04:14:49.156, 6501 MiB
2026/05/29 04:14:50.157, 6501 MiB
2026/05/29 04:14:51.157, 6497 MiB
2026/05/29 04:14:52.157, 9297 MiB
2026/05/29 04:14:53.158, 2841 MiB
2026/05/29 04:14:54.158, 2841 MiB
2026/05/29 04:14:55.158, 2841 MiB
2026/05/29 04:14:56.165, 2837 MiB
2026/05/29 04:14:57.166, 2837 MiB
2026/05/29 04:14:58.166, 2841 MiB
2026/05/29 04:14:59.167, 2841 MiB
2026/05/29 04:15:00.167, 2841 MiB
2026/05/29 04:15:01.167, 2837 MiB
2026/05/29 04:15:02.167, 2837 MiB
2026/05/29 04:15:03.168, 2841 MiB
2026/05/29 04:15:04.168, 2841 MiB
2026/05/29 04:15:05.168, 2841 MiB
2026/05/29 04:15:06.169, 2837 MiB
2026/05/29 04:15:07.170, 2837 MiB
2026/05/29 04:15:08.171, 2841 MiB
2026/05/29 04:15:09.171, 2841 MiB
2026/05/29 04:15:10.171, 2841 MiB
2026/05/29 04:15:11.172, 2837 MiB
2026/05/29 04:15:12.172, 2837 MiB
2026/05/29 04:15:13.173, 2841 MiB
2026/05/29 04:15:14.173, 2841 MiB
2026/05/29 04:15:15.174, 2841 MiB
2026/05/29 04:15:16.174, 2837 MiB
2026/05/29 04:15:17.175, 2837 MiB
2026/05/29 04:15:18.175, 2841 MiB
2026/05/29 04:15:19.175, 2841 MiB
2026/05/29 04:15:20.175, 2841 MiB
2026/05/29 04:15:21.176, 2841 MiB
2026/05/29 04:15:22.176, 2837 MiB
2026/05/29 04:15:23.177, 2841 MiB
2026/05/29 04:15:24.177, 2841 MiB
2026/05/29 04:15:25.177, 2841 MiB
2026/05/29 04:15:26.178, 2841 MiB
2026/05/29 04:15:27.178, 2837 MiB
2026/05/29 04:15:28.178, 2841 MiB
2026/05/29 04:15:29.179, 2841 MiB
2026/05/29 04:15:30.179, 2841 MiB
2026/05/29 04:15:31.179, 2841 MiB
2026/05/29 04:15:32.179, 6497 MiB
2026/05/29 04:15:33.180, 6501 MiB
2026/05/29 04:15:34.180, 6501 MiB
2026/05/29 04:15:35.180, 3961 MiB
2026/05/29 04:15:36.181, 2861 MiB
2026/05/29 04:15:37.181, 2857 MiB
2026/05/29 04:15:38.181, 2861 MiB
2026/05/29 04:15:39.182, 2861 MiB
2026/05/29 04:15:40.182, 2861 MiB
2026/05/29 04:15:41.182, 2861 MiB
2026/05/29 04:15:42.183, 2857 MiB
2026/05/29 04:15:43.183, 2861 MiB
2026/05/29 04:15:44.183, 2861 MiB
2026/05/29 04:15:45.183, 2861 MiB
2026/05/29 04:15:46.184, 2861 MiB
2026/05/29 04:15:47.184, 2857 MiB
2026/05/29 04:15:48.184, 2857 MiB
2026/05/29 04:15:49.185, 2861 MiB
2026/05/29 04:15:50.185, 2861 MiB
2026/05/29 04:15:51.186, 2861 MiB
2026/05/29 04:15:52.186, 2857 MiB
2026/05/29 04:15:53.187, 2857 MiB
2026/05/29 04:15:54.188, 2861 MiB
2026/05/29 04:15:55.188, 2861 MiB
2026/05/29 04:15:56.188, 2861 MiB
2026/05/29 04:15:57.189, 2857 MiB
2026/05/29 04:15:58.190, 2857 MiB
2026/05/29 04:15:59.190, 2861 MiB
2026/05/29 04:16:00.190, 2861 MiB
2026/05/29 04:16:01.191, 2861 MiB
2026/05/29 04:16:02.191, 2857 MiB
2026/05/29 04:16:03.191, 2857 MiB
2026/05/29 04:16:04.191, 2861 MiB
2026/05/29 04:16:05.192, 2861 MiB
2026/05/29 04:16:06.192, 2861 MiB
2026/05/29 04:16:07.192, 2857 MiB
2026/05/29 04:16:08.193, 2857 MiB
2026/05/29 04:16:09.193, 2861 MiB
2026/05/29 04:16:10.194, 2861 MiB
2026/05/29 04:16:11.194, 2861 MiB
2026/05/29 04:16:12.194, 2857 MiB
2026/05/29 04:16:13.194, 2857 MiB
2026/05/29 04:16:14.195, 2854 MiB
2026/05/29 04:16:15.195, 3063 MiB
2026/05/29 04:16:16.196, 6523 MiB
2026/05/29 04:16:17.196, 6523 MiB
2026/05/29 04:16:18.196, 2854 MiB
2026/05/29 04:16:19.196, 2854 MiB
2026/05/29 04:16:20.197, 2854 MiB
2026/05/29 04:16:21.197, 2854 MiB
2026/05/29 04:16:22.197, 2854 MiB
2026/05/29 04:16:23.198, 2854 MiB
2026/05/29 04:16:24.198, 2854 MiB
2026/05/29 04:16:25.198, 2863 MiB
2026/05/29 04:16:26.199, 2863 MiB
2026/05/29 04:16:27.199, 2863 MiB
2026/05/29 04:16:28.199, 2854 MiB
2026/05/29 04:16:29.200, 2854 MiB
2026/05/29 04:16:30.200, 2854 MiB
2026/05/29 04:16:31.200, 2854 MiB
2026/05/29 04:16:32.201, 2854 MiB
2026/05/29 04:16:33.201, 2854 MiB
2026/05/29 04:16:34.201, 2854 MiB
2026/05/29 04:16:35.202, 2854 MiB
2026/05/29 04:16:36.202, 2854 MiB
2026/05/29 04:16:37.202, 2854 MiB
2026/05/29 04:16:38.204, 2863 MiB
2026/05/29 04:16:39.204, 2863 MiB
2026/05/29 04:16:40.204, 2863 MiB
2026/05/29 04:16:41.206, 2854 MiB
2026/05/29 04:16:42.206, 2854 MiB
2026/05/29 04:16:43.206, 2863 MiB
2026/05/29 04:16:44.207, 2863 MiB
2026/05/29 04:16:45.208, 2863 MiB
2026/05/29 04:16:46.209, 2854 MiB
2026/05/29 04:16:47.210, 2854 MiB
2026/05/29 04:16:48.211, 2866 MiB
2026/05/29 04:16:49.211, 2866 MiB
2026/05/29 04:16:50.212, 2866 MiB
2026/05/29 04:16:51.212, 2857 MiB
2026/05/29 04:16:52.212, 2857 MiB
2026/05/29 04:16:53.213, 2854 MiB
2026/05/29 04:16:54.213, 2854 MiB
2026/05/29 04:16:55.213, 2854 MiB
2026/05/29 04:16:56.214, 2854 MiB
2026/05/29 04:16:57.215, 2854 MiB
2026/05/29 04:16:58.215, 2854 MiB
2026/05/29 04:16:59.215, 6223 MiB
2026/05/29 04:17:00.216, 6223 MiB
2026/05/29 04:17:01.216, 5503 MiB
2026/05/29 04:17:02.216, 2854 MiB
2026/05/29 04:17:03.217, 2854 MiB
2026/05/29 04:17:04.217, 2863 MiB
2026/05/29 04:17:05.217, 2863 MiB
2026/05/29 04:17:06.218, 2863 MiB
2026/05/29 04:17:07.218, 2854 MiB
2026/05/29 04:17:08.218, 2854 MiB
2026/05/29 04:17:09.219, 2854 MiB
2026/05/29 04:17:10.219, 2854 MiB
2026/05/29 04:17:11.219, 2854 MiB
2026/05/29 04:17:12.220, 2854 MiB
2026/05/29 04:17:13.220, 2863 MiB
2026/05/29 04:17:14.220, 2863 MiB
2026/05/29 04:17:15.220, 2863 MiB
2026/05/29 04:17:16.221, 2854 MiB
2026/05/29 04:17:17.221, 2854 MiB
2026/05/29 04:17:18.221, 2863 MiB
2026/05/29 04:17:19.222, 2863 MiB
2026/05/29 04:17:20.223, 2863 MiB
2026/05/29 04:17:21.223, 2854 MiB
2026/05/29 04:17:22.224, 2854 MiB
2026/05/29 04:17:23.224, 2866 MiB
2026/05/29 04:17:24.225, 2866 MiB
2026/05/29 04:17:25.225, 2866 MiB
2026/05/29 04:17:26.225, 2857 MiB
2026/05/29 04:17:27.226, 2857 MiB
2026/05/29 04:17:28.226, 2861 MiB
2026/05/29 04:17:29.226, 2861 MiB
2026/05/29 04:17:30.226, 2861 MiB
2026/05/29 04:17:31.228, 2857 MiB
2026/05/29 04:17:32.228, 2857 MiB
2026/05/29 04:17:33.228, 2861 MiB
2026/05/29 04:17:34.229, 2861 MiB
2026/05/29 04:17:35.230, 2861 MiB
2026/05/29 04:17:36.230, 2857 MiB
2026/05/29 04:17:37.230, 2857 MiB
2026/05/29 04:17:38.231, 2861 MiB
2026/05/29 04:17:39.232, 2861 MiB
2026/05/29 04:17:40.234, 6521 MiB
2026/05/29 04:17:41.236, 6517 MiB
2026/05/29 04:17:42.236, 2857 MiB
2026/05/29 04:17:43.236, 2861 MiB
2026/05/29 04:17:44.237, 2861 MiB
2026/05/29 04:17:45.237, 2861 MiB
2026/05/29 04:17:46.237, 2861 MiB
2026/05/29 04:17:47.238, 2857 MiB
2026/05/29 04:17:48.239, 2861 MiB
2026/05/29 04:17:49.239, 2861 MiB
2026/05/29 04:17:50.240, 2861 MiB
2026/05/29 04:17:51.240, 2861 MiB
2026/05/29 04:17:52.241, 2857 MiB
2026/05/29 04:17:53.241, 2861 MiB
2026/05/29 04:17:54.241, 2861 MiB
2026/05/29 04:17:55.243, 2861 MiB
2026/05/29 04:17:56.244, 2861 MiB
2026/05/29 04:17:57.245, 2857 MiB
2026/05/29 04:17:58.245, 2861 MiB
2026/05/29 04:17:59.245, 2861 MiB
2026/05/29 04:18:00.247, 2861 MiB
2026/05/29 04:18:01.247, 2861 MiB
2026/05/29 04:18:02.247, 2857 MiB
2026/05/29 04:18:03.248, 2857 MiB
2026/05/29 04:18:04.249, 2861 MiB
2026/05/29 04:18:05.249, 2861 MiB
2026/05/29 04:18:06.250, 2861 MiB
2026/05/29 04:18:07.250, 2857 MiB
2026/05/29 04:18:08.251, 2857 MiB
2026/05/29 04:18:09.251, 2861 MiB
2026/05/29 04:18:10.251, 2861 MiB
2026/05/29 04:18:11.252, 2861 MiB
2026/05/29 04:18:12.252, 2857 MiB
2026/05/29 04:18:13.253, 2857 MiB
2026/05/29 04:18:14.254, 2861 MiB
2026/05/29 04:18:15.254, 2861 MiB
2026/05/29 04:18:16.255, 2861 MiB
2026/05/29 04:18:17.256, 2857 MiB
2026/05/29 04:18:18.257, 2857 MiB
2026/05/29 04:18:19.257, 2861 MiB
2026/05/29 04:18:20.258, 2861 MiB
2026/05/29 04:18:21.258, 6261 MiB
2026/05/29 04:18:22.259, 6257 MiB
2026/05/29 04:18:23.260, 6257 MiB
2026/05/29 04:18:24.260, 2841 MiB
2026/05/29 04:18:25.260, 2841 MiB
2026/05/29 04:18:26.261, 2841 MiB
2026/05/29 04:18:27.261, 2837 MiB
2026/05/29 04:18:28.261, 2837 MiB
2026/05/29 04:18:29.262, 2841 MiB
2026/05/29 04:18:30.262, 2841 MiB
2026/05/29 04:18:31.262, 2841 MiB
2026/05/29 04:18:32.263, 2837 MiB
2026/05/29 04:18:33.263, 2837 MiB
2026/05/29 04:18:34.263, 2841 MiB
2026/05/29 04:18:35.263, 2841 MiB
2026/05/29 04:18:36.264, 2841 MiB
2026/05/29 04:18:37.264, 2837 MiB
2026/05/29 04:18:38.264, 2837 MiB
2026/05/29 04:18:39.265, 2841 MiB
2026/05/29 04:18:40.265, 2841 MiB
2026/05/29 04:18:41.265, 2841 MiB
2026/05/29 04:18:42.266, 2837 MiB
2026/05/29 04:18:43.266, 2837 MiB
2026/05/29 04:18:44.266, 2841 MiB
2026/05/29 04:18:45.267, 2841 MiB
2026/05/29 04:18:46.268, 2841 MiB
2026/05/29 04:18:47.269, 2837 MiB
2026/05/29 04:18:48.269, 2837 MiB
2026/05/29 04:18:49.270, 2841 MiB
2026/05/29 04:18:50.270, 2841 MiB
2026/05/29 04:18:51.270, 2841 MiB
2026/05/29 04:18:52.271, 2837 MiB
2026/05/29 04:18:53.271, 2837 MiB
2026/05/29 04:18:54.271, 2841 MiB
2026/05/29 04:18:55.272, 2841 MiB
2026/05/29 04:18:56.272, 2841 MiB
2026/05/29 04:18:57.272, 2837 MiB
2026/05/29 04:18:58.273, 2837 MiB
2026/05/29 04:18:59.273, 2841 MiB
2026/05/29 04:19:00.274, 2841 MiB
2026/05/29 04:19:01.274, 2841 MiB
2026/05/29 04:19:02.275, 6497 MiB
2026/05/29 04:19:03.275, 6497 MiB
2026/05/29 04:19:04.275, 6501 MiB
2026/05/29 04:19:05.276, 2841 MiB
2026/05/29 04:19:06.276, 2841 MiB
2026/05/29 04:19:07.276, 2837 MiB
2026/05/29 04:19:08.277, 2837 MiB
2026/05/29 04:19:09.277, 2837 MiB
2026/05/29 04:19:10.277, 2843 MiB
2026/05/29 04:19:11.278, 2843 MiB
2026/05/29 04:19:12.278, 2842 MiB
2026/05/29 04:19:13.278, 2834 MiB
2026/05/29 04:19:14.279, 2834 MiB
2026/05/29 04:19:15.279, 2843 MiB
2026/05/29 04:19:16.279, 2843 MiB
2026/05/29 04:19:17.280, 2843 MiB
2026/05/29 04:19:18.280, 2834 MiB
2026/05/29 04:19:19.280, 2834 MiB
2026/05/29 04:19:20.281, 2846 MiB
2026/05/29 04:19:21.281, 2846 MiB
2026/05/29 04:19:22.301, 2846 MiB
2026/05/29 04:19:23.301, 2846 MiB
2026/05/29 04:19:24.301, 2837 MiB
2026/05/29 04:19:25.302, 2841 MiB
2026/05/29 04:19:26.303, 2841 MiB
2026/05/29 04:19:27.303, 2841 MiB
2026/05/29 04:19:28.303, 2837 MiB
2026/05/29 04:19:29.304, 2837 MiB
2026/05/29 04:19:30.305, 2841 MiB
2026/05/29 04:19:31.305, 2841 MiB
2026/05/29 04:19:32.306, 2841 MiB
2026/05/29 04:19:33.306, 2841 MiB
2026/05/29 04:19:34.306, 2837 MiB
2026/05/29 04:19:35.307, 2841 MiB
2026/05/29 04:19:36.307, 2841 MiB
2026/05/29 04:19:37.307, 2841 MiB
2026/05/29 04:19:38.308, 2841 MiB
2026/05/29 04:19:39.310, 2837 MiB
2026/05/29 04:19:40.310, 2841 MiB
2026/05/29 04:19:41.310, 2841 MiB
2026/05/29 04:19:42.311, 2841 MiB
2026/05/29 04:19:43.311, 2841 MiB
2026/05/29 04:19:44.312, 6497 MiB
2026/05/29 04:19:45.312, 6501 MiB
2026/05/29 04:19:46.312, 6501 MiB
2026/05/29 04:19:47.313, 6501 MiB
2026/05/29 04:19:48.313, 2841 MiB
2026/05/29 04:19:49.313, 2837 MiB
2026/05/29 04:19:50.314, 2841 MiB
2026/05/29 04:19:51.314, 2841 MiB
2026/05/29 04:19:52.314, 2841 MiB
2026/05/29 04:19:53.315, 2841 MiB
2026/05/29 04:19:54.315, 2837 MiB
2026/05/29 04:19:55.315, 2841 MiB
2026/05/29 04:19:56.315, 2841 MiB
2026/05/29 04:19:57.316, 2841 MiB
2026/05/29 04:19:58.316, 2841 MiB
2026/05/29 04:19:59.317, 2837 MiB
2026/05/29 04:20:00.317, 2837 MiB
2026/05/29 04:20:01.317, 2841 MiB
2026/05/29 04:20:02.318, 2841 MiB
2026/05/29 04:20:03.319, 2841 MiB
2026/05/29 04:20:04.319, 2837 MiB
2026/05/29 04:20:05.320, 2846 MiB
2026/05/29 04:20:06.320, 2850 MiB
2026/05/29 04:20:07.320, 2850 MiB
2026/05/29 04:20:08.321, 2850 MiB
2026/05/29 04:20:09.323, 2846 MiB
2026/05/29 04:20:10.323, 2846 MiB
2026/05/29 04:20:11.324, 2850 MiB
2026/05/29 04:20:12.325, 2850 MiB
2026/05/29 04:20:13.325, 2850 MiB
2026/05/29 04:20:14.325, 2846 MiB
2026/05/29 04:20:15.326, 2846 MiB
2026/05/29 04:20:16.327, 2850 MiB
2026/05/29 04:20:17.327, 2850 MiB
2026/05/29 04:20:18.328, 2850 MiB
2026/05/29 04:20:19.328, 2846 MiB
2026/05/29 04:20:20.329, 2846 MiB
2026/05/29 04:20:21.330, 2850 MiB
2026/05/29 04:20:22.330, 2850 MiB
2026/05/29 04:20:23.330, 2850 MiB
2026/05/29 04:20:24.347, 2846 MiB
2026/05/29 04:20:25.347, 2846 MiB
2026/05/29 04:20:26.348, 2850 MiB
2026/05/29 04:20:27.349, 6510 MiB
2026/05/29 04:20:28.349, 6510 MiB
2026/05/29 04:20:29.350, 6510 MiB
2026/05/29 04:20:30.350, 3106 MiB
2026/05/29 04:20:31.350, 2850 MiB
2026/05/29 04:20:32.351, 2850 MiB
2026/05/29 04:20:33.351, 2850 MiB
2026/05/29 04:20:34.351, 2850 MiB
2026/05/29 04:20:35.352, 2846 MiB
2026/05/29 04:20:36.352, 2850 MiB
2026/05/29 04:20:37.352, 2850 MiB
2026/05/29 04:20:38.353, 2850 MiB
2026/05/29 04:20:39.353, 2850 MiB
2026/05/29 04:20:40.353, 2846 MiB
2026/05/29 04:20:41.354, 2850 MiB
2026/05/29 04:20:42.354, 2850 MiB
2026/05/29 04:20:43.354, 2850 MiB
2026/05/29 04:20:44.355, 2850 MiB
2026/05/29 04:20:45.355, 2846 MiB
2026/05/29 04:20:46.355, 2850 MiB
2026/05/29 04:20:47.356, 2850 MiB
2026/05/29 04:20:48.356, 2850 MiB
2026/05/29 04:20:49.356, 2850 MiB
2026/05/29 04:20:50.357, 2846 MiB
2026/05/29 04:20:51.357, 2850 MiB
2026/05/29 04:20:52.357, 2850 MiB
2026/05/29 04:20:53.358, 2850 MiB
2026/05/29 04:20:54.358, 2850 MiB
2026/05/29 04:20:55.359, 2846 MiB
2026/05/29 04:20:56.359, 2850 MiB
2026/05/29 04:20:57.359, 2850 MiB
2026/05/29 04:20:58.360, 2850 MiB
2026/05/29 04:20:59.360, 2850 MiB
2026/05/29 04:21:00.360, 2846 MiB
2026/05/29 04:21:01.361, 2846 MiB
2026/05/29 04:21:02.364, 2855 MiB
2026/05/29 04:21:03.364, 2855 MiB
2026/05/29 04:21:04.364, 2855 MiB
2026/05/29 04:21:05.365, 2846 MiB
2026/05/29 04:21:06.366, 2846 MiB
2026/05/29 04:21:07.366, 2850 MiB
2026/05/29 04:21:08.367, 2850 MiB
2026/05/29 04:21:09.367, 3050 MiB
2026/05/29 04:21:10.367, 6510 MiB
2026/05/29 04:21:11.368, 6506 MiB
2026/05/29 04:21:12.368, 6510 MiB
2026/05/29 04:21:13.368, 8790 MiB
2026/05/29 04:21:14.369, 2850 MiB
2026/05/29 04:21:15.369, 2850 MiB
2026/05/29 04:21:16.369, 2846 MiB
2026/05/29 04:21:17.370, 2850 MiB
2026/05/29 04:21:18.370, 2850 MiB
2026/05/29 04:21:19.370, 2850 MiB
2026/05/29 04:21:20.371, 2850 MiB
2026/05/29 04:21:21.371, 2846 MiB
2026/05/29 04:21:22.372, 2850 MiB
2026/05/29 04:21:23.372, 2850 MiB
2026/05/29 04:21:24.372, 2850 MiB
2026/05/29 04:21:25.373, 2850 MiB
2026/05/29 04:21:26.373, 2846 MiB
2026/05/29 04:21:27.373, 2850 MiB
2026/05/29 04:21:28.374, 2850 MiB
2026/05/29 04:21:29.375, 2850 MiB
2026/05/29 04:21:30.375, 2850 MiB
2026/05/29 04:21:31.376, 2846 MiB
2026/05/29 04:21:32.376, 2846 MiB
2026/05/29 04:21:33.377, 2843 MiB
2026/05/29 04:21:34.377, 2843 MiB
2026/05/29 04:21:35.377, 2843 MiB
2026/05/29 04:21:36.378, 2843 MiB
2026/05/29 04:21:37.378, 2843 MiB
2026/05/29 04:21:38.378, 2855 MiB
2026/05/29 04:21:39.379, 2855 MiB
2026/05/29 04:21:40.379, 2855 MiB
2026/05/29 04:21:41.381, 2846 MiB
2026/05/29 04:21:42.381, 2846 MiB
2026/05/29 04:21:43.381, 2850 MiB
2026/05/29 04:21:44.382, 2850 MiB
2026/05/29 04:21:45.382, 2850 MiB
2026/05/29 04:21:46.382, 2850 MiB
2026/05/29 04:21:47.383, 2846 MiB
2026/05/29 04:21:48.383, 2843 MiB
2026/05/29 04:21:49.384, 2843 MiB
2026/05/29 04:21:50.384, 2855 MiB
2026/05/29 04:21:51.385, 2855 MiB
2026/05/29 04:21:52.385, 6515 MiB
2026/05/29 04:21:53.385, 6506 MiB
2026/05/29 04:21:54.386, 6506 MiB
2026/05/29 04:21:55.386, 6510 MiB
2026/05/29 04:21:56.386, 2850 MiB
2026/05/29 04:21:57.387, 2850 MiB
2026/05/29 04:21:58.387, 2850 MiB
2026/05/29 04:21:59.387, 2846 MiB
2026/05/29 04:22:00.388, 2850 MiB
2026/05/29 04:22:01.388, 2850 MiB
2026/05/29 04:22:02.388, 2850 MiB
2026/05/29 04:22:03.388, 2850 MiB
2026/05/29 04:22:04.389, 2846 MiB
2026/05/29 04:22:05.389, 2850 MiB
2026/05/29 04:22:06.389, 2850 MiB
2026/05/29 04:22:07.390, 2850 MiB
2026/05/29 04:22:08.390, 2850 MiB
2026/05/29 04:22:09.392, 2846 MiB
2026/05/29 04:22:10.392, 2850 MiB
2026/05/29 04:22:11.392, 2850 MiB
2026/05/29 04:22:12.393, 2850 MiB
2026/05/29 04:22:13.393, 2850 MiB
2026/05/29 04:22:14.393, 2846 MiB
2026/05/29 04:22:15.393, 2843 MiB
2026/05/29 04:22:16.394, 2855 MiB
2026/05/29 04:22:17.394, 2855 MiB
2026/05/29 04:22:18.394, 2855 MiB
2026/05/29 04:22:19.395, 2846 MiB
2026/05/29 04:22:20.396, 2846 MiB
2026/05/29 04:22:21.396, 2850 MiB
2026/05/29 04:22:22.397, 2850 MiB
2026/05/29 04:22:23.399, 2850 MiB
2026/05/29 04:22:24.399, 2846 MiB
2026/05/29 04:22:25.400, 2846 MiB
2026/05/29 04:22:26.400, 2850 MiB
2026/05/29 04:22:27.400, 2850 MiB
2026/05/29 04:22:28.401, 2850 MiB
2026/05/29 04:22:29.401, 2850 MiB
2026/05/29 04:22:30.401, 2846 MiB
2026/05/29 04:22:31.402, 2850 MiB
2026/05/29 04:22:32.402, 2850 MiB
2026/05/29 04:22:33.402, 2850 MiB
2026/05/29 04:22:34.404, 2850 MiB
2026/05/29 04:22:35.405, 6506 MiB
2026/05/29 04:22:36.405, 6510 MiB
2026/05/29 04:22:37.406, 6510 MiB
2026/05/29 04:22:38.406, 7110 MiB
2026/05/29 04:22:39.406, 2850 MiB
2026/05/29 04:22:40.407, 2846 MiB
2026/05/29 04:22:41.407, 2850 MiB
2026/05/29 04:22:42.407, 2850 MiB
2026/05/29 04:22:43.424, 2850 MiB
2026/05/29 04:22:44.424, 2850 MiB
2026/05/29 04:22:45.425, 2846 MiB
2026/05/29 04:22:46.425, 2850 MiB
2026/05/29 04:22:47.425, 2850 MiB
2026/05/29 04:22:48.426, 2850 MiB
2026/05/29 04:22:49.426, 2850 MiB
2026/05/29 04:22:50.426, 2846 MiB
2026/05/29 04:22:51.427, 2850 MiB
2026/05/29 04:22:52.428, 2850 MiB
2026/05/29 04:22:53.429, 2850 MiB
2026/05/29 04:22:54.430, 2850 MiB
2026/05/29 04:22:55.430, 2846 MiB
2026/05/29 04:22:56.431, 2850 MiB
2026/05/29 04:22:57.431, 2850 MiB
2026/05/29 04:22:58.432, 2850 MiB
2026/05/29 04:22:59.432, 2850 MiB
2026/05/29 04:23:00.433, 2846 MiB
2026/05/29 04:23:01.433, 2846 MiB
2026/05/29 04:23:02.433, 2850 MiB
2026/05/29 04:23:03.434, 2850 MiB
2026/05/29 04:23:04.434, 2850 MiB
2026/05/29 04:23:05.435, 2846 MiB
2026/05/29 04:23:06.436, 2846 MiB
2026/05/29 04:23:07.436, 2850 MiB
2026/05/29 04:23:08.436, 2850 MiB
2026/05/29 04:23:09.437, 2850 MiB
2026/05/29 04:23:10.437, 2846 MiB
2026/05/29 04:23:11.437, 2846 MiB
2026/05/29 04:23:12.438, 2850 MiB
2026/05/29 04:23:13.438, 2850 MiB
2026/05/29 04:23:14.439, 2850 MiB
2026/05/29 04:23:15.439, 2846 MiB
2026/05/29 04:23:16.439, 2846 MiB
2026/05/29 04:23:17.440, 2850 MiB
2026/05/29 04:23:18.440, 6510 MiB
2026/05/29 04:23:19.440, 5490 MiB
2026/05/29 04:23:20.441, 2846 MiB
2026/05/29 04:23:21.441, 2846 MiB
2026/05/29 04:23:22.441, 2850 MiB
2026/05/29 04:23:23.441, 2850 MiB
2026/05/29 04:23:24.442, 2850 MiB
2026/05/29 04:23:25.445, 2846 MiB
2026/05/29 04:23:26.445, 2846 MiB
2026/05/29 04:23:27.446, 2850 MiB
2026/05/29 04:23:28.446, 2850 MiB
2026/05/29 04:23:29.446, 2850 MiB
2026/05/29 04:23:30.447, 2846 MiB
2026/05/29 04:23:31.447, 2846 MiB
2026/05/29 04:23:32.447, 2850 MiB
2026/05/29 04:23:33.448, 2850 MiB
2026/05/29 04:23:34.448, 2850 MiB
2026/05/29 04:23:35.448, 2846 MiB
2026/05/29 04:23:36.449, 2846 MiB
2026/05/29 04:23:37.450, 2850 MiB
2026/05/29 04:23:38.451, 2850 MiB
2026/05/29 04:23:39.451, 2850 MiB
2026/05/29 04:23:40.451, 2846 MiB
2026/05/29 04:23:41.452, 2846 MiB
2026/05/29 04:23:42.452, 2850 MiB
2026/05/29 04:23:43.453, 2850 MiB
2026/05/29 04:23:44.453, 2850 MiB
2026/05/29 04:23:45.454, 2850 MiB
2026/05/29 04:23:46.454, 2846 MiB
2026/05/29 04:23:47.454, 2850 MiB
2026/05/29 04:23:48.455, 2850 MiB
2026/05/29 04:23:49.456, 2850 MiB
2026/05/29 04:23:50.457, 2850 MiB
2026/05/29 04:23:51.458, 2846 MiB
2026/05/29 04:23:52.458, 2850 MiB
2026/05/29 04:23:53.458, 2850 MiB
2026/05/29 04:23:54.459, 2850 MiB
2026/05/29 04:23:55.459, 2850 MiB
2026/05/29 04:23:56.460, 2846 MiB
2026/05/29 04:23:57.461, 2850 MiB
2026/05/29 04:23:58.461, 2850 MiB
2026/05/29 04:23:59.461, 2850 MiB
2026/05/29 04:24:00.462, 2850 MiB
2026/05/29 04:24:01.462, 6506 MiB
2026/05/29 04:24:02.463, 6510 MiB
2026/05/29 04:24:03.463, 6510 MiB
2026/05/29 04:24:04.463, 8550 MiB
2026/05/29 04:24:05.463, 2850 MiB
2026/05/29 04:24:06.464, 2846 MiB
2026/05/29 04:24:07.464, 2850 MiB
2026/05/29 04:24:08.464, 2850 MiB
2026/05/29 04:24:09.465, 2850 MiB
2026/05/29 04:24:10.465, 2850 MiB
2026/05/29 04:24:11.465, 2846 MiB
2026/05/29 04:24:12.466, 2850 MiB
2026/05/29 04:24:13.466, 2850 MiB
2026/05/29 04:24:14.466, 2850 MiB
2026/05/29 04:24:15.467, 2850 MiB
2026/05/29 04:24:16.467, 2846 MiB
2026/05/29 04:24:17.467, 2850 MiB
2026/05/29 04:24:18.468, 2850 MiB
2026/05/29 04:24:19.468, 2850 MiB
2026/05/29 04:24:20.468, 2850 MiB
2026/05/29 04:24:21.469, 2846 MiB
2026/05/29 04:24:22.469, 2846 MiB
2026/05/29 04:24:23.469, 2850 MiB
2026/05/29 04:24:24.470, 2850 MiB
2026/05/29 04:24:25.470, 2850 MiB
2026/05/29 04:24:26.470, 2846 MiB
2026/05/29 04:24:27.471, 2846 MiB
2026/05/29 04:24:28.471, 2850 MiB
2026/05/29 04:24:29.471, 2850 MiB
2026/05/29 04:24:30.473, 2850 MiB
2026/05/29 04:24:31.474, 2846 MiB
2026/05/29 04:24:32.474, 2846 MiB
2026/05/29 04:24:33.475, 2850 MiB
2026/05/29 04:24:34.476, 2850 MiB
2026/05/29 04:24:35.476, 2850 MiB
2026/05/29 04:24:36.476, 2846 MiB
2026/05/29 04:24:37.477, 2846 MiB
2026/05/29 04:24:38.477, 2850 MiB
2026/05/29 04:24:39.478, 2850 MiB
2026/05/29 04:24:40.478, 2850 MiB
2026/05/29 04:24:41.479, 2846 MiB
2026/05/29 04:24:42.479, 2846 MiB
2026/05/29 04:24:43.479, 2850 MiB
2026/05/29 04:24:44.480, 6510 MiB
2026/05/29 04:24:45.480, 6510 MiB
2026/05/29 04:24:46.480, 6506 MiB
2026/05/29 04:24:47.481, 9006 MiB
2026/05/29 04:24:48.481, 2850 MiB
2026/05/29 04:24:49.481, 2850 MiB
2026/05/29 04:24:50.482, 2850 MiB
2026/05/29 04:24:51.482, 2846 MiB
2026/05/29 04:24:52.482, 2846 MiB
2026/05/29 04:24:53.482, 2850 MiB
2026/05/29 04:24:54.483, 2850 MiB
2026/05/29 04:24:55.483, 2850 MiB
2026/05/29 04:24:56.483, 2846 MiB
2026/05/29 04:24:57.484, 2846 MiB
2026/05/29 04:24:58.484, 2843 MiB
2026/05/29 04:24:59.484, 2843 MiB
2026/05/29 04:25:00.485, 2843 MiB
2026/05/29 04:25:01.486, 2855 MiB
2026/05/29 04:25:02.486, 2855 MiB
2026/05/29 04:25:03.487, 2855 MiB
2026/05/29 04:25:04.487, 2846 MiB
2026/05/29 04:25:05.488, 2846 MiB
2026/05/29 04:25:06.488, 2843 MiB
2026/05/29 04:25:07.488, 2843 MiB
2026/05/29 04:25:08.489, 2843 MiB
2026/05/29 04:25:09.489, 2843 MiB
2026/05/29 04:25:10.489, 2855 MiB
2026/05/29 04:25:11.490, 2855 MiB
2026/05/29 04:25:12.491, 2855 MiB
2026/05/29 04:25:13.491, 2846 MiB
2026/05/29 04:25:14.492, 2846 MiB
2026/05/29 04:25:15.492, 2850 MiB
2026/05/29 04:25:16.492, 2850 MiB
2026/05/29 04:25:17.493, 2850 MiB
2026/05/29 04:25:18.493, 2846 MiB
2026/05/29 04:25:19.493, 2846 MiB
2026/05/29 04:25:20.495, 2850 MiB
2026/05/29 04:25:21.495, 2850 MiB
2026/05/29 04:25:22.495, 2850 MiB
2026/05/29 04:25:23.496, 2846 MiB
2026/05/29 04:25:24.496, 2846 MiB
2026/05/29 04:25:25.496, 2850 MiB
2026/05/29 04:25:26.497, 4590 MiB
2026/05/29 04:25:27.497, 6510 MiB
2026/05/29 04:25:28.497, 6506 MiB
2026/05/29 04:25:29.498, 6506 MiB
2026/05/29 04:25:30.498, 2870 MiB
2026/05/29 04:25:31.498, 2870 MiB
2026/05/29 04:25:32.499, 2870 MiB
2026/05/29 04:25:33.499, 2866 MiB
2026/05/29 04:25:34.499, 2866 MiB
2026/05/29 04:25:35.500, 2870 MiB
2026/05/29 04:25:36.500, 2870 MiB
2026/05/29 04:25:37.500, 2870 MiB
2026/05/29 04:25:38.501, 2870 MiB
2026/05/29 04:25:39.501, 2866 MiB
2026/05/29 04:25:40.501, 2870 MiB
2026/05/29 04:25:41.502, 2870 MiB
2026/05/29 04:25:42.502, 2870 MiB
2026/05/29 04:25:43.502, 2870 MiB
2026/05/29 04:25:44.503, 2866 MiB
2026/05/29 04:25:45.503, 2870 MiB
2026/05/29 04:25:46.505, 2870 MiB
2026/05/29 04:25:47.505, 2870 MiB
2026/05/29 04:25:48.506, 2870 MiB
2026/05/29 04:25:49.506, 2866 MiB
2026/05/29 04:25:50.507, 2870 MiB
2026/05/29 04:25:51.507, 2870 MiB
2026/05/29 04:25:52.507, 2870 MiB
2026/05/29 04:25:53.508, 2870 MiB
2026/05/29 04:25:54.508, 2866 MiB
2026/05/29 04:25:55.510, 2866 MiB
2026/05/29 04:25:56.510, 2870 MiB
2026/05/29 04:25:57.510, 2870 MiB
2026/05/29 04:25:58.511, 2870 MiB
2026/05/29 04:25:59.513, 2866 MiB
2026/05/29 04:26:00.513, 2866 MiB
2026/05/29 04:26:01.513, 2870 MiB
2026/05/29 04:26:02.514, 2870 MiB
2026/05/29 04:26:03.514, 2870 MiB
2026/05/29 04:26:04.514, 2866 MiB
2026/05/29 04:26:05.515, 2866 MiB
2026/05/29 04:26:06.515, 2870 MiB
2026/05/29 04:26:07.515, 2870 MiB
2026/05/29 04:26:08.516, 2870 MiB
2026/05/29 04:26:09.516, 6526 MiB
2026/05/29 04:26:10.517, 6526 MiB
2026/05/29 04:26:11.517, 6530 MiB
2026/05/29 04:26:12.517, 2950 MiB
2026/05/29 04:26:13.517, 2850 MiB
2026/05/29 04:26:14.518, 2846 MiB
2026/05/29 04:26:15.518, 2846 MiB
2026/05/29 04:26:16.519, 2850 MiB
2026/05/29 04:26:17.519, 2850 MiB
2026/05/29 04:26:18.519, 2850 MiB
2026/05/29 04:26:19.520, 2846 MiB
2026/05/29 04:26:20.520, 2846 MiB
2026/05/29 04:26:21.520, 2850 MiB
2026/05/29 04:26:22.521, 2850 MiB
2026/05/29 04:26:23.521, 2850 MiB
2026/05/29 04:26:24.521, 2846 MiB
2026/05/29 04:26:25.522, 2846 MiB
2026/05/29 04:26:26.522, 2850 MiB
2026/05/29 04:26:27.522, 2850 MiB
2026/05/29 04:26:28.523, 2850 MiB
2026/05/29 04:26:29.523, 2846 MiB
2026/05/29 04:26:30.523, 2846 MiB
2026/05/29 04:26:31.524, 2850 MiB
2026/05/29 04:26:32.524, 2850 MiB
2026/05/29 04:26:33.524, 2850 MiB
2026/05/29 04:26:34.525, 2846 MiB
2026/05/29 04:26:35.526, 2846 MiB
2026/05/29 04:26:36.527, 2850 MiB
2026/05/29 04:26:37.527, 2850 MiB
2026/05/29 04:26:38.527, 2850 MiB
2026/05/29 04:26:39.528, 2846 MiB
2026/05/29 04:26:40.541, 2846 MiB
2026/05/29 04:26:41.541, 2850 MiB
2026/05/29 04:26:42.541, 2850 MiB
2026/05/29 04:26:43.542, 2850 MiB
2026/05/29 04:26:44.542, 2846 MiB
2026/05/29 04:26:45.542, 2846 MiB
2026/05/29 04:26:46.543, 2850 MiB
2026/05/29 04:26:47.544, 2850 MiB
2026/05/29 04:26:48.544, 2850 MiB
2026/05/29 04:26:49.544, 2846 MiB
2026/05/29 04:26:50.545, 2846 MiB
2026/05/29 04:26:51.545, 2850 MiB
2026/05/29 04:26:52.545, 6510 MiB
2026/05/29 04:26:53.546, 6510 MiB
2026/05/29 04:26:54.546, 6510 MiB
2026/05/29 04:26:55.546, 2846 MiB
2026/05/29 04:26:56.547, 2850 MiB
2026/05/29 04:26:57.547, 2850 MiB
2026/05/29 04:26:58.547, 2850 MiB
2026/05/29 04:26:59.547, 2850 MiB
2026/05/29 04:27:00.548, 2846 MiB
2026/05/29 04:27:01.548, 2846 MiB
2026/05/29 04:27:02.548, 2843 MiB
2026/05/29 04:27:03.549, 2855 MiB
2026/05/29 04:27:04.549, 2855 MiB
2026/05/29 04:27:05.549, 2855 MiB
2026/05/29 04:27:06.550, 2846 MiB
2026/05/29 04:27:07.550, 2846 MiB
2026/05/29 04:27:08.551, 2850 MiB
2026/05/29 04:27:09.551, 2850 MiB
2026/05/29 04:27:10.551, 2850 MiB
2026/05/29 04:27:11.552, 2846 MiB
2026/05/29 04:27:12.553, 2846 MiB
2026/05/29 04:27:13.553, 2850 MiB
2026/05/29 04:27:14.554, 2850 MiB
2026/05/29 04:27:15.555, 2850 MiB
2026/05/29 04:27:16.555, 2846 MiB
2026/05/29 04:27:17.555, 2846 MiB
2026/05/29 04:27:18.556, 2850 MiB
2026/05/29 04:27:19.556, 2850 MiB
2026/05/29 04:27:20.556, 2850 MiB
2026/05/29 04:27:21.557, 2846 MiB
2026/05/29 04:27:22.558, 2846 MiB
2026/05/29 04:27:23.558, 2850 MiB
2026/05/29 04:27:24.559, 2850 MiB
2026/05/29 04:27:25.559, 2850 MiB
2026/05/29 04:27:26.559, 2846 MiB
2026/05/29 04:27:27.560, 2846 MiB
2026/05/29 04:27:28.560, 2843 MiB
2026/05/29 04:27:29.561, 2843 MiB
2026/05/29 04:27:30.561, 2843 MiB
2026/05/29 04:27:31.561, 2855 MiB
2026/05/29 04:27:32.561, 2855 MiB
2026/05/29 04:27:33.562, 2855 MiB
2026/05/29 04:27:34.562, 2846 MiB
2026/05/29 04:27:35.562, 6506 MiB
2026/05/29 04:27:36.563, 6510 MiB
2026/05/29 04:27:37.564, 7931 MiB
2026/05/29 04:27:38.564, 2871 MiB
2026/05/29 04:27:39.564, 2866 MiB
2026/05/29 04:27:40.565, 2866 MiB
2026/05/29 04:27:41.565, 2870 MiB
2026/05/29 04:27:42.565, 2870 MiB
2026/05/29 04:27:43.566, 2870 MiB
2026/05/29 04:27:44.566, 2866 MiB
2026/05/29 04:27:45.566, 2866 MiB
2026/05/29 04:27:46.567, 2870 MiB
2026/05/29 04:27:47.567, 2870 MiB
2026/05/29 04:27:48.567, 2870 MiB
2026/05/29 04:27:49.568, 2866 MiB
2026/05/29 04:27:50.568, 2866 MiB
2026/05/29 04:27:51.568, 2870 MiB
2026/05/29 04:27:52.569, 2870 MiB
2026/05/29 04:27:53.569, 2870 MiB
2026/05/29 04:27:54.569, 2866 MiB
2026/05/29 04:27:55.570, 2866 MiB
2026/05/29 04:27:56.570, 2870 MiB
2026/05/29 04:27:57.570, 2870 MiB
2026/05/29 04:27:58.571, 2870 MiB
2026/05/29 04:27:59.571, 2866 MiB
2026/05/29 04:28:00.571, 2866 MiB
2026/05/29 04:28:01.572, 2870 MiB
2026/05/29 04:28:02.572, 2870 MiB
2026/05/29 04:28:03.572, 2870 MiB
2026/05/29 04:28:04.573, 2866 MiB
2026/05/29 04:28:05.574, 2866 MiB
2026/05/29 04:28:06.575, 2870 MiB
2026/05/29 04:28:07.575, 2870 MiB
2026/05/29 04:28:08.576, 2870 MiB
2026/05/29 04:28:09.576, 2866 MiB
2026/05/29 04:28:10.577, 2866 MiB
2026/05/29 04:28:11.577, 2870 MiB
2026/05/29 04:28:12.577, 2870 MiB
2026/05/29 04:28:13.578, 2870 MiB
2026/05/29 04:28:14.579, 2870 MiB
2026/05/29 04:28:15.579, 2866 MiB
2026/05/29 04:28:16.580, 3310 MiB
2026/05/29 04:28:17.580, 6530 MiB
2026/05/29 04:28:18.580, 6530 MiB
2026/05/29 04:28:19.581, 5890 MiB
2026/05/29 04:28:20.581, 2866 MiB
2026/05/29 04:28:21.581, 2866 MiB
2026/05/29 04:28:22.582, 2870 MiB
2026/05/29 04:28:23.582, 2870 MiB
2026/05/29 04:28:24.582, 2866 MiB
2026/05/29 04:28:25.583, 2866 MiB
2026/05/29 04:28:26.583, 2866 MiB
2026/05/29 04:28:27.583, 2870 MiB
2026/05/29 04:28:28.584, 2870 MiB
2026/05/29 04:28:29.584, 2866 MiB
2026/05/29 04:28:30.584, 2866 MiB
2026/05/29 04:28:31.585, 2866 MiB
2026/05/29 04:28:32.585, 2870 MiB
2026/05/29 04:28:33.585, 2870 MiB
2026/05/29 04:28:34.586, 2866 MiB
2026/05/29 04:28:35.586, 2866 MiB
2026/05/29 04:28:36.587, 2866 MiB
2026/05/29 04:28:37.587, 2870 MiB
2026/05/29 04:28:38.587, 2870 MiB
2026/05/29 04:28:39.587, 2870 MiB
2026/05/29 04:28:40.588, 2870 MiB
2026/05/29 04:28:41.588, 2866 MiB
2026/05/29 04:28:42.588, 2863 MiB
2026/05/29 04:28:43.589, 2863 MiB
2026/05/29 04:28:44.589, 2863 MiB
2026/05/29 04:28:45.589, 2863 MiB
2026/05/29 04:28:46.590, 2863 MiB
2026/05/29 04:28:47.590, 2863 MiB
2026/05/29 04:28:48.590, 2875 MiB
2026/05/29 04:28:49.591, 2875 MiB
2026/05/29 04:28:50.591, 2875 MiB
2026/05/29 04:28:51.591, 2875 MiB
2026/05/29 04:28:52.592, 2866 MiB
2026/05/29 04:28:53.592, 2870 MiB
2026/05/29 04:28:54.592, 2870 MiB
2026/05/29 04:28:55.593, 2870 MiB
2026/05/29 04:28:56.593, 2870 MiB
2026/05/29 04:28:57.593, 2866 MiB
2026/05/29 04:28:58.594, 2863 MiB
2026/05/29 04:28:59.594, 6523 MiB
2026/05/29 04:29:00.595, 6523 MiB
2026/05/29 04:29:01.595, 6523 MiB
2026/05/29 04:29:02.595, 5663 MiB
2026/05/29 04:29:03.596, 2843 MiB
2026/05/29 04:29:04.596, 2855 MiB
2026/05/29 04:29:05.596, 2855 MiB
2026/05/29 04:29:06.597, 2855 MiB
2026/05/29 04:29:07.597, 2855 MiB
2026/05/29 04:29:08.597, 2846 MiB
2026/05/29 04:29:09.598, 2850 MiB
2026/05/29 04:29:10.598, 2850 MiB
2026/05/29 04:29:11.598, 2850 MiB
2026/05/29 04:29:12.599, 2850 MiB
2026/05/29 04:29:13.599, 2846 MiB
2026/05/29 04:29:14.599, 2850 MiB
2026/05/29 04:29:15.600, 2850 MiB
2026/05/29 04:29:16.600, 2850 MiB
2026/05/29 04:29:17.601, 2850 MiB
2026/05/29 04:29:18.601, 2846 MiB
2026/05/29 04:29:19.602, 2843 MiB
2026/05/29 04:29:20.602, 2855 MiB
2026/05/29 04:29:21.602, 2855 MiB
2026/05/29 04:29:22.603, 2855 MiB
2026/05/29 04:29:23.604, 2855 MiB
2026/05/29 04:29:24.604, 2846 MiB
2026/05/29 04:29:25.604, 2850 MiB
2026/05/29 04:29:26.605, 2850 MiB
2026/05/29 04:29:27.605, 2850 MiB
2026/05/29 04:29:28.605, 2850 MiB
2026/05/29 04:29:29.607, 2846 MiB
2026/05/29 04:29:30.607, 2850 MiB
2026/05/29 04:29:31.607, 2850 MiB
2026/05/29 04:29:32.608, 2850 MiB
2026/05/29 04:29:33.609, 2850 MiB
2026/05/29 04:29:34.609, 2846 MiB
2026/05/29 04:29:35.609, 2850 MiB
2026/05/29 04:29:36.610, 2850 MiB
2026/05/29 04:29:37.611, 2850 MiB
2026/05/29 04:29:38.611, 2850 MiB
2026/05/29 04:29:39.612, 2846 MiB
2026/05/29 04:29:40.612, 2850 MiB
2026/05/29 04:29:41.612, 2850 MiB
2026/05/29 04:29:42.613, 6510 MiB
2026/05/29 04:29:43.613, 6510 MiB
2026/05/29 04:29:44.613, 6506 MiB
2026/05/29 04:29:45.614, 9130 MiB
2026/05/29 04:29:46.614, 2870 MiB
2026/05/29 04:29:47.614, 2870 MiB
2026/05/29 04:29:48.615, 2870 MiB
2026/05/29 04:29:49.615, 2866 MiB
2026/05/29 04:29:50.615, 2870 MiB
2026/05/29 04:29:51.616, 2870 MiB
2026/05/29 04:29:52.616, 2870 MiB
2026/05/29 04:29:53.616, 2870 MiB
2026/05/29 04:29:54.617, 2866 MiB
2026/05/29 04:29:55.617, 2866 MiB
2026/05/29 04:29:56.617, 2875 MiB
2026/05/29 04:29:57.618, 2875 MiB
2026/05/29 04:29:58.618, 2875 MiB
2026/05/29 04:29:59.618, 2875 MiB
2026/05/29 04:30:00.619, 2866 MiB
2026/05/29 04:30:01.619, 2870 MiB
2026/05/29 04:30:02.619, 2870 MiB
2026/05/29 04:30:03.620, 2870 MiB
2026/05/29 04:30:04.620, 2870 MiB
2026/05/29 04:30:05.621, 2866 MiB
2026/05/29 04:30:06.621, 2870 MiB
2026/05/29 04:30:07.622, 2870 MiB
2026/05/29 04:30:08.622, 2870 MiB
2026/05/29 04:30:09.622, 2870 MiB
2026/05/29 04:30:10.623, 2866 MiB
2026/05/29 04:30:11.623, 2870 MiB
2026/05/29 04:30:12.624, 2870 MiB
2026/05/29 04:30:13.625, 2870 MiB
2026/05/29 04:30:14.625, 2870 MiB
2026/05/29 04:30:15.625, 2866 MiB
2026/05/29 04:30:16.626, 2870 MiB
2026/05/29 04:30:17.629, 2870 MiB
2026/05/29 04:30:18.629, 2870 MiB
2026/05/29 04:30:19.629, 2870 MiB
2026/05/29 04:30:20.630, 2866 MiB
2026/05/29 04:30:21.630, 2870 MiB
2026/05/29 04:30:22.630, 2870 MiB
2026/05/29 04:30:23.631, 2870 MiB
2026/05/29 04:30:24.631, 2870 MiB
2026/05/29 04:30:25.631, 6526 MiB
2026/05/29 04:30:26.632, 6526 MiB
2026/05/29 04:30:27.632, 6523 MiB
2026/05/29 04:30:28.633, 9055 MiB
2026/05/29 04:30:29.633, 2855 MiB
2026/05/29 04:30:30.633, 2855 MiB
2026/05/29 04:30:31.634, 2846 MiB
2026/05/29 04:30:32.634, 2846 MiB
2026/05/29 04:30:33.634, 2850 MiB
2026/05/29 04:30:34.635, 2850 MiB
2026/05/29 04:30:35.635, 2850 MiB
2026/05/29 04:30:36.635, 2850 MiB
2026/05/29 04:30:37.636, 2846 MiB
2026/05/29 04:30:38.636, 2850 MiB
2026/05/29 04:30:39.637, 2850 MiB
2026/05/29 04:30:40.637, 2850 MiB
2026/05/29 04:30:41.637, 2850 MiB
2026/05/29 04:30:42.638, 2846 MiB
2026/05/29 04:30:43.638, 2843 MiB
2026/05/29 04:30:44.638, 2843 MiB
2026/05/29 04:30:45.639, 2843 MiB
2026/05/29 04:30:46.639, 2843 MiB
2026/05/29 04:30:47.639, 2843 MiB
2026/05/29 04:30:48.640, 2843 MiB
2026/05/29 04:30:49.640, 2843 MiB
2026/05/29 04:30:50.641, 2843 MiB
2026/05/29 04:30:51.641, 2854 MiB
2026/05/29 04:30:52.641, 2854 MiB
2026/05/29 04:30:53.642, 2854 MiB
2026/05/29 04:30:54.642, 2846 MiB
2026/05/29 04:30:55.642, 2846 MiB
2026/05/29 04:30:56.643, 2850 MiB
2026/05/29 04:30:57.643, 2850 MiB
2026/05/29 04:30:58.643, 2850 MiB
2026/05/29 04:30:59.644, 2850 MiB
2026/05/29 04:31:00.644, 2846 MiB
2026/05/29 04:31:01.644, 2850 MiB
2026/05/29 04:31:02.644, 2850 MiB
2026/05/29 04:31:03.646, 2850 MiB
2026/05/29 04:31:04.647, 2850 MiB
2026/05/29 04:31:05.647, 2846 MiB
2026/05/29 04:31:06.647, 2850 MiB
2026/05/29 04:31:07.648, 2850 MiB
2026/05/29 04:31:08.648, 2850 MiB
2026/05/29 04:31:09.648, 2850 MiB
2026/05/29 04:31:10.649, 6506 MiB
2026/05/29 04:31:11.649, 6510 MiB
2026/05/29 04:31:12.649, 2870 MiB
2026/05/29 04:31:13.650, 2870 MiB
2026/05/29 04:31:14.650, 2870 MiB
2026/05/29 04:31:15.650, 2866 MiB
2026/05/29 04:31:16.651, 2870 MiB
2026/05/29 04:31:17.651, 2870 MiB
2026/05/29 04:31:18.651, 2870 MiB
2026/05/29 04:31:19.652, 2870 MiB
2026/05/29 04:31:20.652, 2866 MiB
2026/05/29 04:31:21.652, 2870 MiB
2026/05/29 04:31:22.653, 2870 MiB
2026/05/29 04:31:23.653, 2870 MiB
2026/05/29 04:31:24.653, 2870 MiB
2026/05/29 04:31:25.653, 2866 MiB
2026/05/29 04:31:26.654, 2870 MiB
2026/05/29 04:31:27.658, 2870 MiB
2026/05/29 04:31:28.658, 2870 MiB
2026/05/29 04:31:29.658, 2870 MiB
2026/05/29 04:31:30.659, 2866 MiB
2026/05/29 04:31:31.660, 2870 MiB
2026/05/29 04:31:32.660, 2870 MiB
2026/05/29 04:31:33.661, 2870 MiB
2026/05/29 04:31:34.661, 2870 MiB
2026/05/29 04:31:35.661, 2866 MiB
2026/05/29 04:31:36.661, 2866 MiB
2026/05/29 04:31:37.662, 2870 MiB
2026/05/29 04:31:38.662, 2870 MiB
2026/05/29 04:31:39.662, 2870 MiB
2026/05/29 04:31:40.663, 2866 MiB
2026/05/29 04:31:41.663, 2866 MiB
2026/05/29 04:31:42.664, 2870 MiB
2026/05/29 04:31:43.664, 2870 MiB
2026/05/29 04:31:44.664, 2870 MiB
2026/05/29 04:31:45.664, 2866 MiB
2026/05/29 04:31:46.665, 2866 MiB
2026/05/29 04:31:47.665, 2870 MiB
2026/05/29 04:31:48.666, 2870 MiB
2026/05/29 04:31:49.666, 2870 MiB
2026/05/29 04:31:50.666, 2866 MiB
2026/05/29 04:31:51.666, 2866 MiB
2026/05/29 04:31:52.667, 6530 MiB
2026/05/29 04:31:53.667, 3410 MiB
2026/05/29 04:31:54.667, 2850 MiB
2026/05/29 04:31:55.668, 2846 MiB
2026/05/29 04:31:56.668, 2846 MiB
2026/05/29 04:31:57.668, 2850 MiB
2026/05/29 04:31:58.669, 2850 MiB
2026/05/29 04:31:59.669, 2850 MiB
2026/05/29 04:32:00.669, 2846 MiB
2026/05/29 04:32:01.670, 2846 MiB
2026/05/29 04:32:02.670, 2850 MiB
2026/05/29 04:32:03.670, 2850 MiB
2026/05/29 04:32:04.671, 2850 MiB
2026/05/29 04:32:05.671, 2846 MiB
2026/05/29 04:32:06.671, 2846 MiB
2026/05/29 04:32:07.678, 2850 MiB
2026/05/29 04:32:08.678, 2850 MiB
2026/05/29 04:32:09.679, 2850 MiB
2026/05/29 04:32:10.679, 2846 MiB
2026/05/29 04:32:11.679, 2846 MiB
2026/05/29 04:32:12.680, 2850 MiB
2026/05/29 04:32:13.681, 2850 MiB
2026/05/29 04:32:14.682, 2850 MiB
2026/05/29 04:32:15.683, 2846 MiB
2026/05/29 04:32:16.684, 2846 MiB
2026/05/29 04:32:17.684, 2850 MiB
2026/05/29 04:32:18.684, 2850 MiB
2026/05/29 04:32:19.685, 2850 MiB
2026/05/29 04:32:20.685, 2850 MiB
2026/05/29 04:32:21.685, 2846 MiB
2026/05/29 04:32:22.686, 2843 MiB
2026/05/29 04:32:23.686, 2843 MiB
2026/05/29 04:32:24.687, 2843 MiB
2026/05/29 04:32:25.687, 2843 MiB
2026/05/29 04:32:26.688, 2854 MiB
2026/05/29 04:32:27.688, 2854 MiB
2026/05/29 04:32:28.688, 2854 MiB
2026/05/29 04:32:29.689, 2846 MiB
2026/05/29 04:32:30.689, 2846 MiB
2026/05/29 04:32:31.689, 2843 MiB
2026/05/29 04:32:32.690, 2854 MiB
2026/05/29 04:32:33.690, 8454 MiB
2026/05/29 04:32:34.690, 8454 MiB
2026/05/29 04:32:35.690, 8446 MiB
2026/05/29 04:32:36.691, 3546 MiB
2026/05/29 04:32:37.691, 2843 MiB
2026/05/29 04:32:38.691, 2843 MiB
2026/05/29 04:32:39.692, 2843 MiB
2026/05/29 04:32:40.692, 2843 MiB
2026/05/29 04:32:41.692, 2843 MiB
2026/05/29 04:32:42.693, 2854 MiB
2026/05/29 04:32:43.693, 2854 MiB
2026/05/29 04:32:44.693, 2854 MiB
2026/05/29 04:32:45.694, 2846 MiB
2026/05/29 04:32:46.694, 2846 MiB
2026/05/29 04:32:47.694, 2850 MiB
2026/05/29 04:32:48.695, 2850 MiB
2026/05/29 04:32:49.695, 2850 MiB
2026/05/29 04:32:50.696, 2846 MiB
2026/05/29 04:32:51.697, 2846 MiB
2026/05/29 04:32:52.697, 2850 MiB
2026/05/29 04:32:53.697, 2850 MiB
2026/05/29 04:32:54.711, 2850 MiB
2026/05/29 04:32:55.711, 2850 MiB
2026/05/29 04:32:56.712, 2846 MiB
2026/05/29 04:32:57.713, 2850 MiB
2026/05/29 04:32:58.717, 2850 MiB
2026/05/29 04:32:59.718, 2850 MiB
2026/05/29 04:33:00.718, 2850 MiB
2026/05/29 04:33:01.720, 2846 MiB
2026/05/29 04:33:02.720, 2850 MiB
2026/05/29 04:33:03.720, 2850 MiB
2026/05/29 04:33:04.721, 2850 MiB
2026/05/29 04:33:05.721, 2850 MiB
2026/05/29 04:33:06.723, 2846 MiB
2026/05/29 04:33:07.724, 2850 MiB
2026/05/29 04:33:08.724, 2850 MiB
2026/05/29 04:33:09.724, 2850 MiB
2026/05/29 04:33:10.725, 2850 MiB
2026/05/29 04:33:11.725, 2846 MiB
2026/05/29 04:33:12.725, 2850 MiB
2026/05/29 04:33:13.726, 2850 MiB
2026/05/29 04:33:14.726, 2850 MiB
2026/05/29 04:33:15.727, 2850 MiB
2026/05/29 04:33:16.727, 3026 MiB
2026/05/29 04:33:17.728, 6510 MiB
2026/05/29 04:33:18.728, 6510 MiB
2026/05/29 04:33:19.728, 6510 MiB
2026/05/29 04:33:20.729, 7870 MiB
2026/05/29 04:33:21.729, 2866 MiB
2026/05/29 04:33:22.729, 2870 MiB
2026/05/29 04:33:23.730, 2870 MiB
2026/05/29 04:33:24.730, 2870 MiB
2026/05/29 04:33:25.730, 2870 MiB
2026/05/29 04:33:26.731, 2866 MiB
2026/05/29 04:33:27.731, 2870 MiB
2026/05/29 04:33:28.731, 2870 MiB
2026/05/29 04:33:29.732, 2870 MiB
2026/05/29 04:33:30.732, 2870 MiB
2026/05/29 04:33:31.732, 2866 MiB
2026/05/29 04:33:32.733, 2866 MiB
2026/05/29 04:33:33.735, 2870 MiB
2026/05/29 04:33:34.735, 2870 MiB
2026/05/29 04:33:35.735, 2870 MiB
2026/05/29 04:33:36.736, 2866 MiB
2026/05/29 04:33:37.737, 2866 MiB
2026/05/29 04:33:38.737, 2870 MiB
2026/05/29 04:33:39.737, 2870 MiB
2026/05/29 04:33:40.739, 2870 MiB
2026/05/29 04:33:41.739, 2866 MiB
2026/05/29 04:33:42.739, 2866 MiB
2026/05/29 04:33:43.740, 2870 MiB
2026/05/29 04:33:44.741, 2870 MiB
2026/05/29 04:33:45.741, 2870 MiB
2026/05/29 04:33:46.742, 2866 MiB
2026/05/29 04:33:47.742, 2866 MiB
2026/05/29 04:33:48.742, 2870 MiB
2026/05/29 04:33:49.744, 2870 MiB
2026/05/29 04:33:50.744, 2870 MiB
2026/05/29 04:33:51.744, 2866 MiB
2026/05/29 04:33:52.745, 2866 MiB
2026/05/29 04:33:53.745, 2870 MiB
2026/05/29 04:33:54.745, 2870 MiB
2026/05/29 04:33:55.746, 2870 MiB
2026/05/29 04:33:56.746, 2866 MiB
2026/05/29 04:33:57.747, 2866 MiB
2026/05/29 04:33:58.747, 2870 MiB
2026/05/29 04:33:59.752, 2870 MiB
2026/05/29 04:34:00.753, 6530 MiB
2026/05/29 04:34:01.753, 6526 MiB
2026/05/29 04:34:02.753, 6526 MiB
2026/05/29 04:34:03.754, 5250 MiB
2026/05/29 04:34:04.754, 2870 MiB
2026/05/29 04:34:05.754, 2870 MiB
2026/05/29 04:34:06.755, 2866 MiB
2026/05/29 04:34:07.755, 2866 MiB
2026/05/29 04:34:08.755, 2870 MiB
2026/05/29 04:34:09.756, 2870 MiB
2026/05/29 04:34:10.756, 2870 MiB
2026/05/29 04:34:11.756, 2866 MiB
2026/05/29 04:34:12.757, 2866 MiB
2026/05/29 04:34:13.757, 2870 MiB
2026/05/29 04:34:14.757, 2870 MiB
2026/05/29 04:34:15.758, 2870 MiB
2026/05/29 04:34:16.758, 2866 MiB
2026/05/29 04:34:17.758, 2866 MiB
2026/05/29 04:34:18.759, 2870 MiB
2026/05/29 04:34:19.759, 2870 MiB
2026/05/29 04:34:20.759, 2870 MiB
2026/05/29 04:34:21.759, 2866 MiB
2026/05/29 04:34:22.760, 2866 MiB
2026/05/29 04:34:23.764, 2870 MiB
2026/05/29 04:34:24.765, 2870 MiB
2026/05/29 04:34:25.765, 2870 MiB
2026/05/29 04:34:26.766, 2870 MiB
2026/05/29 04:34:27.766, 2866 MiB
2026/05/29 04:34:28.766, 2870 MiB
2026/05/29 04:34:29.767, 2870 MiB
2026/05/29 04:34:30.768, 2870 MiB
2026/05/29 04:34:31.768, 2870 MiB
2026/05/29 04:34:32.769, 2866 MiB
2026/05/29 04:34:33.770, 2870 MiB
2026/05/29 04:34:34.770, 2870 MiB
2026/05/29 04:34:35.770, 2870 MiB
2026/05/29 04:34:36.772, 2870 MiB
2026/05/29 04:34:37.773, 2866 MiB
2026/05/29 04:34:38.773, 2870 MiB
2026/05/29 04:34:39.773, 2870 MiB
2026/05/29 04:34:40.774, 2870 MiB
2026/05/29 04:34:41.774, 2870 MiB
2026/05/29 04:34:42.774, 2866 MiB
2026/05/29 04:34:43.775, 6526 MiB
2026/05/29 04:34:44.775, 6530 MiB
2026/05/29 04:34:45.775, 6530 MiB
2026/05/29 04:34:46.776, 3390 MiB
2026/05/29 04:34:47.776, 2846 MiB
2026/05/29 04:34:48.777, 2846 MiB
2026/05/29 04:34:49.777, 2900 MiB
2026/05/29 04:34:50.778, 2621 MiB
2026/05/29 04:34:51.778, 2621 MiB
2026/05/29 04:34:52.778, 2621 MiB
2026/05/29 04:34:53.779, 2621 MiB
2026/05/29 04:34:54.779, 2621 MiB
2026/05/29 04:34:55.779, 2621 MiB
2026/05/29 04:34:56.780, 2621 MiB
2026/05/29 04:34:57.780, 2621 MiB
2026/05/29 04:34:58.780, 2621 MiB
2026/05/29 04:34:59.781, 2621 MiB
2026/05/29 04:35:00.781, 2621 MiB
2026/05/29 04:35:01.782, 2621 MiB
2026/05/29 04:35:02.782, 2621 MiB
2026/05/29 04:35:03.782, 2621 MiB
2026/05/29 04:35:04.783, 2621 MiB
2026/05/29 04:35:05.783, 2621 MiB
2026/05/29 04:35:06.784, 2621 MiB
2026/05/29 04:35:07.784, 2621 MiB
2026/05/29 04:35:08.785, 2621 MiB
2026/05/29 04:35:09.785, 2621 MiB
2026/05/29 04:35:10.786, 2621 MiB
2026/05/29 04:35:11.786, 2621 MiB
2026/05/29 04:35:12.786, 2621 MiB
2026/05/29 04:35:13.787, 2621 MiB
2026/05/29 04:35:14.787, 2621 MiB
2026/05/29 04:35:15.807, 2621 MiB
2026/05/29 04:35:16.807, 2621 MiB
2026/05/29 04:35:17.808, 2621 MiB
2026/05/29 04:35:18.808, 2621 MiB
2026/05/29 04:35:19.808, 2621 MiB
2026/05/29 04:35:20.809, 2621 MiB
2026/05/29 04:35:21.809, 2621 MiB
2026/05/29 04:35:22.809, 2621 MiB
2026/05/29 04:35:23.810, 2621 MiB
2026/05/29 04:35:24.810, 2621 MiB
2026/05/29 04:35:25.811, 6281 MiB
2026/05/29 04:35:26.811, 6281 MiB
2026/05/29 04:35:27.811, 6281 MiB
2026/05/29 04:35:28.812, 6280 MiB
2026/05/29 04:35:29.812, 2621 MiB
2026/05/29 04:35:30.812, 2621 MiB
2026/05/29 04:35:31.813, 2621 MiB
2026/05/29 04:35:32.813, 2621 MiB
2026/05/29 04:35:33.813, 2621 MiB
2026/05/29 04:35:34.814, 2621 MiB
2026/05/29 04:35:35.814, 2621 MiB
2026/05/29 04:35:36.814, 2621 MiB
2026/05/29 04:35:37.815, 2621 MiB
2026/05/29 04:35:38.815, 2621 MiB
2026/05/29 04:35:39.815, 2621 MiB
2026/05/29 04:35:40.815, 2625 MiB
2026/05/29 04:35:41.816, 2625 MiB
2026/05/29 04:35:42.816, 2625 MiB
2026/05/29 04:35:43.817, 2625 MiB
2026/05/29 04:35:44.817, 2625 MiB
2026/05/29 04:35:45.817, 2625 MiB
2026/05/29 04:35:46.818, 2625 MiB
2026/05/29 04:35:47.818, 2625 MiB
2026/05/29 04:35:48.818, 2625 MiB
2026/05/29 04:35:49.819, 2625 MiB
2026/05/29 04:35:50.819, 2625 MiB
2026/05/29 04:35:51.819, 2625 MiB
2026/05/29 04:35:52.820, 2624 MiB
2026/05/29 04:35:53.821, 2621 MiB
2026/05/29 04:35:54.822, 2621 MiB
2026/05/29 04:35:55.823, 2621 MiB
2026/05/29 04:35:56.823, 2621 MiB
2026/05/29 04:35:57.824, 2625 MiB
2026/05/29 04:35:58.825, 2625 MiB
2026/05/29 04:35:59.825, 2625 MiB
2026/05/29 04:36:00.825, 2625 MiB
2026/05/29 04:36:01.826, 2625 MiB
2026/05/29 04:36:02.826, 2625 MiB
2026/05/29 04:36:03.826, 2625 MiB
2026/05/29 04:36:04.827, 2621 MiB
2026/05/29 04:36:05.827, 2625 MiB
2026/05/29 04:36:06.827, 2625 MiB
2026/05/29 04:36:07.828, 2805 MiB
2026/05/29 04:36:08.828, 6285 MiB
2026/05/29 04:36:09.828, 6285 MiB
2026/05/29 04:36:10.828, 6285 MiB
2026/05/29 04:36:11.829, 9025 MiB
2026/05/29 04:36:12.829, 2625 MiB
2026/05/29 04:36:13.829, 2625 MiB
2026/05/29 04:36:14.830, 2625 MiB
2026/05/29 04:36:15.830, 2625 MiB
2026/05/29 04:36:16.830, 2625 MiB
2026/05/29 04:36:17.831, 2625 MiB
2026/05/29 04:36:18.831, 2625 MiB
2026/05/29 04:36:19.832, 2625 MiB
2026/05/29 04:36:20.832, 2625 MiB
2026/05/29 04:36:21.832, 2625 MiB
2026/05/29 04:36:22.833, 2625 MiB
2026/05/29 04:36:23.833, 2625 MiB
2026/05/29 04:36:24.833, 2625 MiB
2026/05/29 04:36:25.834, 2625 MiB
2026/05/29 04:36:26.834, 2625 MiB
2026/05/29 04:36:27.834, 2625 MiB
2026/05/29 04:36:28.835, 2625 MiB
2026/05/29 04:36:29.835, 2624 MiB
2026/05/29 04:36:30.835, 2621 MiB
2026/05/29 04:36:31.836, 2621 MiB
2026/05/29 04:36:32.836, 2621 MiB
2026/05/29 04:36:33.836, 2621 MiB
2026/05/29 04:36:34.837, 2625 MiB
2026/05/29 04:36:35.837, 2625 MiB
2026/05/29 04:36:36.837, 2625 MiB
2026/05/29 04:36:37.838, 2625 MiB
2026/05/29 04:36:38.838, 2625 MiB
2026/05/29 04:36:39.839, 2625 MiB
2026/05/29 04:36:40.839, 2625 MiB
2026/05/29 04:36:41.841, 2625 MiB
2026/05/29 04:36:42.841, 2625 MiB
2026/05/29 04:36:43.841, 2625 MiB
2026/05/29 04:36:44.842, 2625 MiB
2026/05/29 04:36:45.842, 2625 MiB
2026/05/29 04:36:46.842, 2625 MiB
2026/05/29 04:36:47.844, 2625 MiB
2026/05/29 04:36:48.844, 2625 MiB
2026/05/29 04:36:49.844, 2625 MiB
2026/05/29 04:36:50.845, 6282 MiB
2026/05/29 04:36:51.845, 6282 MiB
2026/05/29 04:36:52.845, 6282 MiB
2026/05/29 04:36:53.846, 7542 MiB
2026/05/29 04:36:54.846, 2642 MiB
2026/05/29 04:36:55.846, 2634 MiB
2026/05/29 04:36:56.847, 2634 MiB
2026/05/29 04:36:57.847, 2634 MiB
2026/05/29 04:36:58.847, 2634 MiB
2026/05/29 04:36:59.847, 2634 MiB
2026/05/29 04:37:00.848, 2645 MiB
2026/05/29 04:37:01.848, 2645 MiB
2026/05/29 04:37:02.849, 2645 MiB
2026/05/29 04:37:03.849, 2645 MiB
2026/05/29 04:37:04.849, 2645 MiB
2026/05/29 04:37:05.849, 2645 MiB
2026/05/29 04:37:06.850, 2645 MiB
2026/05/29 04:37:07.850, 2645 MiB
2026/05/29 04:37:08.851, 2645 MiB
2026/05/29 04:37:09.852, 2645 MiB
2026/05/29 04:37:10.852, 2645 MiB
2026/05/29 04:37:11.852, 2645 MiB
2026/05/29 04:37:12.855, 2645 MiB
2026/05/29 04:37:13.855, 2645 MiB
2026/05/29 04:37:14.855, 2645 MiB
2026/05/29 04:37:15.856, 2645 MiB
2026/05/29 04:37:16.858, 2645 MiB
2026/05/29 04:37:17.858, 2645 MiB
2026/05/29 04:37:18.859, 2645 MiB
2026/05/29 04:37:19.861, 2645 MiB
2026/05/29 04:37:20.862, 2645 MiB
2026/05/29 04:37:21.862, 2645 MiB
2026/05/29 04:37:22.863, 2645 MiB
2026/05/29 04:37:23.863, 2645 MiB
2026/05/29 04:37:24.864, 2645 MiB
2026/05/29 04:37:25.866, 2645 MiB
2026/05/29 04:37:26.867, 2644 MiB
2026/05/29 04:37:27.867, 2644 MiB
2026/05/29 04:37:28.867, 2640 MiB
2026/05/29 04:37:29.868, 2640 MiB
2026/05/29 04:37:30.868, 2640 MiB
2026/05/29 04:37:31.868, 2640 MiB
2026/05/29 04:37:32.869, 3081 MiB
2026/05/29 04:37:33.869, 4621 MiB
2026/05/29 04:37:34.869, 2621 MiB
2026/05/29 04:37:35.870, 2620 MiB
2026/05/29 04:37:36.870, 2625 MiB
2026/05/29 04:37:37.870, 2625 MiB
2026/05/29 04:37:38.871, 2625 MiB
2026/05/29 04:37:39.871, 2625 MiB
2026/05/29 04:37:40.871, 2625 MiB
2026/05/29 04:37:41.872, 2625 MiB
2026/05/29 04:37:42.872, 2625 MiB
2026/05/29 04:37:43.872, 2621 MiB
2026/05/29 04:37:44.880, 2625 MiB
2026/05/29 04:37:45.881, 2625 MiB
2026/05/29 04:37:46.881, 2625 MiB
2026/05/29 04:37:47.881, 2625 MiB
2026/05/29 04:37:48.882, 2625 MiB
2026/05/29 04:37:49.882, 2625 MiB
2026/05/29 04:37:50.882, 2625 MiB
2026/05/29 04:37:51.883, 2625 MiB
2026/05/29 04:37:52.883, 2625 MiB
2026/05/29 04:37:53.884, 2625 MiB
2026/05/29 04:37:54.885, 2625 MiB
2026/05/29 04:37:55.885, 2625 MiB
2026/05/29 04:37:56.886, 2625 MiB
2026/05/29 04:37:57.886, 2625 MiB
2026/05/29 04:37:58.887, 2625 MiB
2026/05/29 04:37:59.887, 2625 MiB
2026/05/29 04:38:00.895, 2625 MiB
2026/05/29 04:38:01.895, 2625 MiB
2026/05/29 04:38:02.896, 2625 MiB
2026/05/29 04:38:03.896, 2625 MiB
2026/05/29 04:38:04.896, 2625 MiB
2026/05/29 04:38:05.897, 2625 MiB
2026/05/29 04:38:06.897, 2625 MiB
2026/05/29 04:38:07.897, 2625 MiB
2026/05/29 04:38:08.898, 2625 MiB
2026/05/29 04:38:09.898, 2625 MiB
2026/05/29 04:38:10.898, 2624 MiB
2026/05/29 04:38:11.899, 2624 MiB
2026/05/29 04:38:12.900, 2620 MiB
2026/05/29 04:38:13.900, 2620 MiB
2026/05/29 04:38:14.900, 4961 MiB
2026/05/29 04:38:15.901, 6281 MiB
2026/05/29 04:38:16.901, 6561 MiB
2026/05/29 04:38:17.901, 2641 MiB
2026/05/29 04:38:18.902, 2641 MiB
2026/05/29 04:38:19.902, 2641 MiB
2026/05/29 04:38:20.902, 2641 MiB
2026/05/29 04:38:21.903, 2641 MiB
2026/05/29 04:38:22.903, 2641 MiB
2026/05/29 04:38:23.903, 2641 MiB
2026/05/29 04:38:24.904, 2641 MiB
2026/05/29 04:38:25.904, 2641 MiB
2026/05/29 04:38:26.904, 2637 MiB
2026/05/29 04:38:27.904, 2645 MiB
2026/05/29 04:38:28.905, 2645 MiB
2026/05/29 04:38:29.905, 2645 MiB
2026/05/29 04:38:30.906, 2645 MiB
2026/05/29 04:38:31.907, 2645 MiB
2026/05/29 04:38:32.907, 2645 MiB
2026/05/29 04:38:33.907, 2645 MiB
2026/05/29 04:38:34.908, 2645 MiB
2026/05/29 04:38:35.908, 2645 MiB
2026/05/29 04:38:36.908, 2645 MiB
2026/05/29 04:38:37.909, 2645 MiB
2026/05/29 04:38:38.910, 2645 MiB
2026/05/29 04:38:39.910, 2645 MiB
2026/05/29 04:38:40.911, 2645 MiB
2026/05/29 04:38:41.911, 2645 MiB
2026/05/29 04:38:42.911, 2645 MiB
2026/05/29 04:38:43.912, 2645 MiB
2026/05/29 04:38:44.912, 2645 MiB
2026/05/29 04:38:45.913, 2645 MiB
2026/05/29 04:38:46.914, 2645 MiB
2026/05/29 04:38:47.915, 2645 MiB
2026/05/29 04:38:48.915, 2645 MiB
2026/05/29 04:38:49.916, 2645 MiB
2026/05/29 04:38:50.916, 2645 MiB
2026/05/29 04:38:51.916, 2645 MiB
2026/05/29 04:38:52.917, 2645 MiB
2026/05/29 04:38:53.917, 2644 MiB
2026/05/29 04:38:54.917, 2644 MiB
2026/05/29 04:38:55.918, 6041 MiB
2026/05/29 04:38:56.918, 6041 MiB
2026/05/29 04:38:57.919, 6041 MiB
2026/05/29 04:38:58.919, 2641 MiB
2026/05/29 04:38:59.919, 2641 MiB
2026/05/29 04:39:00.920, 2641 MiB
2026/05/29 04:39:01.921, 2641 MiB
2026/05/29 04:39:02.921, 2641 MiB
2026/05/29 04:39:03.922, 2641 MiB
2026/05/29 04:39:04.922, 2641 MiB
2026/05/29 04:39:05.923, 2641 MiB
2026/05/29 04:39:06.923, 2641 MiB
2026/05/29 04:39:07.929, 2641 MiB
2026/05/29 04:39:08.930, 2641 MiB
2026/05/29 04:39:09.930, 2641 MiB
2026/05/29 04:39:10.931, 2641 MiB
2026/05/29 04:39:11.931, 2641 MiB
2026/05/29 04:39:12.932, 2641 MiB
2026/05/29 04:39:13.932, 2641 MiB
2026/05/29 04:39:14.933, 2641 MiB
2026/05/29 04:39:15.933, 2641 MiB
2026/05/29 04:39:16.934, 2641 MiB
2026/05/29 04:39:17.934, 2641 MiB
2026/05/29 04:39:18.935, 2641 MiB
2026/05/29 04:39:19.936, 2641 MiB
2026/05/29 04:39:20.937, 2641 MiB
2026/05/29 04:39:21.938, 2641 MiB
2026/05/29 04:39:22.938, 2641 MiB
2026/05/29 04:39:23.939, 2641 MiB
2026/05/29 04:39:24.939, 2641 MiB
2026/05/29 04:39:25.940, 2641 MiB
2026/05/29 04:39:26.940, 2641 MiB
2026/05/29 04:39:27.941, 2641 MiB
2026/05/29 04:39:28.941, 2641 MiB
2026/05/29 04:39:29.941, 2641 MiB
2026/05/29 04:39:30.942, 2641 MiB
2026/05/29 04:39:31.942, 2641 MiB
2026/05/29 04:39:32.943, 2641 MiB
2026/05/29 04:39:33.943, 2641 MiB
2026/05/29 04:39:34.944, 2641 MiB
2026/05/29 04:39:35.947, 2641 MiB
2026/05/29 04:39:36.947, 2641 MiB
2026/05/29 04:39:37.948, 2841 MiB
2026/05/29 04:39:38.948, 6301 MiB
2026/05/29 04:39:39.949, 6301 MiB
2026/05/29 04:39:40.959, 6301 MiB
2026/05/29 04:39:41.959, 2641 MiB
2026/05/29 04:39:42.959, 2641 MiB
2026/05/29 04:39:43.960, 2641 MiB
2026/05/29 04:39:44.961, 2641 MiB
2026/05/29 04:39:45.962, 2641 MiB
2026/05/29 04:39:46.962, 2641 MiB
2026/05/29 04:39:47.962, 2641 MiB
2026/05/29 04:39:48.963, 2641 MiB
2026/05/29 04:39:49.963, 2641 MiB
2026/05/29 04:39:50.964, 2641 MiB
2026/05/29 04:39:51.964, 2641 MiB
2026/05/29 04:39:52.964, 2641 MiB
2026/05/29 04:39:53.965, 2641 MiB
2026/05/29 04:39:54.965, 2641 MiB
2026/05/29 04:39:55.966, 2641 MiB
2026/05/29 04:39:56.966, 2641 MiB
2026/05/29 04:39:57.967, 2641 MiB
2026/05/29 04:39:58.968, 2641 MiB
2026/05/29 04:39:59.968, 2641 MiB
2026/05/29 04:40:00.969, 2641 MiB
2026/05/29 04:40:01.971, 2641 MiB
2026/05/29 04:40:02.972, 2641 MiB
2026/05/29 04:40:03.972, 2641 MiB
2026/05/29 04:40:04.973, 2641 MiB
2026/05/29 04:40:05.974, 2641 MiB
2026/05/29 04:40:06.975, 2641 MiB
2026/05/29 04:40:07.975, 2641 MiB
2026/05/29 04:40:08.975, 2641 MiB
2026/05/29 04:40:09.976, 2641 MiB
2026/05/29 04:40:10.976, 2641 MiB
2026/05/29 04:40:11.976, 2641 MiB
2026/05/29 04:40:12.977, 2641 MiB
2026/05/29 04:40:13.977, 2641 MiB
2026/05/29 04:40:14.977, 2641 MiB
2026/05/29 04:40:15.979, 2641 MiB
2026/05/29 04:40:16.979, 2641 MiB
2026/05/29 04:40:17.980, 2641 MiB
2026/05/29 04:40:18.980, 2641 MiB
2026/05/29 04:40:19.980, 2841 MiB
2026/05/29 04:40:20.981, 6001 MiB
2026/05/29 04:40:21.982, 6001 MiB
2026/05/29 04:40:22.982, 6001 MiB
2026/05/29 04:40:23.982, 9121 MiB
2026/05/29 04:40:24.982, 2621 MiB
2026/05/29 04:40:25.983, 2621 MiB
2026/05/29 04:40:26.983, 2621 MiB
2026/05/29 04:40:27.983, 2621 MiB
2026/05/29 04:40:28.984, 2621 MiB
2026/05/29 04:40:29.984, 2621 MiB
2026/05/29 04:40:30.985, 2621 MiB
2026/05/29 04:40:31.985, 2621 MiB
2026/05/29 04:40:32.986, 2621 MiB
2026/05/29 04:40:33.986, 2621 MiB
2026/05/29 04:40:34.986, 2621 MiB
2026/05/29 04:40:35.987, 2621 MiB
2026/05/29 04:40:36.987, 2621 MiB
2026/05/29 04:40:37.987, 2621 MiB
2026/05/29 04:40:38.988, 2621 MiB
2026/05/29 04:40:39.988, 2625 MiB
2026/05/29 04:40:40.990, 2625 MiB
2026/05/29 04:40:41.991, 2625 MiB
2026/05/29 04:40:42.991, 2625 MiB
2026/05/29 04:40:43.991, 2625 MiB
2026/05/29 04:40:44.992, 2625 MiB
2026/05/29 04:40:45.992, 2625 MiB
2026/05/29 04:40:46.992, 2625 MiB
2026/05/29 04:40:47.993, 2625 MiB
2026/05/29 04:40:48.993, 2625 MiB
2026/05/29 04:40:49.993, 2625 MiB
2026/05/29 04:40:50.995, 2625 MiB
2026/05/29 04:40:51.995, 2625 MiB
2026/05/29 04:40:52.996, 2625 MiB
2026/05/29 04:40:53.996, 2625 MiB
2026/05/29 04:40:54.996, 2625 MiB
2026/05/29 04:40:55.997, 2625 MiB
2026/05/29 04:40:56.997, 2625 MiB
2026/05/29 04:40:57.998, 2625 MiB
2026/05/29 04:40:58.998, 2625 MiB
2026/05/29 04:40:59.999, 2625 MiB
2026/05/29 04:41:01.000, 2625 MiB
2026/05/29 04:41:02.000, 2805 MiB
2026/05/29 04:41:03.001, 6305 MiB
2026/05/29 04:41:04.002, 2784 MiB
2026/05/29 04:41:05.002, 2641 MiB
2026/05/29 04:41:06.002, 2641 MiB
2026/05/29 04:41:07.003, 2641 MiB
2026/05/29 04:41:08.003, 2641 MiB
2026/05/29 04:41:09.003, 2641 MiB
2026/05/29 04:41:10.004, 2641 MiB
2026/05/29 04:41:11.005, 2645 MiB
2026/05/29 04:41:12.005, 2645 MiB
2026/05/29 04:41:13.005, 2645 MiB
2026/05/29 04:41:14.006, 2645 MiB
2026/05/29 04:41:15.006, 2645 MiB
2026/05/29 04:41:16.007, 2645 MiB
2026/05/29 04:41:17.007, 2645 MiB
2026/05/29 04:41:18.008, 2645 MiB
2026/05/29 04:41:19.008, 2645 MiB
2026/05/29 04:41:20.008, 2645 MiB
2026/05/29 04:41:21.009, 2645 MiB
2026/05/29 04:41:22.009, 2645 MiB
2026/05/29 04:41:23.010, 2644 MiB
2026/05/29 04:41:24.010, 2641 MiB
2026/05/29 04:41:25.010, 2641 MiB
2026/05/29 04:41:26.011, 2645 MiB
2026/05/29 04:41:27.011, 2645 MiB
2026/05/29 04:41:28.012, 2645 MiB
2026/05/29 04:41:29.028, 2645 MiB
2026/05/29 04:41:30.029, 2645 MiB
2026/05/29 04:41:31.030, 2645 MiB
2026/05/29 04:41:32.031, 2645 MiB
2026/05/29 04:41:33.031, 2645 MiB
2026/05/29 04:41:34.032, 2645 MiB
2026/05/29 04:41:35.032, 2645 MiB
2026/05/29 04:41:36.033, 2645 MiB
2026/05/29 04:41:37.033, 2645 MiB
2026/05/29 04:41:38.033, 2645 MiB
2026/05/29 04:41:39.034, 2645 MiB
2026/05/29 04:41:40.035, 2645 MiB
2026/05/29 04:41:41.037, 2645 MiB
2026/05/29 04:41:42.037, 2645 MiB
2026/05/29 04:41:43.037, 6005 MiB
2026/05/29 04:41:44.038, 6005 MiB
2026/05/29 04:41:45.038, 6005 MiB
2026/05/29 04:41:46.039, 3945 MiB
2026/05/29 04:41:47.040, 2625 MiB
2026/05/29 04:41:48.040, 2621 MiB
2026/05/29 04:41:49.040, 2621 MiB
2026/05/29 04:41:50.041, 2621 MiB
2026/05/29 04:41:51.041, 2621 MiB
2026/05/29 04:41:52.042, 2621 MiB
2026/05/29 04:41:53.042, 2621 MiB
2026/05/29 04:41:54.042, 2621 MiB
2026/05/29 04:41:55.043, 2621 MiB
2026/05/29 04:41:56.044, 2621 MiB
2026/05/29 04:41:57.044, 2621 MiB
2026/05/29 04:41:58.044, 2621 MiB
2026/05/29 04:41:59.045, 2621 MiB
2026/05/29 04:42:00.046, 2621 MiB
2026/05/29 04:42:01.047, 2621 MiB
2026/05/29 04:42:02.047, 2621 MiB
2026/05/29 04:42:03.047, 2621 MiB
2026/05/29 04:42:04.048, 2621 MiB
2026/05/29 04:42:05.048, 2621 MiB
2026/05/29 04:42:06.048, 2621 MiB
2026/05/29 04:42:07.048, 2621 MiB
2026/05/29 04:42:08.049, 2621 MiB
2026/05/29 04:42:09.049, 2621 MiB
2026/05/29 04:42:10.049, 2621 MiB
2026/05/29 04:42:11.051, 2621 MiB
2026/05/29 04:42:12.051, 2621 MiB
2026/05/29 04:42:13.051, 2621 MiB
2026/05/29 04:42:14.052, 2621 MiB
2026/05/29 04:42:15.052, 2621 MiB
2026/05/29 04:42:16.053, 2621 MiB
2026/05/29 04:42:17.054, 2621 MiB
2026/05/29 04:42:18.054, 2621 MiB
2026/05/29 04:42:19.055, 2621 MiB
2026/05/29 04:42:20.055, 2621 MiB
2026/05/29 04:42:21.055, 2621 MiB
2026/05/29 04:42:22.056, 2621 MiB
2026/05/29 04:42:23.056, 2621 MiB
2026/05/29 04:42:24.057, 2621 MiB
2026/05/29 04:42:25.058, 2821 MiB
2026/05/29 04:42:26.058, 6281 MiB
2026/05/29 04:42:27.058, 6281 MiB
2026/05/29 04:42:28.059, 6281 MiB
2026/05/29 04:42:29.059, 8581 MiB
2026/05/29 04:42:30.059, 2641 MiB
2026/05/29 04:42:31.060, 2641 MiB
2026/05/29 04:42:32.060, 2637 MiB
2026/05/29 04:42:33.060, 2634 MiB
2026/05/29 04:42:34.061, 2634 MiB
2026/05/29 04:42:35.061, 2634 MiB
2026/05/29 04:42:36.061, 2634 MiB
2026/05/29 04:42:37.062, 2634 MiB
2026/05/29 04:42:38.062, 2634 MiB
2026/05/29 04:42:39.062, 2645 MiB
2026/05/29 04:42:40.063, 2645 MiB
2026/05/29 04:42:41.063, 2645 MiB
2026/05/29 04:42:42.064, 2645 MiB
2026/05/29 04:42:43.065, 2645 MiB
2026/05/29 04:42:44.066, 2645 MiB
2026/05/29 04:42:45.071, 2645 MiB
2026/05/29 04:42:46.071, 2645 MiB
2026/05/29 04:42:47.072, 2646 MiB
2026/05/29 04:42:48.072, 2647 MiB
2026/05/29 04:42:49.072, 2646 MiB
2026/05/29 04:42:50.072, 2646 MiB
2026/05/29 04:42:51.073, 2646 MiB
2026/05/29 04:42:52.074, 2646 MiB
2026/05/29 04:42:53.074, 2646 MiB
2026/05/29 04:42:54.074, 2646 MiB
2026/05/29 04:42:55.075, 2646 MiB
2026/05/29 04:42:56.075, 2646 MiB
2026/05/29 04:42:57.075, 2646 MiB
2026/05/29 04:42:58.076, 2646 MiB
2026/05/29 04:42:59.077, 2646 MiB
2026/05/29 04:43:00.077, 2646 MiB
2026/05/29 04:43:01.080, 2646 MiB
2026/05/29 04:43:02.081, 2646 MiB
2026/05/29 04:43:03.084, 2646 MiB
2026/05/29 04:43:04.084, 2646 MiB
2026/05/29 04:43:05.084, 2646 MiB
2026/05/29 04:43:06.085, 2646 MiB
2026/05/29 04:43:07.086, 2646 MiB
2026/05/29 04:43:08.086, 6306 MiB
2026/05/29 04:43:09.087, 6306 MiB
2026/05/29 04:43:10.087, 6306 MiB
2026/05/29 04:43:11.088, 2646 MiB
2026/05/29 04:43:12.088, 2646 MiB
2026/05/29 04:43:13.088, 2641 MiB
2026/05/29 04:43:14.089, 2641 MiB
2026/05/29 04:43:15.089, 2642 MiB
2026/05/29 04:43:16.090, 2642 MiB
2026/05/29 04:43:17.090, 2642 MiB
2026/05/29 04:43:18.090, 2642 MiB
2026/05/29 04:43:19.090, 2642 MiB
2026/05/29 04:43:20.091, 2642 MiB
2026/05/29 04:43:21.091, 2642 MiB
2026/05/29 04:43:22.091, 2642 MiB
2026/05/29 04:43:23.092, 2642 MiB
2026/05/29 04:43:24.092, 2642 MiB
2026/05/29 04:43:25.092, 2642 MiB
2026/05/29 04:43:26.093, 2642 MiB
2026/05/29 04:43:27.094, 2642 MiB
2026/05/29 04:43:28.094, 2642 MiB
2026/05/29 04:43:29.094, 2642 MiB
2026/05/29 04:43:30.095, 2642 MiB
2026/05/29 04:43:31.095, 2641 MiB
2026/05/29 04:43:32.095, 2638 MiB
2026/05/29 04:43:33.096, 2638 MiB
2026/05/29 04:43:34.096, 2646 MiB
2026/05/29 04:43:35.096, 2646 MiB
2026/05/29 04:43:36.097, 2646 MiB
2026/05/29 04:43:37.097, 2646 MiB
2026/05/29 04:43:38.097, 2646 MiB
2026/05/29 04:43:39.098, 2646 MiB
2026/05/29 04:43:40.098, 2646 MiB
2026/05/29 04:43:41.098, 2646 MiB
2026/05/29 04:43:42.099, 2646 MiB
2026/05/29 04:43:43.099, 2646 MiB
2026/05/29 04:43:44.100, 2646 MiB
2026/05/29 04:43:45.100, 2646 MiB
2026/05/29 04:43:46.100, 2646 MiB
2026/05/29 04:43:47.101, 2646 MiB
2026/05/29 04:43:48.102, 2646 MiB
2026/05/29 04:43:49.102, 2646 MiB
2026/05/29 04:43:50.103, 2646 MiB
2026/05/29 04:43:51.104, 6306 MiB
2026/05/29 04:43:52.104, 6306 MiB
2026/05/29 04:43:53.104, 6306 MiB
2026/05/29 04:43:54.104, 8746 MiB
2026/05/29 04:43:55.105, 2646 MiB
2026/05/29 04:43:56.105, 2642 MiB
2026/05/29 04:43:57.105, 2642 MiB
2026/05/29 04:43:58.106, 2642 MiB
2026/05/29 04:43:59.106, 2642 MiB
2026/05/29 04:44:00.106, 2642 MiB
2026/05/29 04:44:01.107, 2642 MiB
2026/05/29 04:44:02.107, 2642 MiB
2026/05/29 04:44:03.107, 2642 MiB
2026/05/29 04:44:04.108, 2642 MiB
2026/05/29 04:44:05.108, 2642 MiB
2026/05/29 04:44:06.108, 2642 MiB
2026/05/29 04:44:07.109, 2642 MiB
2026/05/29 04:44:08.109, 2642 MiB
2026/05/29 04:44:09.109, 2642 MiB
2026/05/29 04:44:10.110, 2642 MiB
2026/05/29 04:44:11.110, 2642 MiB
2026/05/29 04:44:12.110, 2642 MiB
2026/05/29 04:44:13.112, 2642 MiB
2026/05/29 04:44:14.112, 2642 MiB
2026/05/29 04:44:15.113, 2642 MiB
2026/05/29 04:44:16.114, 2642 MiB
2026/05/29 04:44:17.118, 2642 MiB
2026/05/29 04:44:18.119, 2642 MiB
2026/05/29 04:44:19.119, 2642 MiB
2026/05/29 04:44:20.119, 2642 MiB
2026/05/29 04:44:21.120, 2642 MiB
2026/05/29 04:44:22.120, 2642 MiB
2026/05/29 04:44:23.120, 2642 MiB
2026/05/29 04:44:24.121, 2642 MiB
2026/05/29 04:44:25.122, 2642 MiB
2026/05/29 04:44:26.122, 2642 MiB
2026/05/29 04:44:27.123, 2642 MiB
2026/05/29 04:44:28.124, 2642 MiB
2026/05/29 04:44:29.124, 2642 MiB
2026/05/29 04:44:30.124, 2642 MiB
2026/05/29 04:44:31.126, 2642 MiB
2026/05/29 04:44:32.126, 2642 MiB
2026/05/29 04:44:33.126, 6302 MiB
2026/05/29 04:44:34.127, 6302 MiB
2026/05/29 04:44:35.128, 6306 MiB
2026/05/29 04:44:36.128, 7666 MiB
2026/05/29 04:44:37.128, 2622 MiB
2026/05/29 04:44:38.129, 2622 MiB
2026/05/29 04:44:39.129, 2622 MiB
2026/05/29 04:44:40.129, 2622 MiB
2026/05/29 04:44:41.130, 2622 MiB
2026/05/29 04:44:42.130, 2622 MiB
2026/05/29 04:44:43.130, 2622 MiB
2026/05/29 04:44:44.131, 2622 MiB
2026/05/29 04:44:45.131, 2622 MiB
2026/05/29 04:44:46.131, 2622 MiB
2026/05/29 04:44:47.132, 2622 MiB
2026/05/29 04:44:48.132, 2622 MiB
2026/05/29 04:44:49.132, 2622 MiB
2026/05/29 04:44:50.133, 2622 MiB
2026/05/29 04:44:51.133, 2622 MiB
2026/05/29 04:44:52.133, 2622 MiB
2026/05/29 04:44:53.134, 2622 MiB
2026/05/29 04:44:54.134, 2622 MiB
2026/05/29 04:44:55.134, 2622 MiB
2026/05/29 04:44:56.135, 2622 MiB
2026/05/29 04:44:57.135, 2622 MiB
2026/05/29 04:44:58.136, 2622 MiB
2026/05/29 04:44:59.136, 2622 MiB
2026/05/29 04:45:00.136, 2622 MiB
2026/05/29 04:45:01.137, 2622 MiB
2026/05/29 04:45:02.137, 2622 MiB
2026/05/29 04:45:03.137, 2622 MiB
2026/05/29 04:45:04.137, 2622 MiB
2026/05/29 04:45:05.138, 2622 MiB
2026/05/29 04:45:06.140, 2622 MiB
2026/05/29 04:45:07.141, 2622 MiB
2026/05/29 04:45:08.141, 2622 MiB
2026/05/29 04:45:09.141, 2622 MiB
2026/05/29 04:45:10.142, 2622 MiB
2026/05/29 04:45:11.142, 2622 MiB
2026/05/29 04:45:12.142, 2622 MiB
2026/05/29 04:45:13.143, 2622 MiB
2026/05/29 04:45:14.143, 2622 MiB
2026/05/29 04:45:15.143, 2622 MiB
2026/05/29 04:45:16.144, 2622 MiB
2026/05/29 04:45:17.144, 6282 MiB
2026/05/29 04:45:18.144, 6282 MiB
2026/05/29 04:45:19.145, 6282 MiB
2026/05/29 04:45:20.145, 5726 MiB
2026/05/29 04:45:21.145, 2626 MiB
2026/05/29 04:45:22.145, 2622 MiB
2026/05/29 04:45:23.146, 2622 MiB
2026/05/29 04:45:24.146, 2622 MiB
2026/05/29 04:45:25.146, 2622 MiB
2026/05/29 04:45:26.147, 2622 MiB
2026/05/29 04:45:27.147, 2622 MiB
2026/05/29 04:45:28.147, 2622 MiB
2026/05/29 04:45:29.148, 2622 MiB
2026/05/29 04:45:30.148, 2622 MiB
2026/05/29 04:45:31.148, 2622 MiB
2026/05/29 04:45:32.149, 2622 MiB
2026/05/29 04:45:33.149, 2622 MiB
2026/05/29 04:45:34.149, 2622 MiB
2026/05/29 04:45:35.150, 2622 MiB
2026/05/29 04:45:36.150, 2623 MiB
2026/05/29 04:45:37.150, 2623 MiB
2026/05/29 04:45:38.151, 2623 MiB
2026/05/29 04:45:39.152, 2623 MiB
2026/05/29 04:45:40.152, 2623 MiB
2026/05/29 04:45:41.152, 2623 MiB
2026/05/29 04:45:42.153, 2623 MiB
2026/05/29 04:45:43.153, 2623 MiB
2026/05/29 04:45:44.153, 2623 MiB
2026/05/29 04:45:45.154, 2623 MiB
2026/05/29 04:45:46.154, 2626 MiB
2026/05/29 04:45:47.154, 2626 MiB
2026/05/29 04:45:48.155, 2626 MiB
2026/05/29 04:45:49.156, 2626 MiB
2026/05/29 04:45:50.156, 2626 MiB
2026/05/29 04:45:51.156, 2626 MiB
2026/05/29 04:45:52.157, 2626 MiB
2026/05/29 04:45:53.157, 2626 MiB
2026/05/29 04:45:54.158, 2626 MiB
2026/05/29 04:45:55.158, 2626 MiB
2026/05/29 04:45:56.158, 2626 MiB
2026/05/29 04:45:57.159, 2626 MiB
2026/05/29 04:45:58.159, 2626 MiB
2026/05/29 04:45:59.159, 2626 MiB
2026/05/29 04:46:00.160, 6287 MiB
2026/05/29 04:46:01.160, 6287 MiB
2026/05/29 04:46:02.160, 6287 MiB
2026/05/29 04:46:03.161, 6906 MiB
2026/05/29 04:46:04.162, 2623 MiB
2026/05/29 04:46:05.162, 2615 MiB
2026/05/29 04:46:06.162, 2615 MiB
2026/05/29 04:46:07.163, 2615 MiB
2026/05/29 04:46:08.163, 2615 MiB
2026/05/29 04:46:09.163, 2615 MiB
2026/05/29 04:46:10.164, 2615 MiB
2026/05/29 04:46:11.164, 2615 MiB
2026/05/29 04:46:12.164, 2615 MiB
2026/05/29 04:46:13.165, 2615 MiB
2026/05/29 04:46:14.165, 2623 MiB
2026/05/29 04:46:15.165, 2623 MiB
2026/05/29 04:46:16.166, 2623 MiB
2026/05/29 04:46:17.167, 2623 MiB
2026/05/29 04:46:18.167, 2623 MiB
2026/05/29 04:46:19.169, 2623 MiB
2026/05/29 04:46:20.169, 2623 MiB
2026/05/29 04:46:21.169, 2623 MiB
2026/05/29 04:46:22.170, 2623 MiB
2026/05/29 04:46:23.170, 2623 MiB
2026/05/29 04:46:24.170, 2626 MiB
2026/05/29 04:46:25.171, 2626 MiB
2026/05/29 04:46:26.171, 2626 MiB
2026/05/29 04:46:27.171, 2626 MiB
2026/05/29 04:46:28.172, 2626 MiB
2026/05/29 04:46:29.173, 2627 MiB
2026/05/29 04:46:30.174, 2627 MiB
2026/05/29 04:46:31.174, 2627 MiB
2026/05/29 04:46:32.175, 2627 MiB
2026/05/29 04:46:33.175, 2627 MiB
2026/05/29 04:46:34.175, 2627 MiB
2026/05/29 04:46:35.176, 2627 MiB
2026/05/29 04:46:36.177, 2627 MiB
2026/05/29 04:46:37.177, 2627 MiB
2026/05/29 04:46:38.178, 2627 MiB
2026/05/29 04:46:39.179, 2627 MiB
2026/05/29 04:46:40.179, 2627 MiB
2026/05/29 04:46:41.180, 2627 MiB
2026/05/29 04:46:42.181, 6287 MiB
2026/05/29 04:46:43.181, 6287 MiB
2026/05/29 04:46:44.181, 6291 MiB
2026/05/29 04:46:45.182, 6290 MiB
2026/05/29 04:46:46.182, 2630 MiB
2026/05/29 04:46:47.182, 2622 MiB
2026/05/29 04:46:48.183, 2622 MiB
2026/05/29 04:46:49.183, 2622 MiB
2026/05/29 04:46:50.183, 2622 MiB
2026/05/29 04:46:51.184, 2622 MiB
2026/05/29 04:46:52.184, 2622 MiB
2026/05/29 04:46:53.184, 2622 MiB
2026/05/29 04:46:54.185, 2622 MiB
2026/05/29 04:46:55.185, 2622 MiB
2026/05/29 04:46:56.185, 2622 MiB
2026/05/29 04:46:57.186, 2622 MiB
2026/05/29 04:46:58.186, 2622 MiB
2026/05/29 04:46:59.186, 2622 MiB
2026/05/29 04:47:00.187, 2621 MiB
2026/05/29 04:47:01.187, 2618 MiB
2026/05/29 04:47:02.187, 2618 MiB
2026/05/29 04:47:03.188, 2618 MiB
2026/05/29 04:47:04.194, 2623 MiB
2026/05/29 04:47:05.194, 2623 MiB
2026/05/29 04:47:06.194, 2623 MiB
2026/05/29 04:47:07.194, 2623 MiB
2026/05/29 04:47:08.195, 2623 MiB
2026/05/29 04:47:09.195, 2623 MiB
2026/05/29 04:47:10.196, 2623 MiB
2026/05/29 04:47:11.196, 2623 MiB
2026/05/29 04:47:12.196, 2623 MiB
2026/05/29 04:47:13.197, 2623 MiB
2026/05/29 04:47:14.197, 2626 MiB
2026/05/29 04:47:15.198, 2626 MiB
2026/05/29 04:47:16.199, 2626 MiB
2026/05/29 04:47:17.200, 2626 MiB
2026/05/29 04:47:18.200, 2626 MiB
2026/05/29 04:47:19.200, 2626 MiB
2026/05/29 04:47:20.202, 2623 MiB
2026/05/29 04:47:21.204, 2623 MiB
2026/05/29 04:47:22.204, 2623 MiB
2026/05/29 04:47:23.205, 2623 MiB
2026/05/29 04:47:24.206, 2623 MiB
2026/05/29 04:47:25.207, 6283 MiB
2026/05/29 04:47:26.207, 6283 MiB
2026/05/29 04:47:27.207, 6283 MiB
2026/05/29 04:47:28.208, 7763 MiB
2026/05/29 04:47:29.208, 2643 MiB
2026/05/29 04:47:30.209, 2643 MiB
2026/05/29 04:47:31.209, 2643 MiB
2026/05/29 04:47:32.209, 2643 MiB
2026/05/29 04:47:33.210, 2643 MiB
2026/05/29 04:47:34.210, 2643 MiB
2026/05/29 04:47:35.212, 2643 MiB
2026/05/29 04:47:36.213, 2643 MiB
2026/05/29 04:47:37.213, 2643 MiB
2026/05/29 04:47:38.213, 2643 MiB
2026/05/29 04:47:39.213, 2643 MiB
2026/05/29 04:47:40.214, 2643 MiB
2026/05/29 04:47:41.215, 2643 MiB
2026/05/29 04:47:42.215, 2646 MiB
2026/05/29 04:47:43.215, 2646 MiB
2026/05/29 04:47:44.216, 2646 MiB
2026/05/29 04:47:45.217, 2646 MiB
2026/05/29 04:47:46.217, 2646 MiB
2026/05/29 04:47:47.217, 2646 MiB
2026/05/29 04:47:48.218, 2646 MiB
2026/05/29 04:47:49.218, 2646 MiB
2026/05/29 04:47:50.218, 2646 MiB
2026/05/29 04:47:51.219, 2646 MiB
2026/05/29 04:47:52.219, 2646 MiB
2026/05/29 04:47:53.219, 2646 MiB
2026/05/29 04:47:54.220, 2646 MiB
2026/05/29 04:47:55.221, 2646 MiB
2026/05/29 04:47:56.221, 2646 MiB
2026/05/29 04:47:57.221, 2646 MiB
2026/05/29 04:47:58.222, 2646 MiB
2026/05/29 04:47:59.222, 2646 MiB
2026/05/29 04:48:00.223, 2646 MiB
2026/05/29 04:48:01.223, 2646 MiB
2026/05/29 04:48:02.224, 2646 MiB
2026/05/29 04:48:03.224, 2646 MiB
2026/05/29 04:48:04.225, 2646 MiB
2026/05/29 04:48:05.226, 2646 MiB
2026/05/29 04:48:06.226, 2646 MiB
2026/05/29 04:48:07.226, 2847 MiB
2026/05/29 04:48:08.227, 6002 MiB
2026/05/29 04:48:09.227, 6002 MiB
2026/05/29 04:48:10.238, 6002 MiB
2026/05/29 04:48:11.239, 2622 MiB
2026/05/29 04:48:12.239, 2622 MiB
2026/05/29 04:48:13.239, 2622 MiB
2026/05/29 04:48:14.240, 2622 MiB
2026/05/29 04:48:15.240, 2622 MiB
2026/05/29 04:48:16.241, 2622 MiB
2026/05/29 04:48:17.241, 2622 MiB
2026/05/29 04:48:18.241, 2622 MiB
2026/05/29 04:48:19.242, 2622 MiB
2026/05/29 04:48:20.243, 2622 MiB
2026/05/29 04:48:21.243, 2622 MiB
2026/05/29 04:48:22.243, 2622 MiB
2026/05/29 04:48:23.244, 2622 MiB
2026/05/29 04:48:24.244, 2622 MiB
2026/05/29 04:48:25.244, 2622 MiB
2026/05/29 04:48:26.245, 2622 MiB
2026/05/29 04:48:27.245, 2622 MiB
2026/05/29 04:48:28.245, 2622 MiB
2026/05/29 04:48:29.246, 2622 MiB
2026/05/29 04:48:30.246, 2622 MiB
2026/05/29 04:48:31.246, 2622 MiB
2026/05/29 04:48:32.247, 2622 MiB
2026/05/29 04:48:33.247, 2622 MiB
2026/05/29 04:48:34.247, 2622 MiB
2026/05/29 04:48:35.248, 2622 MiB
2026/05/29 04:48:36.248, 2622 MiB
2026/05/29 04:48:37.248, 2622 MiB
2026/05/29 04:48:38.249, 2622 MiB
2026/05/29 04:48:39.249, 2622 MiB
2026/05/29 04:48:40.249, 2622 MiB
2026/05/29 04:48:41.250, 2622 MiB
2026/05/29 04:48:42.251, 2622 MiB
2026/05/29 04:48:43.251, 2622 MiB
2026/05/29 04:48:44.251, 2622 MiB
2026/05/29 04:48:45.253, 2622 MiB
2026/05/29 04:48:46.254, 2622 MiB
2026/05/29 04:48:47.254, 2622 MiB
2026/05/29 04:48:48.255, 2622 MiB
2026/05/29 04:48:49.255, 2622 MiB
2026/05/29 04:48:50.255, 6282 MiB
2026/05/29 04:48:51.256, 6282 MiB
2026/05/29 04:48:52.256, 6282 MiB
2026/05/29 04:48:53.256, 4682 MiB
2026/05/29 04:48:54.257, 2622 MiB
2026/05/29 04:48:55.257, 2622 MiB
2026/05/29 04:48:56.257, 2622 MiB
2026/05/29 04:48:57.257, 2622 MiB
2026/05/29 04:48:58.258, 2622 MiB
2026/05/29 04:48:59.258, 2622 MiB
2026/05/29 04:49:00.259, 2622 MiB
2026/05/29 04:49:01.259, 2622 MiB
2026/05/29 04:49:02.259, 2622 MiB
2026/05/29 04:49:03.260, 2622 MiB
2026/05/29 04:49:04.260, 2621 MiB
2026/05/29 04:49:05.260, 2618 MiB
2026/05/29 04:49:06.261, 2623 MiB
2026/05/29 04:49:07.262, 2623 MiB
2026/05/29 04:49:08.262, 2623 MiB
2026/05/29 04:49:09.263, 2623 MiB
2026/05/29 04:49:10.263, 2623 MiB
2026/05/29 04:49:11.264, 2626 MiB
2026/05/29 04:49:12.265, 2626 MiB
2026/05/29 04:49:13.265, 2626 MiB
2026/05/29 04:49:14.266, 2626 MiB
2026/05/29 04:49:15.266, 2626 MiB
2026/05/29 04:49:16.266, 2626 MiB
2026/05/29 04:49:17.267, 2626 MiB
2026/05/29 04:49:18.267, 2626 MiB
2026/05/29 04:49:19.267, 2626 MiB
2026/05/29 04:49:20.268, 2626 MiB
2026/05/29 04:49:21.268, 2626 MiB
2026/05/29 04:49:22.268, 2626 MiB
2026/05/29 04:49:23.269, 2626 MiB
2026/05/29 04:49:24.270, 2626 MiB
2026/05/29 04:49:25.270, 2626 MiB
2026/05/29 04:49:26.271, 2626 MiB
2026/05/29 04:49:27.271, 2626 MiB
2026/05/29 04:49:28.279, 2626 MiB
2026/05/29 04:49:29.281, 2626 MiB
2026/05/29 04:49:30.281, 2626 MiB
2026/05/29 04:49:31.281, 2626 MiB
2026/05/29 04:49:32.282, 4647 MiB
2026/05/29 04:49:33.283, 6287 MiB
2026/05/29 04:49:34.283, 6286 MiB
2026/05/29 04:49:35.283, 6285 MiB
2026/05/29 04:49:36.283, 2622 MiB
2026/05/29 04:49:37.284, 2622 MiB
2026/05/29 04:49:38.284, 2622 MiB
2026/05/29 04:49:39.284, 2622 MiB
2026/05/29 04:49:40.285, 2622 MiB
2026/05/29 04:49:41.285, 2622 MiB
2026/05/29 04:49:42.286, 2622 MiB
2026/05/29 04:49:43.286, 2622 MiB
2026/05/29 04:49:44.286, 2622 MiB
2026/05/29 04:49:45.287, 2622 MiB
2026/05/29 04:49:46.287, 2622 MiB
2026/05/29 04:49:47.287, 2622 MiB
2026/05/29 04:49:48.288, 2622 MiB
2026/05/29 04:49:49.288, 2622 MiB
2026/05/29 04:49:50.289, 2622 MiB
2026/05/29 04:49:51.289, 2622 MiB
2026/05/29 04:49:52.289, 2622 MiB
2026/05/29 04:49:53.290, 2622 MiB
2026/05/29 04:49:54.291, 2622 MiB
2026/05/29 04:49:55.291, 2622 MiB
2026/05/29 04:49:56.292, 2622 MiB
2026/05/29 04:49:57.292, 2622 MiB
2026/05/29 04:49:58.292, 2622 MiB
2026/05/29 04:49:59.293, 2622 MiB
2026/05/29 04:50:00.294, 2622 MiB
2026/05/29 04:50:01.294, 2622 MiB
2026/05/29 04:50:02.294, 2626 MiB
2026/05/29 04:50:03.295, 2626 MiB
2026/05/29 04:50:04.295, 2626 MiB
2026/05/29 04:50:05.296, 2626 MiB
2026/05/29 04:50:06.305, 2626 MiB
2026/05/29 04:50:07.305, 2626 MiB
2026/05/29 04:50:08.305, 2626 MiB
2026/05/29 04:50:09.307, 2626 MiB
2026/05/29 04:50:10.307, 2626 MiB
2026/05/29 04:50:11.308, 2626 MiB
2026/05/29 04:50:12.309, 2626 MiB
2026/05/29 04:50:13.309, 2626 MiB
2026/05/29 04:50:14.309, 5867 MiB
2026/05/29 04:50:15.310, 6287 MiB
2026/05/29 04:50:16.310, 8547 MiB
2026/05/29 04:50:17.310, 2626 MiB
2026/05/29 04:50:18.310, 2626 MiB
2026/05/29 04:50:19.311, 2622 MiB
2026/05/29 04:50:20.311, 2622 MiB
2026/05/29 04:50:21.312, 2622 MiB
2026/05/29 04:50:22.312, 2622 MiB
2026/05/29 04:50:23.312, 2622 MiB
2026/05/29 04:50:24.313, 2622 MiB
2026/05/29 04:50:25.313, 2622 MiB
2026/05/29 04:50:26.313, 2622 MiB
2026/05/29 04:50:27.313, 2622 MiB
2026/05/29 04:50:28.314, 2622 MiB
2026/05/29 04:50:29.314, 2622 MiB
2026/05/29 04:50:30.314, 2622 MiB
2026/05/29 04:50:31.315, 2622 MiB
2026/05/29 04:50:32.316, 2622 MiB
2026/05/29 04:50:33.316, 2622 MiB
2026/05/29 04:50:34.317, 2622 MiB
2026/05/29 04:50:35.317, 2622 MiB
2026/05/29 04:50:36.318, 2622 MiB
2026/05/29 04:50:37.319, 2622 MiB
2026/05/29 04:50:38.319, 2622 MiB
2026/05/29 04:50:39.320, 2622 MiB
2026/05/29 04:50:40.320, 2622 MiB
2026/05/29 04:50:41.321, 2622 MiB
2026/05/29 04:50:42.322, 2622 MiB
2026/05/29 04:50:43.322, 2622 MiB
2026/05/29 04:50:44.322, 2622 MiB
2026/05/29 04:50:45.323, 2622 MiB
2026/05/29 04:50:46.323, 2622 MiB
2026/05/29 04:50:47.323, 2622 MiB
2026/05/29 04:50:48.324, 2622 MiB
2026/05/29 04:50:49.324, 2622 MiB
2026/05/29 04:50:50.324, 2622 MiB
2026/05/29 04:50:51.325, 2622 MiB
2026/05/29 04:50:52.326, 2622 MiB
2026/05/29 04:50:53.326, 2626 MiB
2026/05/29 04:50:54.327, 2626 MiB
2026/05/29 04:50:55.327, 6286 MiB
2026/05/29 04:50:56.328, 8286 MiB
2026/05/29 04:50:57.328, 2646 MiB
2026/05/29 04:50:58.328, 2646 MiB
2026/05/29 04:50:59.329, 2646 MiB
2026/05/29 04:51:00.329, 2642 MiB
2026/05/29 04:51:01.329, 2642 MiB
2026/05/29 04:51:02.329, 2642 MiB
2026/05/29 04:51:03.330, 2642 MiB
2026/05/29 04:51:04.330, 2642 MiB
2026/05/29 04:51:05.331, 2642 MiB
2026/05/29 04:51:06.331, 2642 MiB
2026/05/29 04:51:07.331, 2642 MiB
2026/05/29 04:51:08.332, 2642 MiB
2026/05/29 04:51:09.332, 2642 MiB
2026/05/29 04:51:10.332, 2642 MiB
2026/05/29 04:51:11.333, 2642 MiB
2026/05/29 04:51:12.334, 2642 MiB
2026/05/29 04:51:13.334, 2642 MiB
2026/05/29 04:51:14.335, 2642 MiB
2026/05/29 04:51:15.336, 2642 MiB
2026/05/29 04:51:16.336, 2642 MiB
2026/05/29 04:51:17.337, 2642 MiB
2026/05/29 04:51:18.337, 2642 MiB
2026/05/29 04:51:19.337, 2642 MiB
2026/05/29 04:51:20.339, 2642 MiB
2026/05/29 04:51:21.339, 2642 MiB
2026/05/29 04:51:22.339, 2642 MiB
2026/05/29 04:51:23.340, 2642 MiB
2026/05/29 04:51:24.340, 2642 MiB
2026/05/29 04:51:25.340, 2642 MiB
2026/05/29 04:51:26.341, 2642 MiB
2026/05/29 04:51:27.341, 2642 MiB
2026/05/29 04:51:28.341, 2642 MiB
2026/05/29 04:51:29.341, 2646 MiB
2026/05/29 04:51:30.342, 2646 MiB
2026/05/29 04:51:31.342, 2646 MiB
2026/05/29 04:51:32.343, 2646 MiB
2026/05/29 04:51:33.343, 2646 MiB
2026/05/29 04:51:34.344, 2827 MiB
2026/05/29 04:51:35.344, 6307 MiB
2026/05/29 04:51:36.344, 6307 MiB
2026/05/29 04:51:37.345, 6307 MiB
2026/05/29 04:51:38.345, 8926 MiB
2026/05/29 04:51:39.345, 2646 MiB
2026/05/29 04:51:40.346, 2642 MiB
2026/05/29 04:51:41.346, 2642 MiB
2026/05/29 04:51:42.346, 2642 MiB
2026/05/29 04:51:43.346, 2642 MiB
2026/05/29 04:51:44.347, 2642 MiB
2026/05/29 04:51:45.348, 2642 MiB
2026/05/29 04:51:46.348, 2642 MiB
2026/05/29 04:51:47.348, 2642 MiB
2026/05/29 04:51:48.349, 2642 MiB
2026/05/29 04:51:49.349, 2642 MiB
2026/05/29 04:51:50.350, 2641 MiB
2026/05/29 04:51:51.352, 2646 MiB
2026/05/29 04:51:52.352, 2646 MiB
2026/05/29 04:51:53.352, 2646 MiB
2026/05/29 04:51:54.353, 2646 MiB
2026/05/29 04:51:55.353, 2646 MiB
2026/05/29 04:51:56.353, 2646 MiB
2026/05/29 04:51:57.354, 2646 MiB
2026/05/29 04:51:58.355, 2646 MiB
2026/05/29 04:51:59.357, 2646 MiB
2026/05/29 04:52:00.357, 2646 MiB
2026/05/29 04:52:01.358, 2646 MiB
2026/05/29 04:52:02.358, 2646 MiB
2026/05/29 04:52:03.359, 2646 MiB
2026/05/29 04:52:04.359, 2646 MiB
2026/05/29 04:52:05.359, 2646 MiB
2026/05/29 04:52:06.361, 2646 MiB
2026/05/29 04:52:07.361, 2646 MiB
2026/05/29 04:52:08.361, 2646 MiB
2026/05/29 04:52:09.362, 2646 MiB
2026/05/29 04:52:10.362, 2646 MiB
2026/05/29 04:52:11.362, 2646 MiB
2026/05/29 04:52:12.363, 2646 MiB
2026/05/29 04:52:13.363, 2646 MiB
2026/05/29 04:52:14.364, 2646 MiB
2026/05/29 04:52:15.364, 2646 MiB
2026/05/29 04:52:16.364, 2646 MiB
2026/05/29 04:52:17.365, 2646 MiB
2026/05/29 04:52:18.365, 2638 MiB
2026/05/29 04:52:19.366, 6299 MiB
2026/05/29 04:52:20.366, 6299 MiB
2026/05/29 04:52:21.366, 6306 MiB
2026/05/29 04:52:22.367, 9026 MiB
2026/05/29 04:52:23.367, 2646 MiB
2026/05/29 04:52:24.367, 2646 MiB
2026/05/29 04:52:25.368, 2646 MiB
2026/05/29 04:52:26.368, 2646 MiB
2026/05/29 04:52:27.368, 2646 MiB
2026/05/29 04:52:28.369, 2646 MiB
2026/05/29 04:52:29.369, 2646 MiB
2026/05/29 04:52:30.369, 2646 MiB
2026/05/29 04:52:31.370, 2646 MiB
2026/05/29 04:52:32.370, 2646 MiB
2026/05/29 04:52:33.370, 2646 MiB
2026/05/29 04:52:34.371, 2646 MiB
2026/05/29 04:52:35.381, 2646 MiB
2026/05/29 04:52:36.382, 2646 MiB
2026/05/29 04:52:37.382, 2646 MiB
2026/05/29 04:52:38.382, 2646 MiB
2026/05/29 04:52:39.382, 2646 MiB
2026/05/29 04:52:40.383, 2646 MiB
2026/05/29 04:52:41.383, 2646 MiB
2026/05/29 04:52:42.383, 2646 MiB
2026/05/29 04:52:43.384, 2646 MiB
2026/05/29 04:52:44.384, 2646 MiB
2026/05/29 04:52:45.384, 2646 MiB
2026/05/29 04:52:46.385, 2646 MiB
2026/05/29 04:52:47.385, 2646 MiB
2026/05/29 04:52:48.386, 2646 MiB
2026/05/29 04:52:49.387, 2646 MiB
2026/05/29 04:52:50.387, 2646 MiB
2026/05/29 04:52:51.387, 2646 MiB
2026/05/29 04:52:52.388, 2646 MiB
2026/05/29 04:52:53.388, 2646 MiB
2026/05/29 04:52:54.388, 2646 MiB
2026/05/29 04:52:55.389, 2646 MiB
2026/05/29 04:52:56.389, 2646 MiB
2026/05/29 04:52:57.389, 2646 MiB
2026/05/29 04:52:58.390, 2646 MiB
2026/05/29 04:52:59.390, 2646 MiB
2026/05/29 04:53:00.390, 3087 MiB
2026/05/29 04:53:01.391, 6007 MiB
2026/05/29 04:53:02.391, 6007 MiB
2026/05/29 04:53:03.391, 6006 MiB
2026/05/29 04:53:04.392, 2625 MiB
2026/05/29 04:53:05.392, 2625 MiB
2026/05/29 04:53:06.392, 2622 MiB
2026/05/29 04:53:07.393, 2622 MiB
2026/05/29 04:53:08.393, 2622 MiB
2026/05/29 04:53:09.393, 2622 MiB
2026/05/29 04:53:10.394, 2622 MiB
2026/05/29 04:53:11.394, 2622 MiB
2026/05/29 04:53:12.394, 2622 MiB
2026/05/29 04:53:13.395, 2622 MiB
2026/05/29 04:53:14.395, 2622 MiB
2026/05/29 04:53:15.395, 2622 MiB
2026/05/29 04:53:16.396, 2622 MiB
2026/05/29 04:53:17.396, 2622 MiB
2026/05/29 04:53:18.396, 2622 MiB
2026/05/29 04:53:19.397, 2622 MiB
2026/05/29 04:53:20.397, 2622 MiB
2026/05/29 04:53:21.398, 2622 MiB
2026/05/29 04:53:22.399, 2622 MiB
2026/05/29 04:53:23.400, 2622 MiB
2026/05/29 04:53:24.401, 2622 MiB
2026/05/29 04:53:25.401, 2622 MiB
2026/05/29 04:53:26.403, 2622 MiB
2026/05/29 04:53:27.403, 2622 MiB
2026/05/29 04:53:28.404, 2622 MiB
2026/05/29 04:53:29.405, 2622 MiB
2026/05/29 04:53:30.405, 2622 MiB
2026/05/29 04:53:31.405, 2622 MiB
2026/05/29 04:53:32.406, 2622 MiB
2026/05/29 04:53:33.406, 2622 MiB
2026/05/29 04:53:34.406, 2622 MiB
2026/05/29 04:53:35.407, 2622 MiB
2026/05/29 04:53:36.409, 2622 MiB
2026/05/29 04:53:37.410, 2622 MiB
2026/05/29 04:53:38.411, 2622 MiB
2026/05/29 04:53:39.411, 2622 MiB
2026/05/29 04:53:40.411, 2622 MiB
2026/05/29 04:53:41.412, 2622 MiB
2026/05/29 04:53:42.413, 2822 MiB
2026/05/29 04:53:43.414, 6282 MiB
2026/05/29 04:53:44.415, 6282 MiB
2026/05/29 04:53:45.415, 6281 MiB
2026/05/29 04:53:46.415, 5361 MiB
2026/05/29 04:53:47.416, 2642 MiB
2026/05/29 04:53:48.416, 2642 MiB
2026/05/29 04:53:49.416, 2642 MiB
2026/05/29 04:53:50.417, 2642 MiB
2026/05/29 04:53:51.417, 2642 MiB
2026/05/29 04:53:52.417, 2642 MiB
2026/05/29 04:53:53.418, 2642 MiB
2026/05/29 04:53:54.418, 2642 MiB
2026/05/29 04:53:55.418, 2642 MiB
2026/05/29 04:53:56.419, 2642 MiB
2026/05/29 04:53:57.419, 2642 MiB
2026/05/29 04:53:58.419, 2642 MiB
2026/05/29 04:53:59.420, 2642 MiB
2026/05/29 04:54:00.421, 2642 MiB
2026/05/29 04:54:01.421, 2642 MiB
2026/05/29 04:54:02.421, 2642 MiB
2026/05/29 04:54:03.422, 2642 MiB
2026/05/29 04:54:04.422, 2642 MiB
2026/05/29 04:54:05.423, 2642 MiB
2026/05/29 04:54:06.423, 2642 MiB
2026/05/29 04:54:07.423, 2642 MiB
2026/05/29 04:54:08.424, 2642 MiB
2026/05/29 04:54:09.424, 2642 MiB
2026/05/29 04:54:10.425, 2642 MiB
2026/05/29 04:54:11.425, 2642 MiB
2026/05/29 04:54:12.425, 2642 MiB
2026/05/29 04:54:13.426, 2642 MiB
2026/05/29 04:54:14.426, 2642 MiB
2026/05/29 04:54:15.426, 2642 MiB
2026/05/29 04:54:16.427, 2642 MiB
2026/05/29 04:54:17.427, 2642 MiB
2026/05/29 04:54:18.427, 2642 MiB
2026/05/29 04:54:19.428, 2642 MiB
2026/05/29 04:54:20.428, 2642 MiB
2026/05/29 04:54:21.428, 2642 MiB
2026/05/29 04:54:22.429, 2642 MiB
2026/05/29 04:54:23.429, 2642 MiB
2026/05/29 04:54:24.429, 2642 MiB
2026/05/29 04:54:25.430, 6002 MiB
2026/05/29 04:54:26.430, 2622 MiB
2026/05/29 04:54:27.430, 2622 MiB
2026/05/29 04:54:28.431, 2626 MiB
2026/05/29 04:54:29.431, 2626 MiB
2026/05/29 04:54:30.431, 2626 MiB
2026/05/29 04:54:31.432, 2626 MiB
2026/05/29 04:54:32.432, 2626 MiB
2026/05/29 04:54:33.432, 2627 MiB
2026/05/29 04:54:34.433, 2627 MiB
2026/05/29 04:54:35.433, 2627 MiB
2026/05/29 04:54:36.433, 2627 MiB
2026/05/29 04:54:37.434, 2627 MiB
2026/05/29 04:54:38.434, 2627 MiB
2026/05/29 04:54:39.435, 2627 MiB
2026/05/29 04:54:40.436, 2627 MiB
2026/05/29 04:54:41.436, 2627 MiB
2026/05/29 04:54:42.437, 2627 MiB
2026/05/29 04:54:43.437, 2627 MiB
2026/05/29 04:54:44.437, 2627 MiB
2026/05/29 04:54:45.438, 2627 MiB
2026/05/29 04:54:46.439, 2627 MiB
2026/05/29 04:54:47.439, 2627 MiB
2026/05/29 04:54:48.439, 2627 MiB
2026/05/29 04:54:49.440, 2627 MiB
2026/05/29 04:54:50.440, 2627 MiB
2026/05/29 04:54:51.440, 2627 MiB
2026/05/29 04:54:52.440, 2627 MiB
2026/05/29 04:54:53.442, 2627 MiB
2026/05/29 04:54:54.443, 2627 MiB
2026/05/29 04:54:55.443, 2626 MiB
2026/05/29 04:54:56.443, 2625 MiB
2026/05/29 04:54:57.444, 2621 MiB
2026/05/29 04:54:58.444, 2622 MiB
2026/05/29 04:54:59.445, 2622 MiB
2026/05/29 04:55:00.445, 2622 MiB
2026/05/29 04:55:01.445, 2622 MiB
2026/05/29 04:55:02.445, 2622 MiB
2026/05/29 04:55:03.446, 2622 MiB
2026/05/29 04:55:04.446, 2822 MiB
2026/05/29 04:55:05.447, 6282 MiB
2026/05/29 04:55:06.447, 6282 MiB
2026/05/29 04:55:07.447, 6282 MiB
2026/05/29 04:55:08.447, 2641 MiB
2026/05/29 04:55:09.448, 2641 MiB
2026/05/29 04:55:10.448, 2646 MiB
2026/05/29 04:55:11.448, 2646 MiB
2026/05/29 04:55:12.449, 2646 MiB
2026/05/29 04:55:13.449, 2646 MiB
2026/05/29 04:55:14.449, 2646 MiB
2026/05/29 04:55:15.450, 2647 MiB
2026/05/29 04:55:16.450, 2647 MiB
2026/05/29 04:55:17.450, 2647 MiB
2026/05/29 04:55:18.451, 2647 MiB
2026/05/29 04:55:19.451, 2647 MiB
2026/05/29 04:55:20.451, 2647 MiB
2026/05/29 04:55:21.452, 2647 MiB
2026/05/29 04:55:22.453, 2647 MiB
2026/05/29 04:55:23.453, 2647 MiB
2026/05/29 04:55:24.453, 2647 MiB
2026/05/29 04:55:25.454, 2647 MiB
2026/05/29 04:55:26.454, 2647 MiB
2026/05/29 04:55:27.454, 2647 MiB
2026/05/29 04:55:28.455, 2647 MiB
2026/05/29 04:55:29.456, 2647 MiB
2026/05/29 04:55:30.456, 2647 MiB
2026/05/29 04:55:31.456, 2647 MiB
2026/05/29 04:55:32.457, 2647 MiB
2026/05/29 04:55:33.457, 2647 MiB
2026/05/29 04:55:34.458, 2647 MiB
2026/05/29 04:55:35.460, 2647 MiB
2026/05/29 04:55:36.460, 2646 MiB
2026/05/29 04:55:37.461, 2646 MiB
2026/05/29 04:55:38.461, 2642 MiB
2026/05/29 04:55:39.463, 2642 MiB
2026/05/29 04:55:40.463, 2642 MiB
2026/05/29 04:55:41.463, 2642 MiB
2026/05/29 04:55:42.464, 2642 MiB
2026/05/29 04:55:43.464, 2642 MiB
2026/05/29 04:55:44.464, 2642 MiB
2026/05/29 04:55:45.466, 2642 MiB
2026/05/29 04:55:46.466, 2642 MiB
2026/05/29 04:55:47.466, 6002 MiB
2026/05/29 04:55:48.467, 6002 MiB
2026/05/29 04:55:49.467, 6002 MiB
2026/05/29 04:55:50.468, 8742 MiB
2026/05/29 04:55:51.468, 2642 MiB
2026/05/29 04:55:52.468, 2642 MiB
2026/05/29 04:55:53.469, 2642 MiB
2026/05/29 04:55:54.469, 2642 MiB
2026/05/29 04:55:55.469, 2642 MiB
2026/05/29 04:55:56.470, 2642 MiB
2026/05/29 04:55:57.470, 2642 MiB
2026/05/29 04:55:58.470, 2642 MiB
2026/05/29 04:55:59.470, 2642 MiB
2026/05/29 04:56:00.471, 2642 MiB
2026/05/29 04:56:01.471, 2642 MiB
2026/05/29 04:56:02.471, 2642 MiB
2026/05/29 04:56:03.472, 2642 MiB
2026/05/29 04:56:04.473, 2642 MiB
2026/05/29 04:56:05.473, 2642 MiB
2026/05/29 04:56:06.473, 2642 MiB
2026/05/29 04:56:07.474, 2642 MiB
2026/05/29 04:56:08.474, 2642 MiB
2026/05/29 04:56:09.475, 2642 MiB
2026/05/29 04:56:10.476, 2642 MiB
2026/05/29 04:56:11.476, 2642 MiB
2026/05/29 04:56:12.477, 2642 MiB
2026/05/29 04:56:13.477, 2642 MiB
2026/05/29 04:56:14.478, 2642 MiB
2026/05/29 04:56:15.478, 2642 MiB
2026/05/29 04:56:16.479, 2642 MiB
2026/05/29 04:56:17.479, 2642 MiB
2026/05/29 04:56:18.481, 2642 MiB
2026/05/29 04:56:19.482, 2642 MiB
2026/05/29 04:56:20.482, 2642 MiB
2026/05/29 04:56:21.482, 2642 MiB
2026/05/29 04:56:22.484, 2642 MiB
2026/05/29 04:56:23.484, 2642 MiB
2026/05/29 04:56:24.484, 2642 MiB
2026/05/29 04:56:25.485, 2642 MiB
2026/05/29 04:56:26.485, 2642 MiB
2026/05/29 04:56:27.490, 2642 MiB
2026/05/29 04:56:28.490, 2642 MiB
2026/05/29 04:56:29.492, 6302 MiB
2026/05/29 04:56:30.492, 6302 MiB
2026/05/29 04:56:31.492, 6302 MiB
2026/05/29 04:56:32.492, 6302 MiB
2026/05/29 04:56:33.493, 2642 MiB
2026/05/29 04:56:34.494, 2642 MiB
2026/05/29 04:56:35.494, 2642 MiB
2026/05/29 04:56:36.494, 2642 MiB
2026/05/29 04:56:37.494, 2642 MiB
2026/05/29 04:56:38.495, 2642 MiB
2026/05/29 04:56:39.495, 2642 MiB
2026/05/29 04:56:40.495, 2642 MiB
2026/05/29 04:56:41.496, 2642 MiB
2026/05/29 04:56:42.496, 2642 MiB
2026/05/29 04:56:43.496, 2642 MiB
2026/05/29 04:56:44.497, 2642 MiB
2026/05/29 04:56:45.497, 2642 MiB
2026/05/29 04:56:46.497, 2642 MiB
2026/05/29 04:56:47.499, 2642 MiB
2026/05/29 04:56:48.499, 2642 MiB
2026/05/29 04:56:49.499, 2642 MiB
2026/05/29 04:56:50.499, 2642 MiB
2026/05/29 04:56:51.501, 2642 MiB
2026/05/29 04:56:52.502, 2642 MiB
2026/05/29 04:56:53.503, 2642 MiB
2026/05/29 04:56:54.503, 2642 MiB
2026/05/29 04:56:55.504, 2642 MiB
2026/05/29 04:56:56.505, 2642 MiB
2026/05/29 04:56:57.506, 2642 MiB
2026/05/29 04:56:58.506, 2642 MiB
2026/05/29 04:56:59.541, 2642 MiB
2026/05/29 04:57:00.541, 2642 MiB
2026/05/29 04:57:01.541, 2642 MiB
2026/05/29 04:57:02.542, 2642 MiB
2026/05/29 04:57:03.542, 2642 MiB
2026/05/29 04:57:04.542, 2642 MiB
2026/05/29 04:57:05.543, 2642 MiB
2026/05/29 04:57:06.543, 2642 MiB
2026/05/29 04:57:07.543, 2642 MiB
2026/05/29 04:57:08.544, 2642 MiB
2026/05/29 04:57:09.544, 2642 MiB
2026/05/29 04:57:10.544, 2642 MiB
2026/05/29 04:57:11.545, 4542 MiB
2026/05/29 04:57:12.545, 6302 MiB
2026/05/29 04:57:13.545, 6302 MiB
2026/05/29 04:57:14.546, 6302 MiB
2026/05/29 04:57:15.547, 2622 MiB
2026/05/29 04:57:16.548, 2622 MiB
2026/05/29 04:57:17.548, 2622 MiB
2026/05/29 04:57:18.548, 2622 MiB
2026/05/29 04:57:19.549, 2622 MiB
2026/05/29 04:57:20.549, 2622 MiB
2026/05/29 04:57:21.549, 2622 MiB
2026/05/29 04:57:22.550, 2622 MiB
2026/05/29 04:57:23.550, 2626 MiB
2026/05/29 04:57:24.551, 2626 MiB
2026/05/29 04:57:25.551, 2626 MiB
2026/05/29 04:57:26.552, 2626 MiB
2026/05/29 04:57:27.552, 2626 MiB
2026/05/29 04:57:28.552, 2626 MiB
2026/05/29 04:57:29.553, 2626 MiB
2026/05/29 04:57:30.554, 2626 MiB
2026/05/29 04:57:31.554, 2626 MiB
2026/05/29 04:57:32.555, 2626 MiB
2026/05/29 04:57:33.556, 2626 MiB
2026/05/29 04:57:34.558, 2626 MiB
2026/05/29 04:57:35.558, 2626 MiB
2026/05/29 04:57:36.559, 2626 MiB
2026/05/29 04:57:37.560, 2626 MiB
2026/05/29 04:57:38.561, 2626 MiB
2026/05/29 04:57:39.562, 2626 MiB
2026/05/29 04:57:40.562, 2626 MiB
2026/05/29 04:57:41.562, 2626 MiB
2026/05/29 04:57:42.563, 2626 MiB
2026/05/29 04:57:43.563, 2626 MiB
2026/05/29 04:57:44.564, 2626 MiB
2026/05/29 04:57:45.564, 2626 MiB
2026/05/29 04:57:46.564, 2626 MiB
2026/05/29 04:57:47.565, 2626 MiB
2026/05/29 04:57:48.565, 2626 MiB
2026/05/29 04:57:49.567, 2626 MiB
2026/05/29 04:57:50.568, 2626 MiB
2026/05/29 04:57:51.569, 2625 MiB
2026/05/29 04:57:52.569, 2621 MiB
2026/05/29 04:57:53.570, 2802 MiB
2026/05/29 04:57:54.570, 6282 MiB
2026/05/29 04:57:55.570, 6282 MiB
2026/05/29 04:57:56.571, 6282 MiB
2026/05/29 04:57:57.571, 8882 MiB
2026/05/29 04:57:58.571, 2642 MiB
2026/05/29 04:57:59.572, 2642 MiB
2026/05/29 04:58:00.573, 2642 MiB
2026/05/29 04:58:01.573, 2642 MiB
2026/05/29 04:58:02.573, 2642 MiB
2026/05/29 04:58:03.573, 2642 MiB
2026/05/29 04:58:04.574, 2642 MiB
2026/05/29 04:58:05.575, 2642 MiB
2026/05/29 04:58:06.575, 2642 MiB
2026/05/29 04:58:07.575, 2642 MiB
2026/05/29 04:58:08.576, 2642 MiB
2026/05/29 04:58:09.576, 2642 MiB
2026/05/29 04:58:10.577, 2642 MiB
2026/05/29 04:58:11.577, 2642 MiB
2026/05/29 04:58:12.578, 2642 MiB
2026/05/29 04:58:13.578, 2642 MiB
2026/05/29 04:58:14.579, 2642 MiB
2026/05/29 04:58:15.579, 2642 MiB
2026/05/29 04:58:16.579, 2642 MiB
2026/05/29 04:58:17.580, 2642 MiB
2026/05/29 04:58:18.580, 2642 MiB
2026/05/29 04:58:19.581, 2642 MiB
2026/05/29 04:58:20.581, 2642 MiB
2026/05/29 04:58:21.582, 2642 MiB
2026/05/29 04:58:22.583, 2642 MiB
2026/05/29 04:58:23.583, 2642 MiB
2026/05/29 04:58:24.584, 2642 MiB
2026/05/29 04:58:25.585, 2642 MiB
2026/05/29 04:58:26.585, 2642 MiB
2026/05/29 04:58:27.586, 2642 MiB
2026/05/29 04:58:28.587, 2642 MiB
2026/05/29 04:58:29.588, 2642 MiB
2026/05/29 04:58:30.588, 2642 MiB
2026/05/29 04:58:31.588, 2642 MiB
2026/05/29 04:58:32.589, 2642 MiB
2026/05/29 04:58:33.589, 2642 MiB
2026/05/29 04:58:34.590, 2642 MiB
2026/05/29 04:58:35.590, 2642 MiB
2026/05/29 04:58:36.591, 6042 MiB
2026/05/29 04:58:37.592, 6042 MiB
2026/05/29 04:58:38.592, 5022 MiB
2026/05/29 04:58:39.593, 2622 MiB
2026/05/29 04:58:40.593, 2622 MiB
2026/05/29 04:58:41.594, 2622 MiB
2026/05/29 04:58:42.594, 2622 MiB
2026/05/29 04:58:43.594, 2622 MiB
2026/05/29 04:58:44.595, 2622 MiB
2026/05/29 04:58:45.595, 2622 MiB
2026/05/29 04:58:46.596, 2622 MiB
2026/05/29 04:58:47.596, 2622 MiB
2026/05/29 04:58:48.596, 2622 MiB
2026/05/29 04:58:49.597, 2622 MiB
2026/05/29 04:58:50.597, 2622 MiB
2026/05/29 04:58:51.597, 2622 MiB
2026/05/29 04:58:52.598, 2622 MiB
2026/05/29 04:58:53.598, 2622 MiB
2026/05/29 04:58:54.598, 2622 MiB
2026/05/29 04:58:55.599, 2618 MiB
2026/05/29 04:58:56.599, 2618 MiB
2026/05/29 04:58:57.599, 2618 MiB
2026/05/29 04:58:58.600, 2618 MiB
2026/05/29 04:58:59.600, 2618 MiB
2026/05/29 04:59:00.602, 2626 MiB
2026/05/29 04:59:01.602, 2626 MiB
2026/05/29 04:59:02.602, 2626 MiB
2026/05/29 04:59:03.603, 2626 MiB
2026/05/29 04:59:04.604, 2626 MiB
2026/05/29 04:59:05.605, 2626 MiB
2026/05/29 04:59:06.605, 2626 MiB
2026/05/29 04:59:07.605, 2626 MiB
2026/05/29 04:59:08.606, 2626 MiB
2026/05/29 04:59:09.606, 2626 MiB
2026/05/29 04:59:10.606, 2626 MiB
2026/05/29 04:59:11.607, 2626 MiB
2026/05/29 04:59:12.607, 2626 MiB
2026/05/29 04:59:13.608, 2626 MiB
2026/05/29 04:59:14.608, 2626 MiB
2026/05/29 04:59:15.609, 2626 MiB
2026/05/29 04:59:16.609, 2626 MiB
2026/05/29 04:59:17.609, 2626 MiB
2026/05/29 04:59:18.611, 2626 MiB
2026/05/29 04:59:19.612, 2826 MiB
2026/05/29 04:59:20.612, 6286 MiB
2026/05/29 04:59:21.613, 6286 MiB
2026/05/29 04:59:22.613, 6286 MiB
2026/05/29 04:59:23.614, 2625 MiB
2026/05/29 04:59:24.615, 2625 MiB
2026/05/29 04:59:25.615, 2622 MiB
2026/05/29 04:59:26.615, 2622 MiB
2026/05/29 04:59:27.616, 2622 MiB
2026/05/29 04:59:28.616, 8342 MiB
2026/05/29 04:59:29.617, 8342 MiB
2026/05/29 04:59:30.617, 8342 MiB
2026/05/29 04:59:31.617, 3822 MiB
2026/05/29 04:59:32.618, 8342 MiB
2026/05/29 04:59:33.618, 8342 MiB
2026/05/29 04:59:34.618, 8342 MiB
2026/05/29 04:59:35.618, 8338 MiB
2026/05/29 04:59:36.619, 7746 MiB
2026/05/29 04:59:37.619, 8346 MiB
2026/05/29 04:59:38.619, 8346 MiB
2026/05/29 04:59:39.629, 8346 MiB
2026/05/29 04:59:40.629, 8337 MiB
2026/05/29 04:59:41.630, 8342 MiB
2026/05/29 04:59:42.630, 8342 MiB
2026/05/29 04:59:43.630, 2622 MiB
2026/05/29 04:59:44.632, 8342 MiB
2026/05/29 04:59:45.632, 8338 MiB
2026/05/29 04:59:46.633, 2622 MiB
2026/05/29 04:59:47.633, 8342 MiB
2026/05/29 04:59:48.634, 8342 MiB
2026/05/29 04:59:49.643, 7802 MiB
2026/05/29 04:59:50.644, 8337 MiB
2026/05/29 04:59:51.644, 4122 MiB
2026/05/29 04:59:52.644, 4222 MiB
2026/05/29 04:59:53.645, 8342 MiB
2026/05/29 04:59:54.645, 8342 MiB
2026/05/29 04:59:55.645, 2618 MiB
2026/05/29 04:59:56.646, 8342 MiB
2026/05/29 04:59:57.646, 8342 MiB
2026/05/29 04:59:58.646, 2622 MiB
2026/05/29 04:59:59.647, 8342 MiB
2026/05/29 05:00:00.647, 2622 MiB
2026/05/29 05:00:01.647, 8342 MiB
2026/05/29 05:00:02.648, 8342 MiB
2026/05/29 05:00:03.648, 2622 MiB
2026/05/29 05:00:04.648, 8342 MiB
2026/05/29 05:00:05.649, 4822 MiB
2026/05/29 05:00:06.649, 8342 MiB
2026/05/29 05:00:07.650, 3882 MiB
2026/05/29 05:00:08.650, 8342 MiB
2026/05/29 05:00:09.661, 8342 MiB
2026/05/29 05:00:10.662, 8342 MiB
2026/05/29 05:00:11.662, 8342 MiB
2026/05/29 05:00:12.663, 8342 MiB
2026/05/29 05:00:13.664, 8342 MiB
2026/05/29 05:00:14.675, 8342 MiB
2026/05/29 05:00:15.675, 8342 MiB
2026/05/29 05:00:16.675, 2622 MiB
2026/05/29 05:00:17.676, 8342 MiB
2026/05/29 05:00:18.676, 8342 MiB
2026/05/29 05:00:19.687, 2622 MiB
2026/05/29 05:00:20.687, 8338 MiB
2026/05/29 05:00:21.688, 8342 MiB
2026/05/29 05:00:22.688, 4822 MiB
2026/05/29 05:00:23.688, 8342 MiB
2026/05/29 05:00:24.689, 2622 MiB
2026/05/29 05:00:25.689, 8338 MiB
2026/05/29 05:00:26.690, 2622 MiB
2026/05/29 05:00:27.691, 8342 MiB
2026/05/29 05:00:28.691, 8342 MiB
2026/05/29 05:00:29.691, 8342 MiB
2026/05/29 05:00:30.692, 8342 MiB
2026/05/29 05:00:31.692, 8337 MiB
2026/05/29 05:00:32.692, 8335 MiB
2026/05/29 05:00:33.692, 7975 MiB
2026/05/29 05:00:34.693, 8335 MiB
2026/05/29 05:00:35.693, 8335 MiB
2026/05/29 05:00:36.693, 8335 MiB
2026/05/29 05:00:37.694, 8346 MiB
2026/05/29 05:00:38.694, 8346 MiB
2026/05/29 05:00:39.694, 2626 MiB
2026/05/29 05:00:40.695, 8341 MiB
2026/05/29 05:00:41.695, 8337 MiB
2026/05/29 05:00:42.695, 8342 MiB
2026/05/29 05:00:43.696, 8342 MiB
2026/05/29 05:00:44.696, 2622 MiB
2026/05/29 05:00:45.696, 8342 MiB
2026/05/29 05:00:46.696, 4858 MiB
2026/05/29 05:00:47.697, 8335 MiB
2026/05/29 05:00:48.697, 8335 MiB
2026/05/29 05:00:49.697, 8335 MiB
2026/05/29 05:00:50.698, 2615 MiB
2026/05/29 05:00:51.698, 8335 MiB
2026/05/29 05:00:52.698, 4206 MiB
2026/05/29 05:00:53.698, 8346 MiB
2026/05/29 05:00:54.700, 8346 MiB
2026/05/29 05:00:55.700, 8337 MiB
2026/05/29 05:00:56.700, 8337 MiB
2026/05/29 05:00:57.700, 4542 MiB
2026/05/29 05:00:58.701, 8342 MiB
2026/05/29 05:00:59.701, 6342 MiB
2026/05/29 05:01:00.701, 8342 MiB
2026/05/29 05:01:01.702, 8338 MiB
2026/05/29 05:01:02.702, 2922 MiB
2026/05/29 05:01:03.702, 8342 MiB
2026/05/29 05:01:04.702, 8342 MiB
2026/05/29 05:01:05.703, 8338 MiB
2026/05/29 05:01:06.703, 8338 MiB
2026/05/29 05:01:07.703, 8335 MiB
2026/05/29 05:01:08.704, 8335 MiB
2026/05/29 05:01:09.704, 8347 MiB
2026/05/29 05:01:10.704, 8347 MiB
2026/05/29 05:01:11.704, 8347 MiB
2026/05/29 05:01:12.705, 8341 MiB
2026/05/29 05:01:13.705, 8337 MiB
2026/05/29 05:01:14.705, 2622 MiB
2026/05/29 05:01:15.706, 8342 MiB
2026/05/29 05:01:16.706, 4822 MiB
2026/05/29 05:01:17.706, 8342 MiB
2026/05/29 05:01:18.707, 8342 MiB
2026/05/29 05:01:19.707, 2702 MiB
2026/05/29 05:01:20.707, 8342 MiB
2026/05/29 05:01:21.707, 2622 MiB
2026/05/29 05:01:22.708, 8338 MiB
2026/05/29 05:01:23.709, 8338 MiB
2026/05/29 05:01:24.709, 8342 MiB
2026/05/29 05:01:25.709, 8342 MiB
2026/05/29 05:01:26.710, 8342 MiB
2026/05/29 05:01:27.710, 8342 MiB
2026/05/29 05:01:28.710, 8342 MiB
2026/05/29 05:01:29.711, 8342 MiB
2026/05/29 05:01:30.712, 8342 MiB
2026/05/29 05:01:31.712, 8342 MiB
2026/05/29 05:01:32.713, 8342 MiB
2026/05/29 05:01:33.713, 8338 MiB
2026/05/29 05:01:34.713, 8142 MiB
2026/05/29 05:01:35.714, 8342 MiB
2026/05/29 05:01:36.714, 4822 MiB
2026/05/29 05:01:37.714, 8342 MiB
2026/05/29 05:01:38.715, 3938 MiB
2026/05/29 05:01:39.715, 8335 MiB
2026/05/29 05:01:40.715, 8335 MiB
2026/05/29 05:01:41.716, 2626 MiB
2026/05/29 05:01:42.716, 8346 MiB
2026/05/29 05:01:43.716, 8346 MiB
2026/05/29 05:01:44.716, 2626 MiB
2026/05/29 05:01:45.717, 8337 MiB
2026/05/29 05:01:46.717, 8337 MiB
2026/05/29 05:01:47.718, 4606 MiB
2026/05/29 05:01:48.718, 8346 MiB
2026/05/29 05:01:49.718, 8346 MiB
2026/05/29 05:01:50.719, 8337 MiB
2026/05/29 05:01:51.719, 8337 MiB
2026/05/29 05:01:52.719, 8342 MiB
2026/05/29 05:01:53.720, 8342 MiB
2026/05/29 05:01:54.720, 8342 MiB
2026/05/29 05:01:55.721, 2622 MiB
2026/05/29 05:01:56.721, 2622 MiB
2026/05/29 05:01:57.722, 2622 MiB
2026/05/29 05:01:58.722, 2622 MiB
2026/05/29 05:01:59.722, 2622 MiB
2026/05/29 05:02:00.723, 2622 MiB
2026/05/29 05:02:01.723, 2622 MiB
2026/05/29 05:02:02.723, 2622 MiB
2026/05/29 05:02:03.724, 2622 MiB
2026/05/29 05:02:04.724, 2622 MiB
2026/05/29 05:02:05.724, 2622 MiB
2026/05/29 05:02:06.724, 2622 MiB
2026/05/29 05:02:07.725, 2622 MiB
2026/05/29 05:02:08.725, 2622 MiB
2026/05/29 05:02:09.726, 2622 MiB
2026/05/29 05:02:10.726, 2622 MiB
2026/05/29 05:02:11.727, 2622 MiB
2026/05/29 05:02:12.727, 2622 MiB
2026/05/29 05:02:13.728, 2622 MiB
2026/05/29 05:02:14.729, 2622 MiB
2026/05/29 05:02:15.730, 2622 MiB
2026/05/29 05:02:16.730, 2622 MiB
2026/05/29 05:02:17.730, 2622 MiB
2026/05/29 05:02:18.731, 2622 MiB
2026/05/29 05:02:19.732, 2622 MiB
2026/05/29 05:02:20.733, 2622 MiB
2026/05/29 05:02:21.733, 2622 MiB
2026/05/29 05:02:22.733, 2622 MiB
2026/05/29 05:02:23.734, 2622 MiB
2026/05/29 05:02:24.734, 2622 MiB
2026/05/29 05:02:25.735, 2622 MiB
2026/05/29 05:02:26.735, 2622 MiB
2026/05/29 05:02:27.735, 2622 MiB
2026/05/29 05:02:28.736, 2622 MiB
2026/05/29 05:02:29.737, 2622 MiB
2026/05/29 05:02:30.737, 2622 MiB
2026/05/29 05:02:31.738, 2622 MiB
2026/05/29 05:02:32.739, 2622 MiB
2026/05/29 05:02:33.739, 2622 MiB
2026/05/29 05:02:34.739, 2622 MiB
2026/05/29 05:02:35.740, 2622 MiB
2026/05/29 05:02:36.740, 2622 MiB
2026/05/29 05:02:37.740, 6282 MiB
2026/05/29 05:02:38.741, 6279 MiB
2026/05/29 05:02:39.741, 6279 MiB
2026/05/29 05:02:40.741, 7586 MiB
2026/05/29 05:02:41.741, 2646 MiB
2026/05/29 05:02:42.742, 2646 MiB
2026/05/29 05:02:43.742, 2646 MiB
2026/05/29 05:02:44.742, 2646 MiB
2026/05/29 05:02:45.743, 2646 MiB
2026/05/29 05:02:46.743, 2646 MiB
2026/05/29 05:02:47.744, 2646 MiB
2026/05/29 05:02:48.744, 2646 MiB
2026/05/29 05:02:49.744, 2646 MiB
2026/05/29 05:02:50.745, 2646 MiB
2026/05/29 05:02:51.745, 2646 MiB
2026/05/29 05:02:52.745, 2647 MiB
2026/05/29 05:02:53.746, 2647 MiB
2026/05/29 05:02:54.746, 2647 MiB
2026/05/29 05:02:55.746, 2653 MiB
2026/05/29 05:02:56.747, 2652 MiB
2026/05/29 05:02:57.747, 2651 MiB
2026/05/29 05:02:58.747, 2650 MiB
2026/05/29 05:02:59.748, 2650 MiB
2026/05/29 05:03:00.748, 2649 MiB
2026/05/29 05:03:01.748, 2649 MiB
2026/05/29 05:03:02.749, 2649 MiB
2026/05/29 05:03:03.751, 2649 MiB
2026/05/29 05:03:04.751, 2645 MiB
2026/05/29 05:03:05.751, 2645 MiB
2026/05/29 05:03:06.752, 2644 MiB
2026/05/29 05:03:07.753, 2644 MiB
2026/05/29 05:03:08.753, 2639 MiB
2026/05/29 05:03:09.754, 2639 MiB
2026/05/29 05:03:10.754, 2640 MiB
2026/05/29 05:03:11.754, 2640 MiB
2026/05/29 05:03:12.755, 2640 MiB
2026/05/29 05:03:13.755, 2640 MiB
2026/05/29 05:03:14.755, 2640 MiB
2026/05/29 05:03:15.756, 2640 MiB
2026/05/29 05:03:16.756, 2639 MiB
2026/05/29 05:03:17.756, 2636 MiB
2026/05/29 05:03:18.757, 2644 MiB
2026/05/29 05:03:19.758, 6004 MiB
2026/05/29 05:03:20.758, 6004 MiB
2026/05/29 05:03:21.758, 6004 MiB
2026/05/29 05:03:22.758, 6004 MiB
2026/05/29 05:03:23.759, 2624 MiB
2026/05/29 05:03:24.759, 2624 MiB
2026/05/29 05:03:25.760, 2624 MiB
2026/05/29 05:03:26.760, 2624 MiB
2026/05/29 05:03:27.760, 2624 MiB
2026/05/29 05:03:28.761, 2624 MiB
2026/05/29 05:03:29.761, 2625 MiB
2026/05/29 05:03:30.761, 2625 MiB
2026/05/29 05:03:31.762, 2625 MiB
2026/05/29 05:03:32.762, 2625 MiB
2026/05/29 05:03:33.762, 2625 MiB
2026/05/29 05:03:34.763, 2625 MiB
2026/05/29 05:03:35.763, 2625 MiB
2026/05/29 05:03:36.763, 2625 MiB
2026/05/29 05:03:37.765, 2625 MiB
2026/05/29 05:03:38.765, 2625 MiB
2026/05/29 05:03:39.765, 2625 MiB
2026/05/29 05:03:40.766, 2625 MiB
2026/05/29 05:03:41.766, 2625 MiB
2026/05/29 05:03:42.767, 2625 MiB
2026/05/29 05:03:43.767, 2625 MiB
2026/05/29 05:03:44.768, 2625 MiB
2026/05/29 05:03:45.768, 2625 MiB
2026/05/29 05:03:46.768, 2625 MiB
2026/05/29 05:03:47.769, 2625 MiB
2026/05/29 05:03:48.769, 2625 MiB
2026/05/29 05:03:49.770, 2624 MiB
2026/05/29 05:03:50.770, 2624 MiB
2026/05/29 05:03:51.770, 2624 MiB
2026/05/29 05:03:52.771, 2620 MiB
2026/05/29 05:03:53.772, 2620 MiB
2026/05/29 05:03:54.772, 2620 MiB
2026/05/29 05:03:55.772, 2620 MiB
2026/05/29 05:03:56.773, 2620 MiB
2026/05/29 05:03:57.773, 2620 MiB
2026/05/29 05:03:58.773, 2620 MiB
2026/05/29 05:03:59.774, 2620 MiB
2026/05/29 05:04:00.774, 2620 MiB
2026/05/29 05:04:01.774, 2620 MiB
2026/05/29 05:04:02.775, 6280 MiB
2026/05/29 05:04:03.775, 6280 MiB
2026/05/29 05:04:04.775, 6284 MiB
2026/05/29 05:04:05.776, 8724 MiB
2026/05/29 05:04:06.776, 2644 MiB
2026/05/29 05:04:07.776, 2640 MiB
2026/05/29 05:04:08.777, 2640 MiB
2026/05/29 05:04:09.777, 2640 MiB
2026/05/29 05:04:10.777, 2640 MiB
2026/05/29 05:04:11.778, 2640 MiB
2026/05/29 05:04:12.778, 2640 MiB
2026/05/29 05:04:13.778, 2640 MiB
2026/05/29 05:04:14.779, 2640 MiB
2026/05/29 05:04:15.779, 2640 MiB
2026/05/29 05:04:16.779, 2644 MiB
2026/05/29 05:04:17.780, 2644 MiB
2026/05/29 05:04:18.780, 2644 MiB
2026/05/29 05:04:19.780, 2644 MiB
2026/05/29 05:04:20.781, 2644 MiB
2026/05/29 05:04:21.781, 2644 MiB
2026/05/29 05:04:22.782, 2644 MiB
2026/05/29 05:04:23.783, 2644 MiB
2026/05/29 05:04:24.783, 2644 MiB
2026/05/29 05:04:25.783, 2644 MiB
2026/05/29 05:04:26.784, 2644 MiB
2026/05/29 05:04:27.784, 2644 MiB
2026/05/29 05:04:28.785, 2644 MiB
2026/05/29 05:04:29.785, 2644 MiB
2026/05/29 05:04:30.786, 2644 MiB
2026/05/29 05:04:31.786, 2644 MiB
2026/05/29 05:04:32.786, 2644 MiB
2026/05/29 05:04:33.787, 2644 MiB
2026/05/29 05:04:34.787, 2644 MiB
2026/05/29 05:04:35.787, 2644 MiB
2026/05/29 05:04:36.788, 2644 MiB
2026/05/29 05:04:37.788, 2644 MiB
2026/05/29 05:04:38.788, 2644 MiB
2026/05/29 05:04:39.789, 2644 MiB
2026/05/29 05:04:40.789, 2644 MiB
2026/05/29 05:04:41.789, 2644 MiB
2026/05/29 05:04:42.790, 2644 MiB
2026/05/29 05:04:43.791, 2644 MiB
2026/05/29 05:04:44.791, 6300 MiB
2026/05/29 05:04:45.791, 6300 MiB
2026/05/29 05:04:46.791, 6304 MiB
2026/05/29 05:04:47.792, 6304 MiB
2026/05/29 05:04:48.792, 2624 MiB
2026/05/29 05:04:49.792, 2620 MiB
2026/05/29 05:04:50.793, 2620 MiB
2026/05/29 05:04:51.793, 2620 MiB
2026/05/29 05:04:52.793, 2620 MiB
2026/05/29 05:04:53.794, 2620 MiB
2026/05/29 05:04:54.794, 2620 MiB
2026/05/29 05:04:55.794, 2620 MiB
2026/05/29 05:04:56.795, 2620 MiB
2026/05/29 05:04:57.795, 2620 MiB
2026/05/29 05:04:58.795, 2620 MiB
2026/05/29 05:04:59.796, 2620 MiB
2026/05/29 05:05:00.796, 2620 MiB
2026/05/29 05:05:01.796, 2620 MiB
2026/05/29 05:05:02.797, 2620 MiB
2026/05/29 05:05:03.797, 2620 MiB
2026/05/29 05:05:04.797, 2620 MiB
2026/05/29 05:05:05.797, 2620 MiB
2026/05/29 05:05:06.798, 2620 MiB
2026/05/29 05:05:07.798, 2620 MiB
2026/05/29 05:05:08.798, 2620 MiB
2026/05/29 05:05:09.799, 2620 MiB
2026/05/29 05:05:10.799, 2620 MiB
2026/05/29 05:05:11.799, 2620 MiB
2026/05/29 05:05:12.800, 2620 MiB
2026/05/29 05:05:13.801, 2620 MiB
2026/05/29 05:05:14.801, 2620 MiB
2026/05/29 05:05:15.801, 2620 MiB
2026/05/29 05:05:16.803, 2620 MiB
2026/05/29 05:05:17.803, 2620 MiB
2026/05/29 05:05:18.804, 2620 MiB
2026/05/29 05:05:19.805, 2620 MiB
2026/05/29 05:05:20.805, 2620 MiB
2026/05/29 05:05:21.806, 2620 MiB
2026/05/29 05:05:22.806, 2620 MiB
2026/05/29 05:05:23.808, 2620 MiB
2026/05/29 05:05:24.808, 2620 MiB
2026/05/29 05:05:25.808, 2620 MiB
2026/05/29 05:05:26.809, 2820 MiB
2026/05/29 05:05:27.809, 6280 MiB
2026/05/29 05:05:28.809, 6280 MiB
2026/05/29 05:05:29.810, 6280 MiB
2026/05/29 05:05:30.811, 3060 MiB
2026/05/29 05:05:31.811, 2620 MiB
2026/05/29 05:05:32.811, 2620 MiB
2026/05/29 05:05:33.812, 2620 MiB
2026/05/29 05:05:34.812, 2620 MiB
2026/05/29 05:05:35.812, 2620 MiB
2026/05/29 05:05:36.813, 2620 MiB
2026/05/29 05:05:37.813, 2620 MiB
2026/05/29 05:05:38.813, 2620 MiB
2026/05/29 05:05:39.813, 2620 MiB
2026/05/29 05:05:40.814, 2620 MiB
2026/05/29 05:05:41.814, 2620 MiB
2026/05/29 05:05:42.814, 2620 MiB
2026/05/29 05:05:43.815, 2620 MiB
2026/05/29 05:05:44.816, 2620 MiB
2026/05/29 05:05:45.816, 2620 MiB
2026/05/29 05:05:46.817, 2620 MiB
2026/05/29 05:05:47.817, 2620 MiB
2026/05/29 05:05:48.818, 2620 MiB
2026/05/29 05:05:49.818, 2620 MiB
2026/05/29 05:05:50.819, 2620 MiB
2026/05/29 05:05:51.819, 2620 MiB
2026/05/29 05:05:52.820, 2620 MiB
2026/05/29 05:05:53.821, 2620 MiB
2026/05/29 05:05:54.821, 2620 MiB
2026/05/29 05:05:55.831, 2620 MiB
2026/05/29 05:05:56.832, 2620 MiB
2026/05/29 05:05:57.833, 2620 MiB
2026/05/29 05:05:58.834, 2620 MiB
2026/05/29 05:05:59.834, 2620 MiB
2026/05/29 05:06:00.834, 2620 MiB
2026/05/29 05:06:01.835, 2620 MiB
2026/05/29 05:06:02.836, 2620 MiB
2026/05/29 05:06:03.836, 2620 MiB
2026/05/29 05:06:04.836, 2620 MiB
2026/05/29 05:06:05.837, 2620 MiB
2026/05/29 05:06:06.837, 2620 MiB
2026/05/29 05:06:07.837, 2620 MiB
2026/05/29 05:06:08.838, 2620 MiB
2026/05/29 05:06:09.838, 6280 MiB
2026/05/29 05:06:10.838, 6280 MiB
2026/05/29 05:06:11.839, 6280 MiB
2026/05/29 05:06:12.839, 6640 MiB
2026/05/29 05:06:13.839, 2620 MiB
2026/05/29 05:06:14.839, 2620 MiB
2026/05/29 05:06:15.840, 2620 MiB
2026/05/29 05:06:16.840, 2620 MiB
2026/05/29 05:06:17.841, 2620 MiB
2026/05/29 05:06:18.841, 2620 MiB
2026/05/29 05:06:19.841, 2620 MiB
2026/05/29 05:06:20.842, 2620 MiB
2026/05/29 05:06:21.842, 2620 MiB
2026/05/29 05:06:22.842, 2620 MiB
2026/05/29 05:06:23.842, 2620 MiB
2026/05/29 05:06:24.843, 2620 MiB
2026/05/29 05:06:25.843, 2620 MiB
2026/05/29 05:06:26.844, 2620 MiB
2026/05/29 05:06:27.845, 2620 MiB
2026/05/29 05:06:28.845, 2620 MiB
2026/05/29 05:06:29.845, 2620 MiB
2026/05/29 05:06:30.846, 2620 MiB
2026/05/29 05:06:31.846, 2620 MiB
2026/05/29 05:06:32.846, 2620 MiB
2026/05/29 05:06:33.848, 2620 MiB
2026/05/29 05:06:34.849, 2620 MiB
2026/05/29 05:06:35.850, 2620 MiB
2026/05/29 05:06:36.850, 2620 MiB
2026/05/29 05:06:37.851, 2620 MiB
2026/05/29 05:06:38.852, 2620 MiB
2026/05/29 05:06:39.853, 2620 MiB
2026/05/29 05:06:40.854, 2620 MiB
2026/05/29 05:06:41.854, 2620 MiB
2026/05/29 05:06:42.854, 2620 MiB
2026/05/29 05:06:43.855, 2620 MiB
2026/05/29 05:06:44.855, 2620 MiB
2026/05/29 05:06:45.855, 2620 MiB
2026/05/29 05:06:46.856, 2620 MiB
2026/05/29 05:06:47.856, 2620 MiB
2026/05/29 05:06:48.856, 2620 MiB
2026/05/29 05:06:49.857, 2620 MiB
2026/05/29 05:06:50.857, 2620 MiB
2026/05/29 05:06:51.857, 6280 MiB
2026/05/29 05:06:52.857, 8800 MiB
2026/05/29 05:06:53.858, 2640 MiB
2026/05/29 05:06:54.858, 2640 MiB
2026/05/29 05:06:55.858, 2640 MiB
2026/05/29 05:06:56.859, 2640 MiB
2026/05/29 05:06:57.859, 2640 MiB
2026/05/29 05:06:58.859, 2640 MiB
2026/05/29 05:06:59.860, 2640 MiB
2026/05/29 05:07:00.860, 2640 MiB
2026/05/29 05:07:01.860, 2640 MiB
2026/05/29 05:07:02.861, 2640 MiB
2026/05/29 05:07:03.861, 2640 MiB
2026/05/29 05:07:04.861, 2640 MiB
2026/05/29 05:07:05.862, 2640 MiB
2026/05/29 05:07:06.862, 2640 MiB
2026/05/29 05:07:07.863, 2640 MiB
2026/05/29 05:07:08.863, 2640 MiB
2026/05/29 05:07:09.863, 2640 MiB
2026/05/29 05:07:10.864, 2640 MiB
2026/05/29 05:07:11.864, 2640 MiB
2026/05/29 05:07:12.864, 2640 MiB
2026/05/29 05:07:13.865, 2640 MiB
2026/05/29 05:07:14.865, 2640 MiB
2026/05/29 05:07:15.865, 2640 MiB
2026/05/29 05:07:16.867, 2640 MiB
2026/05/29 05:07:17.868, 2640 MiB
2026/05/29 05:07:18.868, 2640 MiB
2026/05/29 05:07:19.868, 2640 MiB
2026/05/29 05:07:20.869, 2640 MiB
2026/05/29 05:07:21.869, 2640 MiB
2026/05/29 05:07:22.869, 2640 MiB
2026/05/29 05:07:23.870, 2640 MiB
2026/05/29 05:07:24.871, 2640 MiB
2026/05/29 05:07:25.871, 2640 MiB
2026/05/29 05:07:26.872, 2640 MiB
2026/05/29 05:07:27.873, 2640 MiB
2026/05/29 05:07:28.873, 2640 MiB
2026/05/29 05:07:29.873, 2640 MiB
2026/05/29 05:07:30.874, 2640 MiB
2026/05/29 05:07:31.874, 6300 MiB
2026/05/29 05:07:32.874, 6300 MiB
2026/05/29 05:07:33.876, 3764 MiB
2026/05/29 05:07:34.876, 2644 MiB
2026/05/29 05:07:35.876, 2644 MiB
2026/05/29 05:07:36.877, 2640 MiB
2026/05/29 05:07:37.877, 2640 MiB
2026/05/29 05:07:38.877, 2640 MiB
2026/05/29 05:07:39.878, 2640 MiB
2026/05/29 05:07:40.878, 2640 MiB
2026/05/29 05:07:41.878, 2640 MiB
2026/05/29 05:07:42.879, 2640 MiB
2026/05/29 05:07:43.879, 2640 MiB
2026/05/29 05:07:44.879, 2640 MiB
2026/05/29 05:07:45.880, 2640 MiB
2026/05/29 05:07:46.880, 2640 MiB
2026/05/29 05:07:47.880, 2640 MiB
2026/05/29 05:07:48.881, 2640 MiB
2026/05/29 05:07:49.881, 2640 MiB
2026/05/29 05:07:50.881, 2640 MiB
2026/05/29 05:07:51.882, 2640 MiB
2026/05/29 05:07:52.882, 2640 MiB
2026/05/29 05:07:53.883, 2640 MiB
2026/05/29 05:07:54.884, 2640 MiB
2026/05/29 05:07:55.884, 2640 MiB
2026/05/29 05:07:56.884, 2640 MiB
2026/05/29 05:07:57.885, 2640 MiB
2026/05/29 05:07:58.886, 2640 MiB
2026/05/29 05:07:59.886, 2640 MiB
2026/05/29 05:08:00.886, 2640 MiB
2026/05/29 05:08:01.887, 2640 MiB
2026/05/29 05:08:02.887, 2640 MiB
2026/05/29 05:08:03.887, 2640 MiB
2026/05/29 05:08:04.888, 2640 MiB
2026/05/29 05:08:05.888, 2640 MiB
2026/05/29 05:08:06.888, 2640 MiB
2026/05/29 05:08:07.889, 2640 MiB
2026/05/29 05:08:08.889, 2640 MiB
2026/05/29 05:08:09.890, 2640 MiB
2026/05/29 05:08:10.890, 2640 MiB
2026/05/29 05:08:11.890, 2640 MiB
2026/05/29 05:08:12.891, 6300 MiB
2026/05/29 05:08:13.891, 6300 MiB
2026/05/29 05:08:14.891, 6300 MiB
2026/05/29 05:08:15.892, 4680 MiB
2026/05/29 05:08:16.892, 2620 MiB
2026/05/29 05:08:17.892, 2620 MiB
2026/05/29 05:08:18.893, 2620 MiB
2026/05/29 05:08:19.893, 2620 MiB
2026/05/29 05:08:20.893, 2620 MiB
2026/05/29 05:08:21.894, 2620 MiB
2026/05/29 05:08:22.894, 2620 MiB
2026/05/29 05:08:23.894, 2620 MiB
2026/05/29 05:08:24.895, 2620 MiB
2026/05/29 05:08:25.895, 2620 MiB
2026/05/29 05:08:26.895, 2620 MiB
2026/05/29 05:08:27.896, 2620 MiB
2026/05/29 05:08:28.896, 2620 MiB
2026/05/29 05:08:29.896, 2620 MiB
2026/05/29 05:08:30.897, 2620 MiB
2026/05/29 05:08:31.897, 2620 MiB
2026/05/29 05:08:32.898, 2620 MiB
2026/05/29 05:08:33.898, 2620 MiB
2026/05/29 05:08:34.899, 2620 MiB
2026/05/29 05:08:35.899, 2620 MiB
2026/05/29 05:08:36.899, 2620 MiB
2026/05/29 05:08:37.900, 2620 MiB
2026/05/29 05:08:38.900, 2620 MiB
2026/05/29 05:08:39.900, 2620 MiB
2026/05/29 05:08:40.901, 2619 MiB
2026/05/29 05:08:41.902, 2616 MiB
2026/05/29 05:08:42.902, 2616 MiB
2026/05/29 05:08:43.902, 2616 MiB
2026/05/29 05:08:44.903, 2616 MiB
2026/05/29 05:08:45.903, 2624 MiB
2026/05/29 05:08:46.904, 2624 MiB
2026/05/29 05:08:47.904, 2624 MiB
2026/05/29 05:08:48.905, 2624 MiB
2026/05/29 05:08:49.906, 2624 MiB
2026/05/29 05:08:50.906, 2624 MiB
2026/05/29 05:08:51.906, 2624 MiB
2026/05/29 05:08:52.907, 2624 MiB
2026/05/29 05:08:53.907, 2624 MiB
2026/05/29 05:08:54.907, 6284 MiB
2026/05/29 05:08:55.908, 6284 MiB
2026/05/29 05:08:56.908, 6284 MiB
2026/05/29 05:08:57.908, 5384 MiB
2026/05/29 05:08:58.909, 2644 MiB
2026/05/29 05:08:59.909, 2644 MiB
2026/05/29 05:09:00.909, 2644 MiB
2026/05/29 05:09:01.909, 2644 MiB
2026/05/29 05:09:02.910, 2644 MiB
2026/05/29 05:09:03.910, 2644 MiB
2026/05/29 05:09:04.910, 2645 MiB
2026/05/29 05:09:05.911, 2645 MiB
2026/05/29 05:09:06.911, 2645 MiB
2026/05/29 05:09:07.911, 2645 MiB
2026/05/29 05:09:08.912, 2645 MiB
2026/05/29 05:09:09.912, 2645 MiB
2026/05/29 05:09:10.912, 2645 MiB
2026/05/29 05:09:11.913, 2645 MiB
2026/05/29 05:09:12.913, 2645 MiB
2026/05/29 05:09:13.914, 2645 MiB
2026/05/29 05:09:14.914, 2645 MiB
2026/05/29 05:09:15.914, 2645 MiB
2026/05/29 05:09:16.915, 2645 MiB
2026/05/29 05:09:17.915, 2645 MiB
2026/05/29 05:09:18.915, 2645 MiB
2026/05/29 05:09:19.916, 2645 MiB
2026/05/29 05:09:20.916, 2645 MiB
2026/05/29 05:09:21.916, 2645 MiB
2026/05/29 05:09:22.917, 2645 MiB
2026/05/29 05:09:23.917, 2645 MiB
2026/05/29 05:09:24.918, 2645 MiB
2026/05/29 05:09:25.918, 2644 MiB
2026/05/29 05:09:26.919, 2644 MiB
2026/05/29 05:09:27.919, 2640 MiB
2026/05/29 05:09:28.920, 2640 MiB
2026/05/29 05:09:29.921, 2640 MiB
2026/05/29 05:09:30.921, 2640 MiB
2026/05/29 05:09:31.921, 2640 MiB
2026/05/29 05:09:32.922, 2640 MiB
2026/05/29 05:09:33.922, 2640 MiB
2026/05/29 05:09:34.923, 2640 MiB
2026/05/29 05:09:35.923, 2640 MiB
2026/05/29 05:09:36.923, 2640 MiB
2026/05/29 05:09:37.924, 2640 MiB
2026/05/29 05:09:38.924, 6040 MiB
2026/05/29 05:09:39.924, 6040 MiB
2026/05/29 05:09:40.925, 8900 MiB
2026/05/29 05:09:41.925, 2620 MiB
2026/05/29 05:09:42.925, 2620 MiB
2026/05/29 05:09:43.925, 2620 MiB
2026/05/29 05:09:44.926, 2620 MiB
2026/05/29 05:09:45.931, 2620 MiB
2026/05/29 05:09:46.931, 2620 MiB
2026/05/29 05:09:47.931, 2620 MiB
2026/05/29 05:09:48.932, 2620 MiB
2026/05/29 05:09:49.933, 2620 MiB
2026/05/29 05:09:50.934, 2620 MiB
2026/05/29 05:09:51.934, 2620 MiB
2026/05/29 05:09:52.934, 2620 MiB
2026/05/29 05:09:53.935, 2620 MiB
2026/05/29 05:09:54.935, 2620 MiB
2026/05/29 05:09:55.936, 2624 MiB
2026/05/29 05:09:56.937, 2624 MiB
2026/05/29 05:09:57.937, 2624 MiB
2026/05/29 05:09:58.937, 2624 MiB
2026/05/29 05:09:59.938, 2624 MiB
2026/05/29 05:10:00.939, 2624 MiB
2026/05/29 05:10:01.940, 2624 MiB
2026/05/29 05:10:02.940, 2624 MiB
2026/05/29 05:10:03.941, 2624 MiB
2026/05/29 05:10:04.941, 2624 MiB
2026/05/29 05:10:05.941, 2624 MiB
2026/05/29 05:10:06.941, 2624 MiB
2026/05/29 05:10:07.942, 2624 MiB
2026/05/29 05:10:08.942, 2624 MiB
2026/05/29 05:10:09.944, 2624 MiB
2026/05/29 05:10:10.944, 2624 MiB
2026/05/29 05:10:11.944, 2624 MiB
2026/05/29 05:10:12.945, 2624 MiB
2026/05/29 05:10:13.945, 2624 MiB
2026/05/29 05:10:14.945, 2624 MiB
2026/05/29 05:10:15.946, 2624 MiB
2026/05/29 05:10:16.946, 2624 MiB
2026/05/29 05:10:17.947, 2624 MiB
2026/05/29 05:10:18.947, 2624 MiB
2026/05/29 05:10:19.948, 6185 MiB
2026/05/29 05:10:20.948, 7800 MiB
2026/05/29 05:10:21.948, 2624 MiB
2026/05/29 05:10:22.949, 2624 MiB
2026/05/29 05:10:23.949, 2624 MiB
2026/05/29 05:10:24.949, 2624 MiB
2026/05/29 05:10:25.950, 2624 MiB
2026/05/29 05:10:26.950, 2625 MiB
2026/05/29 05:10:27.950, 2625 MiB
2026/05/29 05:10:28.951, 2625 MiB
2026/05/29 05:10:29.951, 2625 MiB
2026/05/29 05:10:30.951, 2625 MiB
2026/05/29 05:10:31.952, 2625 MiB
2026/05/29 05:10:32.952, 2624 MiB
2026/05/29 05:10:33.952, 2624 MiB
2026/05/29 05:10:34.953, 2624 MiB
2026/05/29 05:10:35.953, 2624 MiB
2026/05/29 05:10:36.953, 2624 MiB
2026/05/29 05:10:37.954, 2625 MiB
2026/05/29 05:10:38.954, 2625 MiB
2026/05/29 05:10:39.954, 2625 MiB
2026/05/29 05:10:40.955, 2625 MiB
2026/05/29 05:10:41.955, 2625 MiB
2026/05/29 05:10:42.955, 2625 MiB
2026/05/29 05:10:43.956, 2624 MiB
2026/05/29 05:10:44.956, 2624 MiB
2026/05/29 05:10:45.956, 2624 MiB
2026/05/29 05:10:46.957, 2624 MiB
2026/05/29 05:10:47.958, 2624 MiB
2026/05/29 05:10:48.959, 2624 MiB
2026/05/29 05:10:49.960, 2624 MiB
2026/05/29 05:10:50.960, 2624 MiB
2026/05/29 05:10:51.961, 2624 MiB
2026/05/29 05:10:52.962, 2624 MiB
2026/05/29 05:10:53.962, 2624 MiB
2026/05/29 05:10:54.962, 2624 MiB
2026/05/29 05:10:55.963, 2624 MiB
2026/05/29 05:10:56.963, 2624 MiB
2026/05/29 05:10:57.963, 2624 MiB
2026/05/29 05:10:58.964, 2624 MiB
2026/05/29 05:10:59.964, 6285 MiB
2026/05/29 05:11:00.964, 6285 MiB
2026/05/29 05:11:01.965, 6285 MiB
2026/05/29 05:11:02.965, 2864 MiB
2026/05/29 05:11:03.966, 2624 MiB
2026/05/29 05:11:04.966, 2620 MiB
2026/05/29 05:11:05.966, 2620 MiB
2026/05/29 05:11:06.967, 2620 MiB
2026/05/29 05:11:07.967, 2620 MiB
2026/05/29 05:11:08.967, 2620 MiB
2026/05/29 05:11:09.968, 2620 MiB
2026/05/29 05:11:10.968, 2620 MiB
2026/05/29 05:11:11.968, 2620 MiB
2026/05/29 05:11:12.969, 2620 MiB
2026/05/29 05:11:13.969, 2620 MiB
2026/05/29 05:11:14.969, 2620 MiB
2026/05/29 05:11:15.969, 2620 MiB
2026/05/29 05:11:16.970, 2620 MiB
2026/05/29 05:11:17.970, 2620 MiB
2026/05/29 05:11:18.971, 2620 MiB
2026/05/29 05:11:19.971, 2620 MiB
2026/05/29 05:11:20.971, 2620 MiB
2026/05/29 05:11:21.972, 2620 MiB
2026/05/29 05:11:22.973, 2620 MiB
2026/05/29 05:11:23.973, 2620 MiB
2026/05/29 05:11:24.973, 2620 MiB
2026/05/29 05:11:25.974, 2620 MiB
2026/05/29 05:11:26.974, 2620 MiB
2026/05/29 05:11:27.999, 2620 MiB
2026/05/29 05:11:28.999, 2620 MiB
2026/05/29 05:11:30.000, 2620 MiB
2026/05/29 05:11:31.001, 2620 MiB
2026/05/29 05:11:32.001, 2620 MiB
2026/05/29 05:11:33.002, 2620 MiB
2026/05/29 05:11:34.002, 2620 MiB
2026/05/29 05:11:35.002, 2620 MiB
2026/05/29 05:11:36.003, 2620 MiB
2026/05/29 05:11:37.003, 2620 MiB
2026/05/29 05:11:38.003, 2620 MiB
2026/05/29 05:11:39.003, 2620 MiB
2026/05/29 05:11:40.004, 2620 MiB
2026/05/29 05:11:41.004, 2620 MiB
2026/05/29 05:11:42.004, 2820 MiB
2026/05/29 05:11:43.005, 6280 MiB
2026/05/29 05:11:44.005, 8960 MiB
2026/05/29 05:11:45.005, 2640 MiB
2026/05/29 05:11:46.006, 2640 MiB
2026/05/29 05:11:47.006, 2640 MiB
2026/05/29 05:11:48.006, 2640 MiB
2026/05/29 05:11:49.007, 2640 MiB
2026/05/29 05:11:50.007, 2640 MiB
2026/05/29 05:11:51.007, 2640 MiB
2026/05/29 05:11:52.008, 2640 MiB
2026/05/29 05:11:53.008, 2640 MiB
2026/05/29 05:11:54.008, 2640 MiB
2026/05/29 05:11:55.009, 2640 MiB
2026/05/29 05:11:56.009, 2640 MiB
2026/05/29 05:11:57.009, 2640 MiB
2026/05/29 05:11:58.010, 2640 MiB
2026/05/29 05:11:59.011, 2640 MiB
2026/05/29 05:12:00.012, 2640 MiB
2026/05/29 05:12:01.012, 2640 MiB
2026/05/29 05:12:02.012, 2640 MiB
2026/05/29 05:12:03.013, 2640 MiB
2026/05/29 05:12:04.014, 2640 MiB
2026/05/29 05:12:05.015, 2640 MiB
2026/05/29 05:12:06.016, 2640 MiB
2026/05/29 05:12:07.016, 2640 MiB
2026/05/29 05:12:08.017, 2640 MiB
2026/05/29 05:12:09.017, 2640 MiB
2026/05/29 05:12:10.017, 2640 MiB
2026/05/29 05:12:11.018, 2640 MiB
2026/05/29 05:12:12.018, 2640 MiB
2026/05/29 05:12:13.018, 2640 MiB
2026/05/29 05:12:14.018, 2640 MiB
2026/05/29 05:12:15.019, 2640 MiB
2026/05/29 05:12:16.020, 2640 MiB
2026/05/29 05:12:17.022, 2640 MiB
2026/05/29 05:12:18.023, 2640 MiB
2026/05/29 05:12:19.023, 2640 MiB
2026/05/29 05:12:20.024, 2640 MiB
2026/05/29 05:12:21.025, 2640 MiB
2026/05/29 05:12:22.025, 2640 MiB
2026/05/29 05:12:23.026, 6000 MiB
2026/05/29 05:12:24.026, 6000 MiB
2026/05/29 05:12:25.026, 6000 MiB
2026/05/29 05:12:26.027, 4753 MiB
2026/05/29 05:12:27.027, 2613 MiB
2026/05/29 05:12:28.027, 2613 MiB
2026/05/29 05:12:29.028, 2613 MiB
2026/05/29 05:12:30.028, 2613 MiB
2026/05/29 05:12:31.028, 2613 MiB
2026/05/29 05:12:32.029, 2613 MiB
2026/05/29 05:12:33.029, 2613 MiB
2026/05/29 05:12:34.029, 2613 MiB
2026/05/29 05:12:35.029, 2624 MiB
2026/05/29 05:12:36.030, 2624 MiB
2026/05/29 05:12:37.030, 2624 MiB
2026/05/29 05:12:38.030, 2624 MiB
2026/05/29 05:12:39.031, 2624 MiB
2026/05/29 05:12:40.031, 2625 MiB
2026/05/29 05:12:41.031, 2625 MiB
2026/05/29 05:12:42.032, 2625 MiB
2026/05/29 05:12:43.033, 2625 MiB
2026/05/29 05:12:44.033, 2625 MiB
2026/05/29 05:12:45.034, 2625 MiB
2026/05/29 05:12:46.034, 2625 MiB
2026/05/29 05:12:47.035, 2625 MiB
2026/05/29 05:12:48.036, 2625 MiB
2026/05/29 05:12:49.036, 2625 MiB
2026/05/29 05:12:50.036, 2625 MiB
2026/05/29 05:12:51.038, 2624 MiB
2026/05/29 05:12:52.038, 2620 MiB
2026/05/29 05:12:53.038, 2622 MiB
2026/05/29 05:12:54.039, 2622 MiB
2026/05/29 05:12:55.039, 2622 MiB
2026/05/29 05:12:56.040, 2622 MiB
2026/05/29 05:12:57.040, 2622 MiB
2026/05/29 05:12:58.040, 2625 MiB
2026/05/29 05:12:59.041, 2625 MiB
2026/05/29 05:13:00.041, 2625 MiB
2026/05/29 05:13:01.041, 2625 MiB
2026/05/29 05:13:02.042, 2625 MiB
2026/05/29 05:13:03.042, 2625 MiB
2026/05/29 05:13:04.042, 2625 MiB
2026/05/29 05:13:05.043, 6285 MiB
2026/05/29 05:13:06.043, 6285 MiB
2026/05/29 05:13:07.044, 6285 MiB
2026/05/29 05:13:08.044, 8829 MiB
2026/05/29 05:13:09.044, 2628 MiB
2026/05/29 05:13:10.044, 2620 MiB
2026/05/29 05:13:11.045, 2620 MiB
2026/05/29 05:13:12.058, 2620 MiB
2026/05/29 05:13:13.058, 2620 MiB
2026/05/29 05:13:14.058, 2620 MiB
2026/05/29 05:13:15.059, 2620 MiB
2026/05/29 05:13:16.059, 2620 MiB
2026/05/29 05:13:17.059, 2620 MiB
2026/05/29 05:13:18.060, 2620 MiB
2026/05/29 05:13:19.060, 2620 MiB
2026/05/29 05:13:20.060, 2620 MiB
2026/05/29 05:13:21.061, 2620 MiB
2026/05/29 05:13:22.061, 2620 MiB
2026/05/29 05:13:23.061, 2620 MiB
2026/05/29 05:13:24.062, 2620 MiB
2026/05/29 05:13:25.063, 2620 MiB
2026/05/29 05:13:26.063, 2620 MiB
2026/05/29 05:13:27.064, 2620 MiB
2026/05/29 05:13:28.065, 2620 MiB
2026/05/29 05:13:29.065, 2620 MiB
2026/05/29 05:13:30.066, 2620 MiB
2026/05/29 05:13:31.066, 2620 MiB
2026/05/29 05:13:32.066, 2620 MiB
2026/05/29 05:13:33.067, 2620 MiB
2026/05/29 05:13:34.068, 2620 MiB
2026/05/29 05:13:35.069, 2620 MiB
2026/05/29 05:13:36.069, 2620 MiB
2026/05/29 05:13:37.069, 2620 MiB
2026/05/29 05:13:38.070, 2620 MiB
2026/05/29 05:13:39.070, 2620 MiB
2026/05/29 05:13:40.071, 2620 MiB
2026/05/29 05:13:41.071, 2620 MiB
2026/05/29 05:13:42.071, 2620 MiB
2026/05/29 05:13:43.071, 2620 MiB
2026/05/29 05:13:44.072, 2620 MiB
2026/05/29 05:13:45.072, 2620 MiB
2026/05/29 05:13:46.072, 2620 MiB
2026/05/29 05:13:47.073, 6280 MiB
2026/05/29 05:13:48.073, 6280 MiB
2026/05/29 05:13:49.073, 6280 MiB
2026/05/29 05:13:50.074, 2620 MiB
2026/05/29 05:13:51.074, 2620 MiB
2026/05/29 05:13:52.075, 2620 MiB
2026/05/29 05:13:53.075, 2620 MiB
2026/05/29 05:13:54.075, 2620 MiB
2026/05/29 05:13:55.076, 2620 MiB
2026/05/29 05:13:56.076, 2620 MiB
2026/05/29 05:13:57.076, 2620 MiB
2026/05/29 05:13:58.077, 2620 MiB
2026/05/29 05:13:59.077, 2620 MiB
2026/05/29 05:14:00.077, 2620 MiB
2026/05/29 05:14:01.078, 2620 MiB
2026/05/29 05:14:02.078, 2620 MiB
2026/05/29 05:14:03.078, 2620 MiB
2026/05/29 05:14:04.079, 2620 MiB
2026/05/29 05:14:05.079, 2620 MiB
2026/05/29 05:14:06.079, 2620 MiB
2026/05/29 05:14:07.080, 2620 MiB
2026/05/29 05:14:08.080, 2620 MiB
2026/05/29 05:14:09.080, 2620 MiB
2026/05/29 05:14:10.081, 2620 MiB
2026/05/29 05:14:11.081, 2620 MiB
2026/05/29 05:14:12.081, 2620 MiB
2026/05/29 05:14:13.082, 2620 MiB
2026/05/29 05:14:14.082, 2620 MiB
2026/05/29 05:14:15.082, 2620 MiB
2026/05/29 05:14:16.083, 2620 MiB
2026/05/29 05:14:17.083, 2620 MiB
2026/05/29 05:14:18.084, 2620 MiB
2026/05/29 05:14:19.084, 2620 MiB
2026/05/29 05:14:20.084, 2620 MiB
2026/05/29 05:14:21.084, 2620 MiB
2026/05/29 05:14:22.085, 2620 MiB
2026/05/29 05:14:23.085, 2620 MiB
2026/05/29 05:14:24.086, 2620 MiB
2026/05/29 05:14:25.086, 2620 MiB
2026/05/29 05:14:26.086, 2620 MiB
2026/05/29 05:14:27.087, 2620 MiB
2026/05/29 05:14:28.087, 2620 MiB
2026/05/29 05:14:29.087, 6280 MiB
2026/05/29 05:14:30.088, 6280 MiB
2026/05/29 05:14:31.088, 2640 MiB
2026/05/29 05:14:32.088, 2640 MiB
2026/05/29 05:14:33.089, 2640 MiB
2026/05/29 05:14:34.089, 2640 MiB
2026/05/29 05:14:35.089, 2636 MiB
2026/05/29 05:14:36.090, 2636 MiB
2026/05/29 05:14:37.090, 2636 MiB
2026/05/29 05:14:38.090, 2636 MiB
2026/05/29 05:14:39.091, 2641 MiB
2026/05/29 05:14:40.091, 2641 MiB
2026/05/29 05:14:41.091, 2641 MiB
2026/05/29 05:14:42.092, 2641 MiB
2026/05/29 05:14:43.092, 2641 MiB
2026/05/29 05:14:44.092, 2641 MiB
2026/05/29 05:14:45.093, 2641 MiB
2026/05/29 05:14:46.093, 2641 MiB
2026/05/29 05:14:47.094, 2641 MiB
2026/05/29 05:14:48.094, 2641 MiB
2026/05/29 05:14:49.095, 2641 MiB
2026/05/29 05:14:50.095, 2641 MiB
2026/05/29 05:14:51.096, 2641 MiB
2026/05/29 05:14:52.096, 2641 MiB
2026/05/29 05:14:53.096, 2641 MiB
2026/05/29 05:14:54.096, 2641 MiB
2026/05/29 05:14:55.098, 2641 MiB
2026/05/29 05:14:56.098, 2641 MiB
2026/05/29 05:14:57.099, 2641 MiB
2026/05/29 05:14:58.100, 2641 MiB
2026/05/29 05:14:59.100, 2641 MiB
2026/05/29 05:15:00.100, 2641 MiB
2026/05/29 05:15:01.101, 2641 MiB
2026/05/29 05:15:02.108, 2644 MiB
2026/05/29 05:15:03.108, 2644 MiB
2026/05/29 05:15:04.109, 2644 MiB
2026/05/29 05:15:05.110, 2644 MiB
2026/05/29 05:15:06.110, 2644 MiB
2026/05/29 05:15:07.112, 2644 MiB
2026/05/29 05:15:08.113, 2644 MiB
2026/05/29 05:15:09.113, 2645 MiB
2026/05/29 05:15:10.113, 6305 MiB
2026/05/29 05:15:11.114, 6305 MiB
2026/05/29 05:15:12.114, 6305 MiB
2026/05/29 05:15:13.114, 8202 MiB
2026/05/29 05:15:14.115, 2622 MiB
2026/05/29 05:15:15.115, 2622 MiB
2026/05/29 05:15:16.115, 2622 MiB
2026/05/29 05:15:17.116, 2622 MiB
2026/05/29 05:15:18.116, 2622 MiB
2026/05/29 05:15:19.116, 2622 MiB
2026/05/29 05:15:20.117, 2622 MiB
2026/05/29 05:15:21.117, 2622 MiB
2026/05/29 05:15:22.117, 2622 MiB
2026/05/29 05:15:23.118, 2622 MiB
2026/05/29 05:15:24.118, 2622 MiB
2026/05/29 05:15:25.118, 2622 MiB
2026/05/29 05:15:26.119, 2622 MiB
2026/05/29 05:15:27.119, 2622 MiB
2026/05/29 05:15:28.120, 2625 MiB
2026/05/29 05:15:29.121, 2625 MiB
2026/05/29 05:15:30.121, 2625 MiB
2026/05/29 05:15:31.122, 2625 MiB
2026/05/29 05:15:32.123, 2625 MiB
2026/05/29 05:15:33.123, 2625 MiB
2026/05/29 05:15:34.124, 2625 MiB
2026/05/29 05:15:35.125, 2625 MiB
2026/05/29 05:15:36.125, 2625 MiB
2026/05/29 05:15:37.125, 2625 MiB
2026/05/29 05:15:38.126, 2625 MiB
2026/05/29 05:15:39.127, 2625 MiB
2026/05/29 05:15:40.127, 2625 MiB
2026/05/29 05:15:41.127, 2625 MiB
2026/05/29 05:15:42.128, 2625 MiB
2026/05/29 05:15:43.129, 2625 MiB
2026/05/29 05:15:44.129, 2625 MiB
2026/05/29 05:15:45.129, 2624 MiB
2026/05/29 05:15:46.130, 2620 MiB
2026/05/29 05:15:47.130, 2620 MiB
2026/05/29 05:15:48.130, 2620 MiB
2026/05/29 05:15:49.131, 2621 MiB
2026/05/29 05:15:50.132, 2621 MiB
2026/05/29 05:15:51.132, 2621 MiB
2026/05/29 05:15:52.132, 6282 MiB
2026/05/29 05:15:53.133, 6282 MiB
2026/05/29 05:15:54.133, 6282 MiB
2026/05/29 05:15:55.134, 3721 MiB
2026/05/29 05:15:56.134, 2621 MiB
2026/05/29 05:15:57.134, 2622 MiB
2026/05/29 05:15:58.134, 2622 MiB
2026/05/29 05:15:59.135, 2622 MiB
2026/05/29 05:16:00.135, 2622 MiB
2026/05/29 05:16:01.135, 2622 MiB
2026/05/29 05:16:02.136, 2622 MiB
2026/05/29 05:16:03.136, 2622 MiB
2026/05/29 05:16:04.136, 2622 MiB
2026/05/29 05:16:05.137, 2622 MiB
2026/05/29 05:16:06.137, 2622 MiB
2026/05/29 05:16:07.137, 2622 MiB
2026/05/29 05:16:08.138, 2622 MiB
2026/05/29 05:16:09.138, 2622 MiB
2026/05/29 05:16:10.138, 2622 MiB
2026/05/29 05:16:11.142, 2622 MiB
2026/05/29 05:16:12.143, 2625 MiB
2026/05/29 05:16:13.144, 2625 MiB
2026/05/29 05:16:14.144, 2625 MiB
2026/05/29 05:16:15.145, 2625 MiB
2026/05/29 05:16:16.145, 2625 MiB
2026/05/29 05:16:17.146, 2625 MiB
2026/05/29 05:16:18.146, 2625 MiB
2026/05/29 05:16:19.146, 2625 MiB
2026/05/29 05:16:20.147, 2625 MiB
2026/05/29 05:16:21.147, 2625 MiB
2026/05/29 05:16:22.148, 2625 MiB
2026/05/29 05:16:23.148, 2621 MiB
2026/05/29 05:16:24.149, 2621 MiB
2026/05/29 05:16:25.150, 2621 MiB
2026/05/29 05:16:26.151, 2621 MiB
2026/05/29 05:16:27.151, 2621 MiB
2026/05/29 05:16:28.151, 2621 MiB
2026/05/29 05:16:29.152, 2621 MiB
2026/05/29 05:16:30.152, 2621 MiB
2026/05/29 05:16:31.152, 2621 MiB
2026/05/29 05:16:32.153, 2621 MiB
2026/05/29 05:16:33.153, 2621 MiB
2026/05/29 05:16:34.167, 2621 MiB
2026/05/29 05:16:35.167, 2621 MiB
2026/05/29 05:16:36.167, 3262 MiB
2026/05/29 05:16:37.167, 6282 MiB
2026/05/29 05:16:38.168, 6282 MiB
2026/05/29 05:16:39.168, 6282 MiB
2026/05/29 05:16:40.168, 2622 MiB
2026/05/29 05:16:41.169, 2622 MiB
2026/05/29 05:16:42.169, 2622 MiB
2026/05/29 05:16:43.169, 2622 MiB
2026/05/29 05:16:44.170, 2625 MiB
2026/05/29 05:16:45.170, 2625 MiB
2026/05/29 05:16:46.170, 2625 MiB
2026/05/29 05:16:47.171, 2625 MiB
2026/05/29 05:16:48.171, 2625 MiB
2026/05/29 05:16:49.171, 2625 MiB
2026/05/29 05:16:50.172, 2625 MiB
2026/05/29 05:16:51.172, 2625 MiB
2026/05/29 05:16:52.172, 2625 MiB
2026/05/29 05:16:53.173, 2625 MiB
2026/05/29 05:16:54.173, 2625 MiB
2026/05/29 05:16:55.173, 2624 MiB
2026/05/29 05:16:56.176, 2621 MiB
2026/05/29 05:16:57.177, 2621 MiB
2026/05/29 05:16:58.177, 2621 MiB
2026/05/29 05:16:59.177, 2621 MiB
2026/05/29 05:17:00.178, 2621 MiB
2026/05/29 05:17:01.179, 2621 MiB
2026/05/29 05:17:02.179, 2621 MiB
2026/05/29 05:17:03.179, 2621 MiB
2026/05/29 05:17:04.180, 2621 MiB
2026/05/29 05:17:05.180, 2621 MiB
2026/05/29 05:17:06.182, 2624 MiB
2026/05/29 05:17:07.182, 2624 MiB
2026/05/29 05:17:08.182, 2624 MiB
2026/05/29 05:17:09.183, 2624 MiB
2026/05/29 05:17:10.183, 2624 MiB
2026/05/29 05:17:11.184, 2624 MiB
2026/05/29 05:17:12.184, 2624 MiB
2026/05/29 05:17:13.186, 2624 MiB
2026/05/29 05:17:14.186, 2624 MiB
2026/05/29 05:17:15.187, 2624 MiB
2026/05/29 05:17:16.187, 2624 MiB
2026/05/29 05:17:17.187, 2624 MiB
2026/05/29 05:17:18.189, 5265 MiB
2026/05/29 05:17:19.189, 6285 MiB
2026/05/29 05:17:20.189, 6285 MiB
2026/05/29 05:17:21.190, 6285 MiB
2026/05/29 05:17:22.190, 2642 MiB
2026/05/29 05:17:23.191, 2642 MiB
2026/05/29 05:17:24.192, 2642 MiB
2026/05/29 05:17:25.192, 2642 MiB
2026/05/29 05:17:26.192, 2642 MiB
2026/05/29 05:17:27.193, 2642 MiB
2026/05/29 05:17:28.193, 2642 MiB
2026/05/29 05:17:29.194, 2642 MiB
2026/05/29 05:17:30.194, 2642 MiB
2026/05/29 05:17:31.194, 2642 MiB
2026/05/29 05:17:32.195, 2645 MiB
2026/05/29 05:17:33.195, 2645 MiB
2026/05/29 05:17:34.196, 2645 MiB
2026/05/29 05:17:35.196, 2645 MiB
2026/05/29 05:17:36.197, 2645 MiB
2026/05/29 05:17:37.197, 2645 MiB
2026/05/29 05:17:38.197, 2644 MiB
2026/05/29 05:17:39.198, 2643 MiB
2026/05/29 05:17:40.198, 2640 MiB
2026/05/29 05:17:41.198, 2640 MiB
2026/05/29 05:17:42.199, 2640 MiB
2026/05/29 05:17:43.200, 2641 MiB
2026/05/29 05:17:44.200, 2641 MiB
2026/05/29 05:17:45.201, 2641 MiB
2026/05/29 05:17:46.202, 2641 MiB
2026/05/29 05:17:47.202, 2641 MiB
2026/05/29 05:17:48.203, 2644 MiB
2026/05/29 05:17:49.205, 2644 MiB
2026/05/29 05:17:50.227, 2644 MiB
2026/05/29 05:17:51.227, 2644 MiB
2026/05/29 05:17:52.227, 2644 MiB
2026/05/29 05:17:53.229, 2644 MiB
2026/05/29 05:17:54.230, 2644 MiB
2026/05/29 05:17:55.230, 2644 MiB
2026/05/29 05:17:56.230, 2644 MiB
2026/05/29 05:17:57.231, 2644 MiB
2026/05/29 05:17:58.232, 2644 MiB
2026/05/29 05:17:59.232, 2644 MiB
2026/05/29 05:18:00.232, 6005 MiB
2026/05/29 05:18:01.233, 6005 MiB
2026/05/29 05:18:02.233, 6005 MiB
2026/05/29 05:18:03.243, 6004 MiB
2026/05/29 05:18:04.244, 2644 MiB
2026/05/29 05:18:05.244, 2640 MiB
2026/05/29 05:18:06.244, 2640 MiB
2026/05/29 05:18:07.245, 2640 MiB
2026/05/29 05:18:08.245, 2640 MiB
2026/05/29 05:18:09.246, 2640 MiB
2026/05/29 05:18:10.246, 2640 MiB
2026/05/29 05:18:11.246, 2640 MiB
2026/05/29 05:18:12.247, 2640 MiB
2026/05/29 05:18:13.248, 2640 MiB
2026/05/29 05:18:14.248, 2640 MiB
2026/05/29 05:18:15.248, 2640 MiB
2026/05/29 05:18:16.249, 2640 MiB
2026/05/29 05:18:17.249, 2640 MiB
2026/05/29 05:18:18.250, 2640 MiB
2026/05/29 05:18:19.250, 2640 MiB
2026/05/29 05:18:20.250, 2640 MiB
2026/05/29 05:18:21.251, 2640 MiB
2026/05/29 05:18:22.251, 2640 MiB
2026/05/29 05:18:23.252, 2640 MiB
2026/05/29 05:18:24.253, 2640 MiB
2026/05/29 05:18:25.253, 2640 MiB
2026/05/29 05:18:26.254, 2640 MiB
2026/05/29 05:18:27.254, 2640 MiB
2026/05/29 05:18:28.255, 2640 MiB
2026/05/29 05:18:29.256, 2640 MiB
2026/05/29 05:18:30.256, 2640 MiB
2026/05/29 05:18:31.257, 2640 MiB
2026/05/29 05:18:32.258, 2640 MiB
2026/05/29 05:18:33.258, 2640 MiB
2026/05/29 05:18:34.259, 2640 MiB
2026/05/29 05:18:35.260, 2640 MiB
2026/05/29 05:18:36.260, 2640 MiB
2026/05/29 05:18:37.261, 2640 MiB
2026/05/29 05:18:38.261, 2640 MiB
2026/05/29 05:18:39.261, 2640 MiB
2026/05/29 05:18:40.261, 2640 MiB
2026/05/29 05:18:41.262, 2640 MiB
2026/05/29 05:18:42.265, 2640 MiB
2026/05/29 05:18:43.265, 6300 MiB
2026/05/29 05:18:44.265, 6300 MiB
2026/05/29 05:18:45.266, 6300 MiB
2026/05/29 05:18:46.267, 8680 MiB
2026/05/29 05:18:47.267, 2640 MiB
2026/05/29 05:18:48.268, 2640 MiB
2026/05/29 05:18:49.268, 2640 MiB
2026/05/29 05:18:50.268, 2640 MiB
2026/05/29 05:18:51.269, 2640 MiB
2026/05/29 05:18:52.269, 2640 MiB
2026/05/29 05:18:53.269, 2640 MiB
2026/05/29 05:18:54.270, 2640 MiB
2026/05/29 05:18:55.270, 2640 MiB
2026/05/29 05:18:56.270, 2640 MiB
2026/05/29 05:18:57.271, 2640 MiB
2026/05/29 05:18:58.271, 2640 MiB
2026/05/29 05:18:59.272, 2640 MiB
2026/05/29 05:19:00.272, 2640 MiB
2026/05/29 05:19:01.273, 2640 MiB
2026/05/29 05:19:02.273, 2640 MiB
2026/05/29 05:19:03.274, 2640 MiB
2026/05/29 05:19:04.274, 2640 MiB
2026/05/29 05:19:05.274, 2640 MiB
2026/05/29 05:19:06.275, 2640 MiB
2026/05/29 05:19:07.275, 2640 MiB
2026/05/29 05:19:08.275, 2640 MiB
2026/05/29 05:19:09.276, 2640 MiB
2026/05/29 05:19:10.276, 2640 MiB
2026/05/29 05:19:11.276, 2640 MiB
2026/05/29 05:19:12.277, 2640 MiB
2026/05/29 05:19:13.277, 2640 MiB
2026/05/29 05:19:14.277, 2640 MiB
2026/05/29 05:19:15.278, 2644 MiB
2026/05/29 05:19:16.278, 2644 MiB
2026/05/29 05:19:17.278, 2644 MiB
2026/05/29 05:19:18.279, 2644 MiB
2026/05/29 05:19:19.279, 2644 MiB
2026/05/29 05:19:20.279, 2644 MiB
2026/05/29 05:19:21.280, 2644 MiB
2026/05/29 05:19:22.280, 2644 MiB
2026/05/29 05:19:23.281, 2644 MiB
2026/05/29 05:19:24.281, 2825 MiB
2026/05/29 05:19:25.281, 6005 MiB
2026/05/29 05:19:26.282, 6005 MiB
2026/05/29 05:19:27.282, 6005 MiB
2026/05/29 05:19:28.282, 8045 MiB
2026/05/29 05:19:29.283, 2625 MiB
2026/05/29 05:19:30.283, 2625 MiB
2026/05/29 05:19:31.283, 2625 MiB
2026/05/29 05:19:32.283, 2625 MiB
2026/05/29 05:19:33.284, 2625 MiB
2026/05/29 05:19:34.284, 2625 MiB
2026/05/29 05:19:35.284, 2625 MiB
2026/05/29 05:19:36.285, 2625 MiB
2026/05/29 05:19:37.285, 2625 MiB
2026/05/29 05:19:38.285, 2625 MiB
2026/05/29 05:19:39.286, 2625 MiB
2026/05/29 05:19:40.286, 2625 MiB
2026/05/29 05:19:41.286, 2625 MiB
2026/05/29 05:19:42.287, 2625 MiB
2026/05/29 05:19:43.288, 2625 MiB
2026/05/29 05:19:44.288, 2625 MiB
2026/05/29 05:19:45.288, 2625 MiB
2026/05/29 05:19:46.288, 2625 MiB
2026/05/29 05:19:47.289, 2625 MiB
2026/05/29 05:19:48.289, 2625 MiB
2026/05/29 05:19:49.290, 2625 MiB
2026/05/29 05:19:50.291, 2625 MiB
2026/05/29 05:19:51.291, 2625 MiB
2026/05/29 05:19:52.291, 2625 MiB
2026/05/29 05:19:53.291, 2625 MiB
2026/05/29 05:19:54.292, 2625 MiB
2026/05/29 05:19:55.292, 2624 MiB
2026/05/29 05:19:56.292, 2623 MiB
2026/05/29 05:19:57.293, 2619 MiB
2026/05/29 05:19:58.293, 2620 MiB
2026/05/29 05:19:59.294, 2620 MiB
2026/05/29 05:20:00.294, 2620 MiB
2026/05/29 05:20:01.295, 2620 MiB
2026/05/29 05:20:02.295, 2620 MiB
2026/05/29 05:20:03.296, 2620 MiB
2026/05/29 05:20:04.296, 2620 MiB
2026/05/29 05:20:05.296, 2620 MiB
2026/05/29 05:20:06.297, 2820 MiB
2026/05/29 05:20:07.297, 6280 MiB
2026/05/29 05:20:08.297, 6280 MiB
2026/05/29 05:20:09.298, 6280 MiB
2026/05/29 05:20:10.298, 7000 MiB
2026/05/29 05:20:11.298, 2620 MiB
2026/05/29 05:20:12.299, 2620 MiB
2026/05/29 05:20:13.299, 2620 MiB
2026/05/29 05:20:14.299, 2620 MiB
2026/05/29 05:20:15.300, 2620 MiB
2026/05/29 05:20:16.300, 2620 MiB
2026/05/29 05:20:17.300, 2620 MiB
2026/05/29 05:20:18.301, 2620 MiB
2026/05/29 05:20:19.301, 2620 MiB
2026/05/29 05:20:20.301, 2620 MiB
2026/05/29 05:20:21.302, 2620 MiB
2026/05/29 05:20:22.302, 2620 MiB
2026/05/29 05:20:23.302, 2620 MiB
2026/05/29 05:20:24.303, 2620 MiB
2026/05/29 05:20:25.303, 2620 MiB
2026/05/29 05:20:26.304, 2620 MiB
2026/05/29 05:20:27.304, 2620 MiB
2026/05/29 05:20:28.305, 2620 MiB
2026/05/29 05:20:29.313, 2620 MiB
2026/05/29 05:20:30.314, 2620 MiB
2026/05/29 05:20:31.314, 2620 MiB
2026/05/29 05:20:32.315, 2620 MiB
2026/05/29 05:20:33.316, 2620 MiB
2026/05/29 05:20:34.316, 2620 MiB
2026/05/29 05:20:35.316, 2620 MiB
2026/05/29 05:20:36.318, 2620 MiB
2026/05/29 05:20:37.318, 2620 MiB
2026/05/29 05:20:38.318, 2620 MiB
2026/05/29 05:20:39.319, 2620 MiB
2026/05/29 05:20:40.319, 2620 MiB
2026/05/29 05:20:41.319, 2620 MiB
2026/05/29 05:20:42.320, 2620 MiB
2026/05/29 05:20:43.320, 2620 MiB
2026/05/29 05:20:44.321, 2620 MiB
2026/05/29 05:20:45.321, 2620 MiB
2026/05/29 05:20:46.321, 2620 MiB
2026/05/29 05:20:47.322, 2620 MiB
2026/05/29 05:20:48.322, 2620 MiB
2026/05/29 05:20:49.322, 6280 MiB
2026/05/29 05:20:50.323, 6280 MiB
2026/05/29 05:20:51.323, 6280 MiB
2026/05/29 05:20:52.323, 8720 MiB
2026/05/29 05:20:53.324, 2640 MiB
2026/05/29 05:20:54.324, 2640 MiB
2026/05/29 05:20:55.325, 2640 MiB
2026/05/29 05:20:56.325, 2640 MiB
2026/05/29 05:20:57.325, 2640 MiB
2026/05/29 05:20:58.326, 2640 MiB
2026/05/29 05:20:59.326, 2640 MiB
2026/05/29 05:21:00.326, 2640 MiB
2026/05/29 05:21:01.326, 2640 MiB
2026/05/29 05:21:02.327, 2640 MiB
2026/05/29 05:21:03.327, 2640 MiB
2026/05/29 05:21:04.328, 2640 MiB
2026/05/29 05:21:05.328, 2640 MiB
2026/05/29 05:21:06.328, 2640 MiB
2026/05/29 05:21:07.329, 2640 MiB
2026/05/29 05:21:08.329, 2640 MiB
2026/05/29 05:21:09.329, 2640 MiB
2026/05/29 05:21:10.330, 2644 MiB
2026/05/29 05:21:11.330, 2644 MiB
2026/05/29 05:21:12.330, 2644 MiB
2026/05/29 05:21:13.330, 2644 MiB
2026/05/29 05:21:14.331, 2644 MiB
2026/05/29 05:21:15.332, 2644 MiB
2026/05/29 05:21:16.332, 2644 MiB
2026/05/29 05:21:17.334, 2644 MiB
2026/05/29 05:21:18.334, 2644 MiB
2026/05/29 05:21:19.334, 2644 MiB
2026/05/29 05:21:20.335, 2644 MiB
2026/05/29 05:21:21.336, 2644 MiB
2026/05/29 05:21:22.336, 2644 MiB
2026/05/29 05:21:23.336, 2644 MiB
2026/05/29 05:21:24.337, 2644 MiB
2026/05/29 05:21:25.338, 2644 MiB
2026/05/29 05:21:26.338, 2644 MiB
2026/05/29 05:21:27.338, 2644 MiB
2026/05/29 05:21:28.339, 2644 MiB
2026/05/29 05:21:29.339, 2644 MiB
2026/05/29 05:21:30.340, 2644 MiB
2026/05/29 05:21:31.340, 6305 MiB
2026/05/29 05:21:32.341, 6305 MiB
2026/05/29 05:21:33.341, 6305 MiB
2026/05/29 05:21:34.341, 2644 MiB
2026/05/29 05:21:35.342, 2644 MiB
2026/05/29 05:21:36.342, 2644 MiB
2026/05/29 05:21:37.342, 2640 MiB
2026/05/29 05:21:38.343, 2640 MiB
2026/05/29 05:21:39.343, 2640 MiB
2026/05/29 05:21:40.344, 2640 MiB
2026/05/29 05:21:41.344, 2644 MiB
2026/05/29 05:21:42.344, 2644 MiB
2026/05/29 05:21:43.345, 2644 MiB
2026/05/29 05:21:44.345, 2644 MiB
2026/05/29 05:21:45.345, 2644 MiB
2026/05/29 05:21:46.346, 2644 MiB
2026/05/29 05:21:47.346, 2644 MiB
2026/05/29 05:21:48.346, 2643 MiB
2026/05/29 05:21:49.346, 2640 MiB
2026/05/29 05:21:50.347, 2644 MiB
2026/05/29 05:21:51.347, 2644 MiB
2026/05/29 05:21:52.348, 2644 MiB
2026/05/29 05:21:53.348, 2644 MiB
2026/05/29 05:21:54.349, 2644 MiB
2026/05/29 05:21:55.349, 2644 MiB
2026/05/29 05:21:56.350, 2644 MiB
2026/05/29 05:21:57.350, 2644 MiB
2026/05/29 05:21:58.352, 2644 MiB
2026/05/29 05:21:59.353, 2644 MiB
2026/05/29 05:22:00.353, 2644 MiB
2026/05/29 05:22:01.353, 2644 MiB
2026/05/29 05:22:02.353, 2644 MiB
2026/05/29 05:22:03.354, 2644 MiB
2026/05/29 05:22:04.354, 2644 MiB
2026/05/29 05:22:05.354, 2644 MiB
2026/05/29 05:22:06.355, 2644 MiB
2026/05/29 05:22:07.356, 2643 MiB
2026/05/29 05:22:08.356, 2640 MiB
2026/05/29 05:22:09.356, 2640 MiB
2026/05/29 05:22:10.357, 2640 MiB
2026/05/29 05:22:11.357, 2644 MiB
2026/05/29 05:22:12.357, 2644 MiB
2026/05/29 05:22:13.358, 2845 MiB
2026/05/29 05:22:14.359, 6305 MiB
2026/05/29 05:22:15.359, 6305 MiB
2026/05/29 05:22:16.359, 6308 MiB
2026/05/29 05:22:17.359, 2668 MiB
2026/05/29 05:22:18.360, 2668 MiB
2026/05/29 05:22:19.360, 2660 MiB
2026/05/29 05:22:20.360, 2660 MiB
2026/05/29 05:22:21.361, 2660 MiB
2026/05/29 05:22:22.361, 2660 MiB
2026/05/29 05:22:23.362, 2660 MiB
2026/05/29 05:22:24.362, 2660 MiB
2026/05/29 05:22:25.362, 2660 MiB
2026/05/29 05:22:26.363, 2660 MiB
2026/05/29 05:22:27.363, 2660 MiB
2026/05/29 05:22:28.363, 2660 MiB
2026/05/29 05:22:29.364, 2660 MiB
2026/05/29 05:22:30.364, 2660 MiB
2026/05/29 05:22:31.364, 2660 MiB
2026/05/29 05:22:32.366, 2660 MiB
2026/05/29 05:22:33.366, 2660 MiB
2026/05/29 05:22:34.366, 2660 MiB
2026/05/29 05:22:35.367, 2660 MiB
2026/05/29 05:22:36.367, 2660 MiB
2026/05/29 05:22:37.368, 2660 MiB
2026/05/29 05:22:38.368, 2660 MiB
2026/05/29 05:22:39.369, 2660 MiB
2026/05/29 05:22:40.370, 2660 MiB
2026/05/29 05:22:41.371, 2660 MiB
2026/05/29 05:22:42.372, 2660 MiB
2026/05/29 05:22:43.373, 2660 MiB
2026/05/29 05:22:44.373, 2660 MiB
2026/05/29 05:22:45.374, 2660 MiB
2026/05/29 05:22:46.374, 2660 MiB
2026/05/29 05:22:47.374, 2664 MiB
2026/05/29 05:22:48.375, 2664 MiB
2026/05/29 05:22:49.376, 2664 MiB
2026/05/29 05:22:50.376, 2664 MiB
2026/05/29 05:22:51.376, 2664 MiB
2026/05/29 05:22:52.377, 2664 MiB
2026/05/29 05:22:53.377, 2664 MiB
2026/05/29 05:22:54.377, 2664 MiB
2026/05/29 05:22:55.378, 2664 MiB
2026/05/29 05:22:56.378, 6325 MiB
2026/05/29 05:22:57.379, 4925 MiB
2026/05/29 05:22:58.379, 2645 MiB
2026/05/29 05:22:59.379, 2644 MiB
2026/05/29 05:23:00.380, 2644 MiB
2026/05/29 05:23:01.380, 2640 MiB
2026/05/29 05:23:02.380, 2640 MiB
2026/05/29 05:23:03.380, 2636 MiB
2026/05/29 05:23:04.381, 2644 MiB
2026/05/29 05:23:05.381, 2644 MiB
2026/05/29 05:23:06.381, 2644 MiB
2026/05/29 05:23:07.382, 2644 MiB
2026/05/29 05:23:08.382, 2644 MiB
2026/05/29 05:23:09.382, 2644 MiB
2026/05/29 05:23:10.383, 2644 MiB
2026/05/29 05:23:11.383, 2644 MiB
2026/05/29 05:23:12.383, 2640 MiB
2026/05/29 05:23:13.384, 2640 MiB
2026/05/29 05:23:14.384, 2640 MiB
2026/05/29 05:23:15.384, 2644 MiB
2026/05/29 05:23:16.385, 2644 MiB
2026/05/29 05:23:17.385, 2644 MiB
2026/05/29 05:23:18.386, 2644 MiB
2026/05/29 05:23:19.386, 2644 MiB
2026/05/29 05:23:20.387, 2644 MiB
2026/05/29 05:23:21.389, 2644 MiB
2026/05/29 05:23:22.389, 2644 MiB
2026/05/29 05:23:23.390, 2644 MiB
2026/05/29 05:23:24.390, 2644 MiB
2026/05/29 05:23:25.390, 2644 MiB
2026/05/29 05:23:26.391, 2644 MiB
2026/05/29 05:23:27.391, 2644 MiB
2026/05/29 05:23:28.391, 2644 MiB
2026/05/29 05:23:29.392, 2644 MiB
2026/05/29 05:23:30.392, 2644 MiB
2026/05/29 05:23:31.392, 2644 MiB
2026/05/29 05:23:32.393, 2644 MiB
2026/05/29 05:23:33.393, 2644 MiB
2026/05/29 05:23:34.393, 2644 MiB
2026/05/29 05:23:35.394, 2644 MiB
2026/05/29 05:23:36.394, 2644 MiB
2026/05/29 05:23:37.394, 2644 MiB
2026/05/29 05:23:38.396, 2825 MiB
2026/05/29 05:23:39.396, 6300 MiB
2026/05/29 05:23:40.396, 6300 MiB
2026/05/29 05:23:41.397, 6305 MiB
2026/05/29 05:23:42.397, 9085 MiB
2026/05/29 05:23:43.397, 2645 MiB
2026/05/29 05:23:44.397, 2645 MiB
2026/05/29 05:23:45.398, 2645 MiB
2026/05/29 05:23:46.398, 2645 MiB
2026/05/29 05:23:47.398, 2645 MiB
2026/05/29 05:23:48.405, 2645 MiB
2026/05/29 05:23:49.405, 2645 MiB
2026/05/29 05:23:50.405, 2645 MiB
2026/05/29 05:23:51.406, 2645 MiB
2026/05/29 05:23:52.406, 2645 MiB
2026/05/29 05:23:53.406, 2645 MiB
2026/05/29 05:23:54.407, 2645 MiB
2026/05/29 05:23:55.407, 2645 MiB
2026/05/29 05:23:56.407, 2645 MiB
2026/05/29 05:23:57.408, 2645 MiB
2026/05/29 05:23:58.408, 2645 MiB
2026/05/29 05:23:59.408, 2645 MiB
2026/05/29 05:24:00.409, 2645 MiB
2026/05/29 05:24:01.409, 2645 MiB
2026/05/29 05:24:02.409, 2645 MiB
2026/05/29 05:24:03.410, 2645 MiB
2026/05/29 05:24:04.410, 2645 MiB
2026/05/29 05:24:05.411, 2645 MiB
2026/05/29 05:24:06.411, 2645 MiB
2026/05/29 05:24:07.411, 2644 MiB
2026/05/29 05:24:08.412, 2644 MiB
2026/05/29 05:24:09.412, 2639 MiB
2026/05/29 05:24:10.412, 2639 MiB
2026/05/29 05:24:11.413, 2640 MiB
2026/05/29 05:24:12.413, 2640 MiB
2026/05/29 05:24:13.413, 2640 MiB
2026/05/29 05:24:14.414, 2640 MiB
2026/05/29 05:24:15.414, 2640 MiB
2026/05/29 05:24:16.414, 2640 MiB
2026/05/29 05:24:17.414, 2640 MiB
2026/05/29 05:24:18.415, 2640 MiB
2026/05/29 05:24:19.416, 2640 MiB
2026/05/29 05:24:20.416, 2640 MiB
2026/05/29 05:24:21.417, 6000 MiB
2026/05/29 05:24:22.418, 6000 MiB
2026/05/29 05:24:23.418, 6000 MiB
2026/05/29 05:24:24.420, 5460 MiB
2026/05/29 05:24:25.420, 2620 MiB
2026/05/29 05:24:26.420, 2620 MiB
2026/05/29 05:24:27.421, 2620 MiB
2026/05/29 05:24:28.421, 2620 MiB
2026/05/29 05:24:29.421, 2620 MiB
2026/05/29 05:24:30.422, 2620 MiB
2026/05/29 05:24:31.422, 2620 MiB
2026/05/29 05:24:32.422, 2620 MiB
2026/05/29 05:24:33.423, 2620 MiB
2026/05/29 05:24:34.423, 2620 MiB
2026/05/29 05:24:35.423, 2620 MiB
2026/05/29 05:24:36.424, 2620 MiB
2026/05/29 05:24:37.424, 2620 MiB
2026/05/29 05:24:38.424, 2620 MiB
2026/05/29 05:24:39.425, 2620 MiB
2026/05/29 05:24:40.425, 2620 MiB
2026/05/29 05:24:41.425, 2620 MiB
2026/05/29 05:24:42.426, 2620 MiB
2026/05/29 05:24:43.427, 2620 MiB
2026/05/29 05:24:44.427, 2620 MiB
2026/05/29 05:24:45.428, 2620 MiB
2026/05/29 05:24:46.428, 2620 MiB
2026/05/29 05:24:47.428, 2620 MiB
2026/05/29 05:24:48.428, 2620 MiB
2026/05/29 05:24:49.429, 2620 MiB
2026/05/29 05:24:50.429, 2620 MiB
2026/05/29 05:24:51.430, 2620 MiB
2026/05/29 05:24:52.431, 2620 MiB
2026/05/29 05:24:53.432, 2620 MiB
2026/05/29 05:24:54.433, 2620 MiB
2026/05/29 05:24:55.433, 2620 MiB
2026/05/29 05:24:56.435, 2620 MiB
2026/05/29 05:24:57.435, 2620 MiB
2026/05/29 05:24:58.435, 2620 MiB
2026/05/29 05:24:59.436, 2620 MiB
2026/05/29 05:25:00.436, 2620 MiB
2026/05/29 05:25:01.437, 2620 MiB
2026/05/29 05:25:02.438, 2620 MiB
2026/05/29 05:25:03.443, 4240 MiB
2026/05/29 05:25:04.443, 6280 MiB
2026/05/29 05:25:05.443, 6280 MiB
2026/05/29 05:25:06.444, 6280 MiB
2026/05/29 05:25:07.444, 2620 MiB
2026/05/29 05:25:08.445, 2620 MiB
2026/05/29 05:25:09.445, 2620 MiB
2026/05/29 05:25:10.445, 2620 MiB
2026/05/29 05:25:11.446, 2620 MiB
2026/05/29 05:25:12.446, 2620 MiB
2026/05/29 05:25:13.446, 2620 MiB
2026/05/29 05:25:14.447, 2620 MiB
2026/05/29 05:25:15.447, 2620 MiB
2026/05/29 05:25:16.447, 2620 MiB
2026/05/29 05:25:17.448, 2620 MiB
2026/05/29 05:25:18.448, 2620 MiB
2026/05/29 05:25:19.448, 2620 MiB
2026/05/29 05:25:20.460, 2620 MiB
2026/05/29 05:25:21.461, 2620 MiB
2026/05/29 05:25:22.461, 2620 MiB
2026/05/29 05:25:23.462, 2620 MiB
2026/05/29 05:25:24.462, 2620 MiB
2026/05/29 05:25:25.463, 2620 MiB
2026/05/29 05:25:26.464, 2620 MiB
2026/05/29 05:25:27.464, 2620 MiB
2026/05/29 05:25:28.464, 2620 MiB
2026/05/29 05:25:29.466, 2620 MiB
2026/05/29 05:25:30.466, 2620 MiB
2026/05/29 05:25:31.467, 2620 MiB
2026/05/29 05:25:32.468, 2620 MiB
2026/05/29 05:25:33.468, 2620 MiB
2026/05/29 05:25:34.473, 2620 MiB
2026/05/29 05:25:35.473, 2620 MiB
2026/05/29 05:25:36.473, 2620 MiB
2026/05/29 05:25:37.474, 2620 MiB
2026/05/29 05:25:38.474, 2620 MiB
2026/05/29 05:25:39.474, 2620 MiB
2026/05/29 05:25:40.475, 2620 MiB
2026/05/29 05:25:41.475, 2620 MiB
2026/05/29 05:25:42.475, 2620 MiB
2026/05/29 05:25:43.476, 2620 MiB
2026/05/29 05:25:44.476, 2620 MiB
2026/05/29 05:25:45.476, 2620 MiB
2026/05/29 05:25:46.477, 6180 MiB
2026/05/29 05:25:47.477, 6280 MiB
2026/05/29 05:25:48.477, 6280 MiB
2026/05/29 05:25:49.478, 6280 MiB
2026/05/29 05:25:50.478, 2640 MiB
2026/05/29 05:25:51.478, 2640 MiB
2026/05/29 05:25:52.478, 2640 MiB
2026/05/29 05:25:53.479, 2640 MiB
2026/05/29 05:25:54.479, 2640 MiB
2026/05/29 05:25:55.479, 2640 MiB
2026/05/29 05:25:56.480, 2640 MiB
2026/05/29 05:25:57.480, 2640 MiB
2026/05/29 05:25:58.481, 2640 MiB
2026/05/29 05:25:59.481, 2640 MiB
2026/05/29 05:26:00.482, 2640 MiB
2026/05/29 05:26:01.484, 2640 MiB
2026/05/29 05:26:02.485, 2640 MiB
2026/05/29 05:26:03.485, 2640 MiB
2026/05/29 05:26:04.486, 2640 MiB
2026/05/29 05:26:05.486, 2640 MiB
2026/05/29 05:26:06.486, 2640 MiB
2026/05/29 05:26:07.487, 2640 MiB
2026/05/29 05:26:08.488, 2640 MiB
2026/05/29 05:26:09.490, 2640 MiB
2026/05/29 05:26:10.490, 2640 MiB
2026/05/29 05:26:11.490, 2640 MiB
2026/05/29 05:26:12.491, 2640 MiB
2026/05/29 05:26:13.491, 2640 MiB
2026/05/29 05:26:14.492, 2640 MiB
2026/05/29 05:26:15.503, 2640 MiB
2026/05/29 05:26:16.504, 2640 MiB
2026/05/29 05:26:17.505, 2640 MiB
2026/05/29 05:26:18.506, 2640 MiB
2026/05/29 05:26:19.506, 2640 MiB
2026/05/29 05:26:20.506, 2640 MiB
2026/05/29 05:26:21.507, 2640 MiB
2026/05/29 05:26:22.507, 2640 MiB
2026/05/29 05:26:23.508, 2640 MiB
2026/05/29 05:26:24.509, 2640 MiB
2026/05/29 05:26:25.509, 2640 MiB
2026/05/29 05:26:26.510, 2640 MiB
2026/05/29 05:26:27.511, 2640 MiB
2026/05/29 05:26:28.512, 2640 MiB
2026/05/29 05:26:29.512, 6000 MiB
2026/05/29 05:26:30.513, 6000 MiB
2026/05/29 05:26:31.514, 6000 MiB
2026/05/29 05:26:32.514, 3560 MiB
2026/05/29 05:26:33.514, 2620 MiB
2026/05/29 05:26:34.515, 2620 MiB
2026/05/29 05:26:35.515, 2620 MiB
2026/05/29 05:26:36.515, 2620 MiB
2026/05/29 05:26:37.515, 2620 MiB
2026/05/29 05:26:38.516, 2620 MiB
2026/05/29 05:26:39.516, 2620 MiB
2026/05/29 05:26:40.517, 2620 MiB
2026/05/29 05:26:41.517, 2620 MiB
2026/05/29 05:26:42.517, 2620 MiB
2026/05/29 05:26:43.518, 2620 MiB
2026/05/29 05:26:44.518, 2620 MiB
2026/05/29 05:26:45.518, 2620 MiB
2026/05/29 05:26:46.518, 2620 MiB
2026/05/29 05:26:47.520, 2620 MiB
2026/05/29 05:26:48.520, 2620 MiB
2026/05/29 05:26:49.520, 2620 MiB
2026/05/29 05:26:50.521, 2620 MiB
2026/05/29 05:26:51.523, 2620 MiB
2026/05/29 05:26:52.524, 2620 MiB
2026/05/29 05:26:53.524, 2620 MiB
2026/05/29 05:26:54.524, 2620 MiB
2026/05/29 05:26:55.525, 2620 MiB
2026/05/29 05:26:56.525, 2620 MiB
2026/05/29 05:26:57.525, 2620 MiB
2026/05/29 05:26:58.526, 2620 MiB
2026/05/29 05:26:59.526, 2620 MiB
2026/05/29 05:27:00.526, 2620 MiB
2026/05/29 05:27:01.527, 2620 MiB
2026/05/29 05:27:02.527, 2620 MiB
2026/05/29 05:27:03.527, 2620 MiB
2026/05/29 05:27:04.528, 2620 MiB
2026/05/29 05:27:05.529, 2620 MiB
2026/05/29 05:27:06.529, 2620 MiB
2026/05/29 05:27:07.529, 2620 MiB
2026/05/29 05:27:08.530, 2620 MiB
2026/05/29 05:27:09.533, 2620 MiB
2026/05/29 05:27:10.534, 2620 MiB
2026/05/29 05:27:11.534, 2620 MiB
2026/05/29 05:27:12.535, 6280 MiB
2026/05/29 05:27:13.535, 6280 MiB
2026/05/29 05:27:14.535, 6280 MiB
2026/05/29 05:27:15.536, 2620 MiB
2026/05/29 05:27:16.536, 2620 MiB
2026/05/29 05:27:17.563, 2620 MiB
2026/05/29 05:27:18.563, 2620 MiB
2026/05/29 05:27:19.564, 2620 MiB
2026/05/29 05:27:20.564, 2620 MiB
2026/05/29 05:27:21.564, 2620 MiB
2026/05/29 05:27:22.565, 2620 MiB
2026/05/29 05:27:23.565, 2620 MiB
2026/05/29 05:27:24.565, 2620 MiB
2026/05/29 05:27:25.566, 2620 MiB
2026/05/29 05:27:26.566, 2620 MiB
2026/05/29 05:27:27.566, 2620 MiB
2026/05/29 05:27:28.567, 2620 MiB
2026/05/29 05:27:29.567, 2620 MiB
2026/05/29 05:27:30.568, 2620 MiB
2026/05/29 05:27:31.575, 2620 MiB
2026/05/29 05:27:32.575, 2620 MiB
2026/05/29 05:27:33.577, 2620 MiB
2026/05/29 05:27:34.577, 2619 MiB
2026/05/29 05:27:35.578, 2618 MiB
2026/05/29 05:27:36.578, 2619 MiB
2026/05/29 05:27:37.578, 2619 MiB
2026/05/29 05:27:38.579, 2619 MiB
2026/05/29 05:27:39.579, 2619 MiB
2026/05/29 05:27:40.580, 2619 MiB
2026/05/29 05:27:41.580, 2619 MiB
2026/05/29 05:27:42.582, 2619 MiB
2026/05/29 05:27:43.583, 2619 MiB
2026/05/29 05:27:44.583, 2629 MiB
2026/05/29 05:27:45.584, 2637 MiB
2026/05/29 05:27:46.584, 2637 MiB
2026/05/29 05:27:47.585, 2637 MiB
2026/05/29 05:27:48.585, 2637 MiB
2026/05/29 05:27:49.585, 2637 MiB
2026/05/29 05:27:50.586, 2637 MiB
2026/05/29 05:27:51.586, 2637 MiB
2026/05/29 05:27:52.587, 2637 MiB
2026/05/29 05:27:53.587, 2637 MiB
2026/05/29 05:27:54.587, 2637 MiB
2026/05/29 05:27:55.588, 2635 MiB
2026/05/29 05:27:56.588, 6299 MiB
2026/05/29 05:27:57.588, 6299 MiB
2026/05/29 05:27:58.588, 5859 MiB
2026/05/29 05:27:59.589, 2643 MiB
2026/05/29 05:28:00.590, 2643 MiB
2026/05/29 05:28:01.590, 2639 MiB
2026/05/29 05:28:02.590, 2639 MiB
2026/05/29 05:28:03.591, 2639 MiB
2026/05/29 05:28:04.591, 2639 MiB
2026/05/29 05:28:05.591, 2636 MiB
2026/05/29 05:28:06.592, 2640 MiB
2026/05/29 05:28:07.592, 2640 MiB
2026/05/29 05:28:08.592, 2640 MiB
2026/05/29 05:28:09.593, 2640 MiB
2026/05/29 05:28:10.593, 2640 MiB
2026/05/29 05:28:11.593, 2640 MiB
2026/05/29 05:28:12.594, 2640 MiB
2026/05/29 05:28:13.594, 2640 MiB
2026/05/29 05:28:14.594, 2640 MiB
2026/05/29 05:28:15.595, 2636 MiB
2026/05/29 05:28:16.596, 2640 MiB
2026/05/29 05:28:17.596, 2639 MiB
2026/05/29 05:28:18.597, 2639 MiB
2026/05/29 05:28:19.598, 2639 MiB
2026/05/29 05:28:20.598, 2639 MiB
2026/05/29 05:28:21.598, 2639 MiB
2026/05/29 05:28:22.599, 2639 MiB
2026/05/29 05:28:23.599, 2639 MiB
2026/05/29 05:28:24.600, 2639 MiB
2026/05/29 05:28:25.603, 2636 MiB
2026/05/29 05:28:26.603, 2640 MiB
2026/05/29 05:28:27.605, 2639 MiB
2026/05/29 05:28:28.605, 2639 MiB
2026/05/29 05:28:29.605, 2639 MiB
2026/05/29 05:28:30.606, 2639 MiB
2026/05/29 05:28:31.606, 2639 MiB
2026/05/29 05:28:32.606, 2639 MiB
2026/05/29 05:28:33.607, 2639 MiB
2026/05/29 05:28:34.608, 2639 MiB
2026/05/29 05:28:35.609, 2636 MiB
2026/05/29 05:28:36.609, 2640 MiB
2026/05/29 05:28:37.609, 2639 MiB
2026/05/29 05:28:38.610, 6299 MiB
2026/05/29 05:28:39.610, 6299 MiB
2026/05/29 05:28:40.610, 6299 MiB
2026/05/29 05:28:41.610, 6299 MiB
2026/05/29 05:28:42.611, 2659 MiB
2026/05/29 05:28:43.611, 2659 MiB
2026/05/29 05:28:44.611, 2659 MiB
2026/05/29 05:28:45.612, 2656 MiB
2026/05/29 05:28:46.612, 2660 MiB
2026/05/29 05:28:47.612, 2659 MiB
2026/05/29 05:28:48.613, 2659 MiB
2026/05/29 05:28:49.613, 2659 MiB
2026/05/29 05:28:50.613, 2659 MiB
2026/05/29 05:28:51.614, 2659 MiB
2026/05/29 05:28:52.614, 2659 MiB
2026/05/29 05:28:53.615, 2659 MiB
2026/05/29 05:28:54.615, 2659 MiB
2026/05/29 05:28:55.615, 2656 MiB
2026/05/29 05:28:56.616, 2660 MiB
2026/05/29 05:28:57.616, 2659 MiB
2026/05/29 05:28:58.616, 2659 MiB
2026/05/29 05:28:59.617, 2659 MiB
2026/05/29 05:29:00.617, 2659 MiB
2026/05/29 05:29:01.617, 2659 MiB
2026/05/29 05:29:02.618, 2659 MiB
2026/05/29 05:29:03.618, 2659 MiB
2026/05/29 05:29:04.618, 2659 MiB
2026/05/29 05:29:05.619, 2656 MiB
2026/05/29 05:29:06.619, 2660 MiB
2026/05/29 05:29:07.619, 2659 MiB
2026/05/29 05:29:08.620, 2659 MiB
2026/05/29 05:29:09.620, 2659 MiB
2026/05/29 05:29:10.621, 2659 MiB
2026/05/29 05:29:11.621, 2659 MiB
2026/05/29 05:29:12.621, 2659 MiB
2026/05/29 05:29:13.622, 2659 MiB
2026/05/29 05:29:14.622, 2659 MiB
2026/05/29 05:29:15.622, 2656 MiB
2026/05/29 05:29:16.623, 2660 MiB
2026/05/29 05:29:17.623, 2660 MiB
2026/05/29 05:29:18.623, 2656 MiB
2026/05/29 05:29:19.624, 2656 MiB
2026/05/29 05:29:20.624, 2656 MiB
2026/05/29 05:29:21.624, 2860 MiB
2026/05/29 05:29:22.625, 6020 MiB
2026/05/29 05:29:23.625, 6020 MiB
2026/05/29 05:29:24.626, 6020 MiB
2026/05/29 05:29:25.627, 2640 MiB
2026/05/29 05:29:26.627, 2644 MiB
2026/05/29 05:29:27.628, 2639 MiB
2026/05/29 05:29:28.628, 2639 MiB
2026/05/29 05:29:29.628, 2639 MiB
2026/05/29 05:29:30.629, 2639 MiB
2026/05/29 05:29:31.629, 2639 MiB
2026/05/29 05:29:32.629, 2639 MiB
2026/05/29 05:29:33.630, 2639 MiB
2026/05/29 05:29:34.630, 2639 MiB
2026/05/29 05:29:35.630, 2636 MiB
2026/05/29 05:29:36.631, 2640 MiB
2026/05/29 05:29:37.631, 2636 MiB
2026/05/29 05:29:38.631, 2636 MiB
2026/05/29 05:29:39.632, 2636 MiB
2026/05/29 05:29:40.632, 2636 MiB
2026/05/29 05:29:41.632, 2636 MiB
2026/05/29 05:29:42.633, 2636 MiB
2026/05/29 05:29:43.634, 2644 MiB
2026/05/29 05:29:44.634, 2643 MiB
2026/05/29 05:29:45.634, 2640 MiB
2026/05/29 05:29:46.634, 2644 MiB
2026/05/29 05:29:47.636, 2643 MiB
2026/05/29 05:29:48.636, 2643 MiB
2026/05/29 05:29:49.636, 2644 MiB
2026/05/29 05:29:50.637, 2644 MiB
2026/05/29 05:29:51.638, 2644 MiB
2026/05/29 05:29:52.639, 2644 MiB
2026/05/29 05:29:53.640, 2644 MiB
2026/05/29 05:29:54.640, 2644 MiB
2026/05/29 05:29:55.640, 2640 MiB
2026/05/29 05:29:56.641, 2644 MiB
2026/05/29 05:29:57.644, 2644 MiB
2026/05/29 05:29:58.644, 2644 MiB
2026/05/29 05:29:59.645, 2644 MiB
2026/05/29 05:30:00.645, 2644 MiB
2026/05/29 05:30:01.645, 2644 MiB
2026/05/29 05:30:02.646, 2644 MiB
2026/05/29 05:30:03.647, 2644 MiB
2026/05/29 05:30:04.648, 6303 MiB
2026/05/29 05:30:05.648, 6297 MiB
2026/05/29 05:30:06.648, 9081 MiB
2026/05/29 05:30:07.649, 2664 MiB
2026/05/29 05:30:08.649, 2664 MiB
2026/05/29 05:30:09.650, 2664 MiB
2026/05/29 05:30:10.650, 2664 MiB
2026/05/29 05:30:11.650, 2664 MiB
2026/05/29 05:30:12.651, 2664 MiB
2026/05/29 05:30:13.651, 2664 MiB
2026/05/29 05:30:14.651, 2664 MiB
2026/05/29 05:30:15.652, 2660 MiB
2026/05/29 05:30:16.652, 2664 MiB
2026/05/29 05:30:17.652, 2664 MiB
2026/05/29 05:30:18.653, 2664 MiB
2026/05/29 05:30:19.653, 2664 MiB
2026/05/29 05:30:20.653, 2664 MiB
2026/05/29 05:30:21.654, 2664 MiB
2026/05/29 05:30:22.654, 2664 MiB
2026/05/29 05:30:23.654, 2664 MiB
2026/05/29 05:30:24.655, 2664 MiB
2026/05/29 05:30:25.655, 2660 MiB
2026/05/29 05:30:26.656, 2664 MiB
2026/05/29 05:30:27.656, 2664 MiB
2026/05/29 05:30:28.657, 2664 MiB
2026/05/29 05:30:29.657, 2664 MiB
2026/05/29 05:30:30.658, 2664 MiB
2026/05/29 05:30:31.658, 2664 MiB
2026/05/29 05:30:32.659, 2664 MiB
2026/05/29 05:30:33.659, 2663 MiB
2026/05/29 05:30:34.661, 2663 MiB
2026/05/29 05:30:35.662, 2655 MiB
2026/05/29 05:30:36.663, 2659 MiB
2026/05/29 05:30:37.663, 2659 MiB
2026/05/29 05:30:38.663, 2659 MiB
2026/05/29 05:30:39.664, 2659 MiB
2026/05/29 05:30:40.665, 2659 MiB
2026/05/29 05:30:41.665, 2659 MiB
2026/05/29 05:30:42.666, 2659 MiB
2026/05/29 05:30:43.666, 2659 MiB
2026/05/29 05:30:44.666, 2659 MiB
2026/05/29 05:30:45.667, 2655 MiB
2026/05/29 05:30:46.667, 2659 MiB
2026/05/29 05:30:47.667, 2659 MiB
2026/05/29 05:30:48.668, 6319 MiB
2026/05/29 05:30:49.668, 8099 MiB
2026/05/29 05:30:50.668, 2659 MiB
2026/05/29 05:30:51.669, 2659 MiB
2026/05/29 05:30:52.669, 2659 MiB
2026/05/29 05:30:53.669, 2659 MiB
2026/05/29 05:30:54.669, 2659 MiB
2026/05/29 05:30:55.670, 2660 MiB
2026/05/29 05:30:56.670, 2660 MiB
2026/05/29 05:30:57.670, 2659 MiB
2026/05/29 05:30:58.671, 2659 MiB
2026/05/29 05:30:59.671, 2659 MiB
2026/05/29 05:31:00.671, 2659 MiB
2026/05/29 05:31:01.672, 2659 MiB
2026/05/29 05:31:02.672, 2659 MiB
2026/05/29 05:31:03.673, 2659 MiB
2026/05/29 05:31:04.673, 2656 MiB
2026/05/29 05:31:05.673, 2660 MiB
2026/05/29 05:31:06.674, 2660 MiB
2026/05/29 05:31:07.674, 2659 MiB
2026/05/29 05:31:08.675, 2659 MiB
2026/05/29 05:31:09.675, 2659 MiB
2026/05/29 05:31:10.676, 2659 MiB
2026/05/29 05:31:11.677, 2659 MiB
2026/05/29 05:31:12.677, 2659 MiB
2026/05/29 05:31:13.677, 2659 MiB
2026/05/29 05:31:14.678, 2656 MiB
2026/05/29 05:31:15.679, 2660 MiB
2026/05/29 05:31:16.680, 2660 MiB
2026/05/29 05:31:17.680, 2659 MiB
2026/05/29 05:31:18.680, 2659 MiB
2026/05/29 05:31:19.681, 2659 MiB
2026/05/29 05:31:20.681, 2659 MiB
2026/05/29 05:31:21.682, 2659 MiB
2026/05/29 05:31:22.682, 2659 MiB
2026/05/29 05:31:23.682, 2659 MiB
2026/05/29 05:31:24.682, 2656 MiB
2026/05/29 05:31:25.683, 2660 MiB
2026/05/29 05:31:26.683, 2659 MiB
2026/05/29 05:31:27.684, 2659 MiB
2026/05/29 05:31:28.685, 2659 MiB
2026/05/29 05:31:29.685, 6319 MiB
2026/05/29 05:31:30.686, 6319 MiB
2026/05/29 05:31:31.687, 6319 MiB
2026/05/29 05:31:32.687, 8759 MiB
2026/05/29 05:31:33.687, 2639 MiB
2026/05/29 05:31:34.688, 2636 MiB
2026/05/29 05:31:35.688, 2640 MiB
2026/05/29 05:31:36.688, 2639 MiB
2026/05/29 05:31:37.689, 2639 MiB
2026/05/29 05:31:38.689, 2639 MiB
2026/05/29 05:31:39.689, 2639 MiB
2026/05/29 05:31:40.690, 2639 MiB
2026/05/29 05:31:41.690, 2639 MiB
2026/05/29 05:31:42.690, 2639 MiB
2026/05/29 05:31:43.691, 2639 MiB
2026/05/29 05:31:44.691, 2636 MiB
2026/05/29 05:31:45.691, 2640 MiB
2026/05/29 05:31:46.692, 2639 MiB
2026/05/29 05:31:47.692, 2639 MiB
2026/05/29 05:31:48.692, 2639 MiB
2026/05/29 05:31:49.693, 2639 MiB
2026/05/29 05:31:50.693, 2639 MiB
2026/05/29 05:31:51.693, 2639 MiB
2026/05/29 05:31:52.694, 2639 MiB
2026/05/29 05:31:53.694, 2639 MiB
2026/05/29 05:31:54.695, 2636 MiB
2026/05/29 05:31:55.695, 2640 MiB
2026/05/29 05:31:56.695, 2640 MiB
2026/05/29 05:31:57.696, 2635 MiB
2026/05/29 05:31:58.699, 2635 MiB
2026/05/29 05:31:59.699, 2635 MiB
2026/05/29 05:32:00.699, 2635 MiB
2026/05/29 05:32:01.700, 2635 MiB
2026/05/29 05:32:02.700, 2635 MiB
2026/05/29 05:32:03.700, 2635 MiB
2026/05/29 05:32:04.701, 2636 MiB
2026/05/29 05:32:05.701, 2644 MiB
2026/05/29 05:32:06.701, 2643 MiB
2026/05/29 05:32:07.702, 2643 MiB
2026/05/29 05:32:08.703, 2643 MiB
2026/05/29 05:32:09.705, 2643 MiB
2026/05/29 05:32:10.706, 2644 MiB
2026/05/29 05:32:11.706, 2644 MiB
2026/05/29 05:32:12.706, 6304 MiB
2026/05/29 05:32:13.707, 6304 MiB
2026/05/29 05:32:14.707, 6300 MiB
2026/05/29 05:32:15.707, 4524 MiB
2026/05/29 05:32:16.708, 2641 MiB
2026/05/29 05:32:17.708, 2642 MiB
2026/05/29 05:32:18.708, 2643 MiB
2026/05/29 05:32:19.709, 2643 MiB
2026/05/29 05:32:20.710, 2642 MiB
2026/05/29 05:32:21.710, 2642 MiB
2026/05/29 05:32:22.710, 2642 MiB
2026/05/29 05:32:23.711, 2642 MiB
2026/05/29 05:32:24.711, 2642 MiB
2026/05/29 05:32:25.711, 2642 MiB
2026/05/29 05:32:26.711, 2640 MiB
2026/05/29 05:32:27.712, 2644 MiB
2026/05/29 05:32:28.713, 2644 MiB
2026/05/29 05:32:29.713, 2644 MiB
2026/05/29 05:32:30.713, 2644 MiB
2026/05/29 05:32:31.714, 2644 MiB
2026/05/29 05:32:32.714, 2644 MiB
2026/05/29 05:32:33.715, 2644 MiB
2026/05/29 05:32:34.715, 2644 MiB
2026/05/29 05:32:35.715, 2644 MiB
2026/05/29 05:32:36.716, 2640 MiB
2026/05/29 05:32:37.716, 2644 MiB
2026/05/29 05:32:38.717, 2644 MiB
2026/05/29 05:32:39.718, 2640 MiB
2026/05/29 05:32:40.719, 2640 MiB
2026/05/29 05:32:41.720, 2640 MiB
2026/05/29 05:32:42.721, 2640 MiB
2026/05/29 05:32:43.723, 2640 MiB
2026/05/29 05:32:44.724, 2640 MiB
2026/05/29 05:32:45.724, 2640 MiB
2026/05/29 05:32:46.724, 2623 MiB
2026/05/29 05:32:47.725, 2623 MiB
2026/05/29 05:32:48.725, 2623 MiB
2026/05/29 05:32:49.725, 2623 MiB
2026/05/29 05:32:50.726, 2623 MiB
2026/05/29 05:32:51.726, 2623 MiB
2026/05/29 05:32:52.726, 2623 MiB
2026/05/29 05:32:53.727, 2623 MiB
2026/05/29 05:32:54.728, 2623 MiB
2026/05/29 05:32:55.728, 5659 MiB
2026/05/29 05:32:56.728, 6279 MiB
2026/05/29 05:32:57.729, 6279 MiB
2026/05/29 05:32:58.739, 6278 MiB
2026/05/29 05:32:59.740, 2619 MiB
2026/05/29 05:33:00.740, 2619 MiB
2026/05/29 05:33:01.741, 2619 MiB
2026/05/29 05:33:02.741, 2619 MiB
2026/05/29 05:33:03.742, 2619 MiB
2026/05/29 05:33:04.742, 2619 MiB
2026/05/29 05:33:05.743, 2619 MiB
2026/05/29 05:33:06.743, 2619 MiB
2026/05/29 05:33:07.743, 2619 MiB
2026/05/29 05:33:08.744, 2619 MiB
2026/05/29 05:33:09.745, 2619 MiB
2026/05/29 05:33:10.745, 2619 MiB
2026/05/29 05:33:11.745, 2619 MiB
2026/05/29 05:33:12.745, 2619 MiB
2026/05/29 05:33:13.746, 2619 MiB
2026/05/29 05:33:14.749, 2619 MiB
2026/05/29 05:33:15.750, 2619 MiB
2026/05/29 05:33:16.750, 2619 MiB
2026/05/29 05:33:17.750, 2619 MiB
2026/05/29 05:33:18.751, 2619 MiB
2026/05/29 05:33:19.751, 2619 MiB
2026/05/29 05:33:20.753, 2619 MiB
2026/05/29 05:33:21.753, 2619 MiB
2026/05/29 05:33:22.753, 2619 MiB
2026/05/29 05:33:23.754, 2619 MiB
2026/05/29 05:33:24.755, 2619 MiB
2026/05/29 05:33:25.755, 2619 MiB
2026/05/29 05:33:26.755, 2619 MiB
2026/05/29 05:33:27.756, 2619 MiB
2026/05/29 05:33:28.757, 2619 MiB
2026/05/29 05:33:29.757, 2619 MiB
2026/05/29 05:33:30.779, 2619 MiB
2026/05/29 05:33:31.780, 2619 MiB
2026/05/29 05:33:32.780, 2619 MiB
2026/05/29 05:33:33.780, 2619 MiB
2026/05/29 05:33:34.780, 2619 MiB
2026/05/29 05:33:35.782, 2619 MiB
2026/05/29 05:33:36.782, 2619 MiB
2026/05/29 05:33:37.783, 2619 MiB
2026/05/29 05:33:38.783, 6279 MiB
2026/05/29 05:33:39.783, 6279 MiB
2026/05/29 05:33:40.784, 6279 MiB
2026/05/29 05:33:41.784, 7999 MiB
2026/05/29 05:33:42.784, 2639 MiB
2026/05/29 05:33:43.785, 2639 MiB
2026/05/29 05:33:44.785, 2639 MiB
2026/05/29 05:33:45.785, 2639 MiB
2026/05/29 05:33:46.785, 2639 MiB
2026/05/29 05:33:47.786, 2639 MiB
2026/05/29 05:33:48.787, 2639 MiB
2026/05/29 05:33:49.787, 2639 MiB
2026/05/29 05:33:50.787, 2639 MiB
2026/05/29 05:33:51.788, 2639 MiB
2026/05/29 05:33:52.788, 2639 MiB
2026/05/29 05:33:53.789, 2639 MiB
2026/05/29 05:33:54.789, 2639 MiB
2026/05/29 05:33:55.789, 2639 MiB
2026/05/29 05:33:56.790, 2639 MiB
2026/05/29 05:33:57.790, 2639 MiB
2026/05/29 05:33:58.791, 2639 MiB
2026/05/29 05:33:59.791, 2639 MiB
2026/05/29 05:34:00.791, 2639 MiB
2026/05/29 05:34:01.792, 2639 MiB
2026/05/29 05:34:02.793, 2639 MiB
2026/05/29 05:34:03.794, 2639 MiB
2026/05/29 05:34:04.794, 2639 MiB
2026/05/29 05:34:05.795, 2639 MiB
2026/05/29 05:34:06.795, 2639 MiB
2026/05/29 05:34:07.796, 2639 MiB
2026/05/29 05:34:08.797, 2639 MiB
2026/05/29 05:34:09.797, 2639 MiB
2026/05/29 05:34:10.798, 2639 MiB
2026/05/29 05:34:11.798, 2639 MiB
2026/05/29 05:34:12.798, 2639 MiB
2026/05/29 05:34:13.799, 2639 MiB
2026/05/29 05:34:14.799, 2639 MiB
2026/05/29 05:34:15.799, 2639 MiB
2026/05/29 05:34:16.800, 2639 MiB
2026/05/29 05:34:17.800, 2639 MiB
2026/05/29 05:34:18.800, 2639 MiB
2026/05/29 05:34:19.801, 2639 MiB
2026/05/29 05:34:20.801, 2839 MiB
2026/05/29 05:34:21.801, 6296 MiB
2026/05/29 05:34:22.802, 6296 MiB
2026/05/29 05:34:23.812, 6296 MiB
2026/05/29 05:34:24.812, 2623 MiB
2026/05/29 05:34:25.813, 2623 MiB
2026/05/29 05:34:26.813, 2623 MiB
2026/05/29 05:34:27.813, 2623 MiB
2026/05/29 05:34:28.814, 2623 MiB
2026/05/29 05:34:29.814, 2623 MiB
2026/05/29 05:34:30.814, 2623 MiB
2026/05/29 05:34:31.815, 2620 MiB
2026/05/29 05:34:32.815, 2623 MiB
2026/05/29 05:34:33.815, 2623 MiB
2026/05/29 05:34:34.816, 2623 MiB
2026/05/29 05:34:35.816, 2623 MiB
2026/05/29 05:34:36.816, 2623 MiB
2026/05/29 05:34:37.817, 2623 MiB
2026/05/29 05:34:38.817, 2623 MiB
2026/05/29 05:34:39.818, 2620 MiB
2026/05/29 05:34:40.819, 2620 MiB
2026/05/29 05:34:41.819, 2623 MiB
2026/05/29 05:34:42.820, 2623 MiB
2026/05/29 05:34:43.820, 2623 MiB
2026/05/29 05:34:44.820, 2623 MiB
2026/05/29 05:34:45.820, 2623 MiB
2026/05/29 05:34:46.821, 2623 MiB
2026/05/29 05:34:47.821, 2623 MiB
2026/05/29 05:34:48.821, 2623 MiB
2026/05/29 05:34:49.823, 2623 MiB
2026/05/29 05:34:50.823, 2623 MiB
2026/05/29 05:34:51.823, 2623 MiB
2026/05/29 05:34:52.824, 2623 MiB
2026/05/29 05:34:53.824, 2623 MiB
2026/05/29 05:34:54.824, 2623 MiB
2026/05/29 05:34:55.825, 2623 MiB
2026/05/29 05:34:56.825, 2623 MiB
2026/05/29 05:34:57.825, 2623 MiB
2026/05/29 05:34:58.826, 2623 MiB
2026/05/29 05:34:59.826, 2623 MiB
2026/05/29 05:35:00.826, 2623 MiB
2026/05/29 05:35:01.828, 2623 MiB
2026/05/29 05:35:02.828, 2623 MiB
2026/05/29 05:35:03.828, 6284 MiB
2026/05/29 05:35:04.829, 6284 MiB
2026/05/29 05:35:05.830, 6283 MiB
2026/05/29 05:35:06.830, 6083 MiB
2026/05/29 05:35:07.830, 2623 MiB
2026/05/29 05:35:08.831, 2619 MiB
2026/05/29 05:35:09.831, 2619 MiB
2026/05/29 05:35:10.831, 2619 MiB
2026/05/29 05:35:11.832, 2619 MiB
2026/05/29 05:35:12.832, 2619 MiB
2026/05/29 05:35:13.832, 2619 MiB
2026/05/29 05:35:14.833, 2619 MiB
2026/05/29 05:35:15.833, 2619 MiB
2026/05/29 05:35:16.833, 2619 MiB
2026/05/29 05:35:17.834, 2619 MiB
2026/05/29 05:35:18.834, 2616 MiB
2026/05/29 05:35:19.834, 2623 MiB
2026/05/29 05:35:20.835, 2623 MiB
2026/05/29 05:35:21.835, 2623 MiB
2026/05/29 05:35:22.836, 2623 MiB
2026/05/29 05:35:23.836, 2623 MiB
2026/05/29 05:35:24.837, 2623 MiB
2026/05/29 05:35:25.838, 2623 MiB
2026/05/29 05:35:26.839, 2623 MiB
2026/05/29 05:35:27.840, 2623 MiB
2026/05/29 05:35:28.841, 2623 MiB
2026/05/29 05:35:29.841, 2623 MiB
2026/05/29 05:35:30.842, 2623 MiB
2026/05/29 05:35:31.843, 2623 MiB
2026/05/29 05:35:32.844, 2623 MiB
2026/05/29 05:35:33.844, 2623 MiB
2026/05/29 05:35:34.844, 2623 MiB
2026/05/29 05:35:35.845, 2623 MiB
2026/05/29 05:35:36.845, 2620 MiB
2026/05/29 05:35:37.845, 2623 MiB
2026/05/29 05:35:38.846, 2623 MiB
2026/05/29 05:35:39.846, 2623 MiB
2026/05/29 05:35:40.846, 2623 MiB
2026/05/29 05:35:41.847, 2623 MiB
2026/05/29 05:35:42.847, 2623 MiB
2026/05/29 05:35:43.847, 2623 MiB
2026/05/29 05:35:44.848, 2623 MiB
2026/05/29 05:35:45.848, 2804 MiB
2026/05/29 05:35:46.848, 6284 MiB
2026/05/29 05:35:47.849, 6284 MiB
2026/05/29 05:35:48.849, 6283 MiB
2026/05/29 05:35:49.849, 7404 MiB
2026/05/29 05:35:50.850, 2644 MiB
2026/05/29 05:35:51.850, 2644 MiB
2026/05/29 05:35:52.850, 2644 MiB
2026/05/29 05:35:53.851, 2644 MiB
2026/05/29 05:35:54.851, 2644 MiB
2026/05/29 05:35:55.851, 2644 MiB
2026/05/29 05:35:56.852, 2644 MiB
2026/05/29 05:35:57.852, 2644 MiB
2026/05/29 05:35:58.852, 2644 MiB
2026/05/29 05:35:59.853, 2644 MiB
2026/05/29 05:36:00.853, 2643 MiB
2026/05/29 05:36:01.853, 2644 MiB
2026/05/29 05:36:02.854, 2644 MiB
2026/05/29 05:36:03.854, 2644 MiB
2026/05/29 05:36:04.854, 2644 MiB
2026/05/29 05:36:05.854, 2644 MiB
2026/05/29 05:36:06.855, 2644 MiB
2026/05/29 05:36:07.855, 2644 MiB
2026/05/29 05:36:08.858, 2644 MiB
2026/05/29 05:36:09.859, 2644 MiB
2026/05/29 05:36:10.860, 2644 MiB
2026/05/29 05:36:11.860, 2644 MiB
2026/05/29 05:36:12.860, 2644 MiB
2026/05/29 05:36:13.867, 2644 MiB
2026/05/29 05:36:14.867, 2644 MiB
2026/05/29 05:36:15.868, 2644 MiB
2026/05/29 05:36:16.868, 2644 MiB
2026/05/29 05:36:17.868, 2644 MiB
2026/05/29 05:36:18.869, 2644 MiB
2026/05/29 05:36:19.869, 2644 MiB
2026/05/29 05:36:20.870, 2644 MiB
2026/05/29 05:36:21.870, 2644 MiB
2026/05/29 05:36:22.872, 2644 MiB
2026/05/29 05:36:23.872, 2644 MiB
2026/05/29 05:36:24.878, 2644 MiB
2026/05/29 05:36:25.880, 2644 MiB
2026/05/29 05:36:26.886, 2644 MiB
2026/05/29 05:36:27.886, 2643 MiB
2026/05/29 05:36:28.907, 6299 MiB
2026/05/29 05:36:29.908, 6299 MiB
2026/05/29 05:36:30.908, 6299 MiB
2026/05/29 05:36:31.908, 6299 MiB
2026/05/29 05:36:32.909, 2619 MiB
2026/05/29 05:36:33.909, 2619 MiB
2026/05/29 05:36:34.909, 2619 MiB
2026/05/29 05:36:35.910, 2619 MiB
2026/05/29 05:36:36.910, 2619 MiB
2026/05/29 05:36:37.910, 2619 MiB
2026/05/29 05:36:38.911, 2623 MiB
2026/05/29 05:36:39.911, 2623 MiB
2026/05/29 05:36:40.911, 2623 MiB
2026/05/29 05:36:41.912, 2623 MiB
2026/05/29 05:36:42.912, 2623 MiB
2026/05/29 05:36:43.912, 2623 MiB
2026/05/29 05:36:44.913, 2623 MiB
2026/05/29 05:36:45.913, 2623 MiB
2026/05/29 05:36:46.913, 2623 MiB
2026/05/29 05:36:47.914, 2623 MiB
2026/05/29 05:36:48.914, 2623 MiB
2026/05/29 05:36:49.915, 2623 MiB
2026/05/29 05:36:50.915, 2623 MiB
2026/05/29 05:36:51.939, 2623 MiB
2026/05/29 05:36:52.939, 2623 MiB
2026/05/29 05:36:53.940, 2623 MiB
2026/05/29 05:36:54.940, 2623 MiB
2026/05/29 05:36:55.940, 2623 MiB
2026/05/29 05:36:56.942, 2623 MiB
2026/05/29 05:36:57.942, 2623 MiB
2026/05/29 05:36:58.942, 2623 MiB
2026/05/29 05:36:59.943, 2623 MiB
2026/05/29 05:37:00.943, 2623 MiB
2026/05/29 05:37:01.943, 2623 MiB
2026/05/29 05:37:02.944, 2623 MiB
2026/05/29 05:37:03.944, 2623 MiB
2026/05/29 05:37:04.944, 2623 MiB
2026/05/29 05:37:05.945, 2623 MiB
2026/05/29 05:37:06.945, 2623 MiB
2026/05/29 05:37:07.945, 2623 MiB
2026/05/29 05:37:08.947, 2623 MiB
2026/05/29 05:37:09.947, 2623 MiB
2026/05/29 05:37:10.948, 2623 MiB
2026/05/29 05:37:11.948, 6286 MiB
2026/05/29 05:37:12.949, 6286 MiB
2026/05/29 05:37:13.949, 6286 MiB
2026/05/29 05:37:14.949, 6283 MiB
2026/05/29 05:37:15.950, 2619 MiB
2026/05/29 05:37:16.950, 2619 MiB
2026/05/29 05:37:17.950, 2619 MiB
2026/05/29 05:37:18.951, 2619 MiB
2026/05/29 05:37:19.951, 2619 MiB
2026/05/29 05:37:20.951, 2619 MiB
2026/05/29 05:37:21.952, 2619 MiB
2026/05/29 05:37:22.952, 2619 MiB
2026/05/29 05:37:23.952, 2619 MiB
2026/05/29 05:37:24.953, 2619 MiB
2026/05/29 05:37:25.953, 2619 MiB
2026/05/29 05:37:26.953, 2619 MiB
2026/05/29 05:37:27.953, 2619 MiB
2026/05/29 05:37:28.954, 2619 MiB
2026/05/29 05:37:29.954, 2619 MiB
2026/05/29 05:37:30.955, 2619 MiB
2026/05/29 05:37:31.955, 2619 MiB
2026/05/29 05:37:32.955, 2619 MiB
2026/05/29 05:37:33.956, 2619 MiB
2026/05/29 05:37:34.956, 2619 MiB
2026/05/29 05:37:35.956, 2619 MiB
2026/05/29 05:37:36.957, 2619 MiB
2026/05/29 05:37:37.958, 2619 MiB
2026/05/29 05:37:38.958, 2619 MiB
2026/05/29 05:37:39.958, 2619 MiB
2026/05/29 05:37:40.959, 2619 MiB
2026/05/29 05:37:41.959, 2619 MiB
2026/05/29 05:37:42.959, 2615 MiB
2026/05/29 05:37:43.960, 2622 MiB
2026/05/29 05:37:44.961, 2622 MiB
2026/05/29 05:37:45.962, 2622 MiB
2026/05/29 05:37:46.963, 2622 MiB
2026/05/29 05:37:47.963, 2622 MiB
2026/05/29 05:37:48.964, 2622 MiB
2026/05/29 05:37:49.965, 2622 MiB
2026/05/29 05:37:50.965, 2622 MiB
2026/05/29 05:37:51.966, 2622 MiB
2026/05/29 05:37:52.966, 2622 MiB
2026/05/29 05:37:53.966, 2622 MiB
2026/05/29 05:37:54.967, 2622 MiB
2026/05/29 05:37:55.967, 2622 MiB
2026/05/29 05:37:56.967, 6283 MiB
2026/05/29 05:37:57.968, 6283 MiB
2026/05/29 05:37:58.968, 4923 MiB
2026/05/29 05:37:59.968, 2642 MiB
2026/05/29 05:38:00.969, 2642 MiB
2026/05/29 05:38:01.969, 2638 MiB
2026/05/29 05:38:02.969, 2638 MiB
2026/05/29 05:38:03.970, 2638 MiB
2026/05/29 05:38:04.970, 2638 MiB
2026/05/29 05:38:05.970, 2643 MiB
2026/05/29 05:38:06.970, 2643 MiB
2026/05/29 05:38:07.971, 2643 MiB
2026/05/29 05:38:08.971, 2643 MiB
2026/05/29 05:38:09.972, 2643 MiB
2026/05/29 05:38:10.972, 2643 MiB
2026/05/29 05:38:11.972, 2643 MiB
2026/05/29 05:38:12.973, 2643 MiB
2026/05/29 05:38:13.974, 2643 MiB
2026/05/29 05:38:14.974, 2643 MiB
2026/05/29 05:38:15.975, 2643 MiB
2026/05/29 05:38:16.975, 2643 MiB
2026/05/29 05:38:17.975, 2643 MiB
2026/05/29 05:38:18.976, 2643 MiB
2026/05/29 05:38:19.976, 2643 MiB
2026/05/29 05:38:20.976, 2643 MiB
2026/05/29 05:38:21.977, 2643 MiB
2026/05/29 05:38:22.977, 2643 MiB
2026/05/29 05:38:23.977, 2643 MiB
2026/05/29 05:38:24.978, 2643 MiB
2026/05/29 05:38:25.978, 2643 MiB
2026/05/29 05:38:26.978, 2643 MiB
2026/05/29 05:38:27.979, 2643 MiB
2026/05/29 05:38:28.979, 2643 MiB
2026/05/29 05:38:29.979, 2643 MiB
2026/05/29 05:38:30.988, 2643 MiB
2026/05/29 05:38:31.989, 2642 MiB
2026/05/29 05:38:32.989, 2642 MiB
2026/05/29 05:38:33.989, 2638 MiB
2026/05/29 05:38:34.990, 2638 MiB
2026/05/29 05:38:35.990, 2638 MiB
2026/05/29 05:38:36.991, 2638 MiB
2026/05/29 05:38:37.992, 2818 MiB
2026/05/29 05:38:38.992, 6298 MiB
2026/05/29 05:38:39.992, 6298 MiB
2026/05/29 05:38:40.993, 6302 MiB
2026/05/29 05:38:41.993, 7162 MiB
2026/05/29 05:38:42.993, 2642 MiB
2026/05/29 05:38:43.993, 2638 MiB
2026/05/29 05:38:44.994, 2638 MiB
2026/05/29 05:38:45.994, 2638 MiB
2026/05/29 05:38:46.994, 2638 MiB
2026/05/29 05:38:47.995, 2638 MiB
2026/05/29 05:38:48.995, 2638 MiB
2026/05/29 05:38:49.995, 2638 MiB
2026/05/29 05:38:50.996, 2638 MiB
2026/05/29 05:38:51.996, 2638 MiB
2026/05/29 05:38:52.996, 2638 MiB
2026/05/29 05:38:53.997, 2638 MiB
2026/05/29 05:38:54.997, 2638 MiB
2026/05/29 05:38:55.997, 2638 MiB
2026/05/29 05:38:56.999, 2638 MiB
2026/05/29 05:38:57.999, 2638 MiB
2026/05/29 05:38:58.999, 2638 MiB
2026/05/29 05:39:00.000, 2638 MiB
2026/05/29 05:39:01.000, 2638 MiB
2026/05/29 05:39:02.000, 2638 MiB
2026/05/29 05:39:03.001, 2638 MiB
2026/05/29 05:39:04.002, 2638 MiB
2026/05/29 05:39:05.002, 2638 MiB
2026/05/29 05:39:06.002, 2638 MiB
2026/05/29 05:39:07.003, 2638 MiB
2026/05/29 05:39:08.003, 2638 MiB
2026/05/29 05:39:09.003, 2638 MiB
2026/05/29 05:39:10.004, 2638 MiB
2026/05/29 05:39:11.005, 2638 MiB
2026/05/29 05:39:12.006, 2638 MiB
2026/05/29 05:39:13.006, 2638 MiB
2026/05/29 05:39:14.007, 2638 MiB
2026/05/29 05:39:15.007, 2638 MiB
2026/05/29 05:39:16.007, 2638 MiB
2026/05/29 05:39:17.008, 2638 MiB
2026/05/29 05:39:18.009, 2638 MiB
2026/05/29 05:39:19.009, 2638 MiB
2026/05/29 05:39:20.009, 2638 MiB
2026/05/29 05:39:21.009, 6298 MiB
2026/05/29 05:39:22.010, 6298 MiB
2026/05/29 05:39:23.010, 6298 MiB
2026/05/29 05:39:24.011, 7558 MiB
2026/05/29 05:39:25.012, 2618 MiB
2026/05/29 05:39:26.012, 2618 MiB
2026/05/29 05:39:27.012, 2618 MiB
2026/05/29 05:39:28.013, 2618 MiB
2026/05/29 05:39:29.013, 2618 MiB
2026/05/29 05:39:30.013, 2618 MiB
2026/05/29 05:39:31.014, 2618 MiB
2026/05/29 05:39:32.014, 2618 MiB
2026/05/29 05:39:33.015, 2618 MiB
2026/05/29 05:39:34.015, 2618 MiB
2026/05/29 05:39:35.016, 2618 MiB
2026/05/29 05:39:36.016, 2618 MiB
2026/05/29 05:39:37.016, 2618 MiB
2026/05/29 05:39:38.018, 2618 MiB
2026/05/29 05:39:39.018, 2618 MiB
2026/05/29 05:39:40.019, 2618 MiB
2026/05/29 05:39:41.021, 2618 MiB
2026/05/29 05:39:42.021, 2618 MiB
2026/05/29 05:39:43.022, 2618 MiB
2026/05/29 05:39:44.022, 2618 MiB
2026/05/29 05:39:45.022, 2618 MiB
2026/05/29 05:39:46.023, 2618 MiB
2026/05/29 05:39:47.023, 2618 MiB
2026/05/29 05:39:48.023, 2618 MiB
2026/05/29 05:39:49.024, 2618 MiB
2026/05/29 05:39:50.025, 2618 MiB
2026/05/29 05:39:51.025, 2618 MiB
2026/05/29 05:39:52.026, 2618 MiB
2026/05/29 05:39:53.026, 2618 MiB
2026/05/29 05:39:54.027, 2618 MiB
2026/05/29 05:39:55.028, 2618 MiB
2026/05/29 05:39:56.028, 2618 MiB
2026/05/29 05:39:57.028, 2618 MiB
2026/05/29 05:39:58.029, 2618 MiB
2026/05/29 05:39:59.029, 2618 MiB
2026/05/29 05:40:00.029, 2618 MiB
2026/05/29 05:40:01.030, 2618 MiB
2026/05/29 05:40:02.030, 2618 MiB
2026/05/29 05:40:03.030, 6278 MiB
2026/05/29 05:40:04.031, 6278 MiB
2026/05/29 05:40:05.031, 6278 MiB
2026/05/29 05:40:06.031, 6539 MiB
2026/05/29 05:40:07.032, 2619 MiB
2026/05/29 05:40:08.032, 2619 MiB
2026/05/29 05:40:09.032, 2619 MiB
2026/05/29 05:40:10.036, 2619 MiB
2026/05/29 05:40:11.036, 2619 MiB
2026/05/29 05:40:12.037, 2619 MiB
2026/05/29 05:40:13.037, 2619 MiB
2026/05/29 05:40:14.037, 2619 MiB
2026/05/29 05:40:15.037, 2619 MiB
2026/05/29 05:40:16.038, 2619 MiB
2026/05/29 05:40:17.038, 2619 MiB
2026/05/29 05:40:18.038, 2619 MiB
2026/05/29 05:40:19.039, 2619 MiB
2026/05/29 05:40:20.039, 2619 MiB
2026/05/29 05:40:21.046, 2619 MiB
2026/05/29 05:40:22.048, 2619 MiB
2026/05/29 05:40:23.048, 2619 MiB
2026/05/29 05:40:24.048, 2619 MiB
2026/05/29 05:40:25.049, 2619 MiB
2026/05/29 05:40:26.049, 2619 MiB
2026/05/29 05:40:27.049, 2619 MiB
2026/05/29 05:40:28.050, 2619 MiB
2026/05/29 05:40:29.050, 2619 MiB
2026/05/29 05:40:30.050, 2619 MiB
2026/05/29 05:40:31.051, 2619 MiB
2026/05/29 05:40:32.052, 2619 MiB
2026/05/29 05:40:33.053, 2619 MiB
2026/05/29 05:40:34.090, 2619 MiB
2026/05/29 05:40:35.091, 2619 MiB
2026/05/29 05:40:36.091, 2619 MiB
2026/05/29 05:40:37.092, 2619 MiB
2026/05/29 05:40:38.092, 2619 MiB
2026/05/29 05:40:39.092, 2619 MiB
2026/05/29 05:40:40.093, 2619 MiB
2026/05/29 05:40:41.093, 2619 MiB
2026/05/29 05:40:42.093, 2619 MiB
2026/05/29 05:40:43.093, 2619 MiB
2026/05/29 05:40:44.095, 2619 MiB
2026/05/29 05:40:45.095, 6279 MiB
2026/05/29 05:40:46.096, 6279 MiB
2026/05/29 05:40:47.096, 6279 MiB
2026/05/29 05:40:48.096, 8699 MiB
2026/05/29 05:40:49.097, 2639 MiB
2026/05/29 05:40:50.097, 2639 MiB
2026/05/29 05:40:51.097, 2639 MiB
2026/05/29 05:40:52.097, 2639 MiB
2026/05/29 05:40:53.098, 2639 MiB
2026/05/29 05:40:54.098, 2639 MiB
2026/05/29 05:40:55.098, 2639 MiB
2026/05/29 05:40:56.099, 2639 MiB
2026/05/29 05:40:57.099, 2639 MiB
2026/05/29 05:40:58.099, 2639 MiB
2026/05/29 05:40:59.100, 2639 MiB
2026/05/29 05:41:00.100, 2639 MiB
2026/05/29 05:41:01.100, 2639 MiB
2026/05/29 05:41:02.100, 2639 MiB
2026/05/29 05:41:03.101, 2639 MiB
2026/05/29 05:41:04.103, 2639 MiB
2026/05/29 05:41:05.104, 2639 MiB
2026/05/29 05:41:06.105, 2639 MiB
2026/05/29 05:41:07.105, 2639 MiB
2026/05/29 05:41:08.106, 2639 MiB
2026/05/29 05:41:09.106, 2639 MiB
2026/05/29 05:41:10.106, 2639 MiB
2026/05/29 05:41:11.106, 2639 MiB
2026/05/29 05:41:12.107, 2639 MiB
2026/05/29 05:41:13.107, 2639 MiB
2026/05/29 05:41:14.107, 2639 MiB
2026/05/29 05:41:15.107, 2639 MiB
2026/05/29 05:41:16.108, 2639 MiB
2026/05/29 05:41:17.109, 2639 MiB
2026/05/29 05:41:18.109, 2639 MiB
2026/05/29 05:41:19.109, 2639 MiB
2026/05/29 05:41:20.110, 2639 MiB
2026/05/29 05:41:21.110, 2639 MiB
2026/05/29 05:41:22.110, 2639 MiB
2026/05/29 05:41:23.111, 2639 MiB
2026/05/29 05:41:24.111, 2639 MiB
2026/05/29 05:41:25.111, 2639 MiB
2026/05/29 05:41:26.112, 6299 MiB
2026/05/29 05:41:27.113, 6299 MiB
2026/05/29 05:41:28.113, 6299 MiB
2026/05/29 05:41:29.113, 4919 MiB
2026/05/29 05:41:30.113, 2639 MiB
2026/05/29 05:41:31.114, 2639 MiB
2026/05/29 05:41:32.114, 2639 MiB
2026/05/29 05:41:33.114, 2639 MiB
2026/05/29 05:41:34.115, 2639 MiB
2026/05/29 05:41:35.115, 2639 MiB
2026/05/29 05:41:36.115, 2639 MiB
2026/05/29 05:41:37.116, 2639 MiB
2026/05/29 05:41:38.116, 2639 MiB
2026/05/29 05:41:39.116, 2639 MiB
2026/05/29 05:41:40.116, 2639 MiB
2026/05/29 05:41:41.120, 2639 MiB
2026/05/29 05:41:42.120, 2639 MiB
2026/05/29 05:41:43.120, 2639 MiB
2026/05/29 05:41:44.122, 2639 MiB
2026/05/29 05:41:45.122, 2639 MiB
2026/05/29 05:41:46.123, 2639 MiB
2026/05/29 05:41:47.123, 2639 MiB
2026/05/29 05:41:48.123, 2639 MiB
2026/05/29 05:41:49.123, 2639 MiB
2026/05/29 05:41:50.124, 2639 MiB
2026/05/29 05:41:51.124, 2639 MiB
2026/05/29 05:41:52.125, 2639 MiB
2026/05/29 05:41:53.125, 2639 MiB
2026/05/29 05:41:54.126, 2639 MiB
2026/05/29 05:41:55.126, 2639 MiB
2026/05/29 05:41:56.126, 2639 MiB
2026/05/29 05:41:57.129, 2639 MiB
2026/05/29 05:41:58.130, 2639 MiB
2026/05/29 05:41:59.130, 2639 MiB
2026/05/29 05:42:00.130, 2639 MiB
2026/05/29 05:42:01.131, 2639 MiB
2026/05/29 05:42:02.131, 2639 MiB
2026/05/29 05:42:03.131, 2639 MiB
2026/05/29 05:42:04.131, 2639 MiB
2026/05/29 05:42:05.132, 2639 MiB
2026/05/29 05:42:06.132, 2639 MiB
2026/05/29 05:42:07.132, 2639 MiB
2026/05/29 05:42:08.133, 2639 MiB
2026/05/29 05:42:09.133, 6299 MiB
2026/05/29 05:42:10.133, 6299 MiB
2026/05/29 05:42:11.134, 6299 MiB
2026/05/29 05:42:12.134, 2619 MiB
2026/05/29 05:42:13.134, 2619 MiB
2026/05/29 05:42:14.134, 2619 MiB
2026/05/29 05:42:15.135, 2619 MiB
2026/05/29 05:42:16.135, 2619 MiB
2026/05/29 05:42:17.135, 2619 MiB
2026/05/29 05:42:18.135, 2619 MiB
2026/05/29 05:42:19.136, 2619 MiB
2026/05/29 05:42:20.136, 2619 MiB
2026/05/29 05:42:21.136, 2619 MiB
2026/05/29 05:42:22.136, 2619 MiB
2026/05/29 05:42:23.137, 2619 MiB
2026/05/29 05:42:24.137, 2619 MiB
2026/05/29 05:42:25.137, 2619 MiB
2026/05/29 05:42:26.137, 2619 MiB
2026/05/29 05:42:27.138, 2619 MiB
2026/05/29 05:42:28.138, 2619 MiB
2026/05/29 05:42:29.138, 2619 MiB
2026/05/29 05:42:30.139, 2619 MiB
2026/05/29 05:42:31.139, 2619 MiB
2026/05/29 05:42:32.140, 2619 MiB
2026/05/29 05:42:33.141, 2619 MiB
2026/05/29 05:42:34.142, 2619 MiB
2026/05/29 05:42:35.142, 2619 MiB
2026/05/29 05:42:36.142, 2619 MiB
2026/05/29 05:42:37.143, 2619 MiB
2026/05/29 05:42:38.143, 2619 MiB
2026/05/29 05:42:39.144, 2619 MiB
2026/05/29 05:42:40.145, 2619 MiB
2026/05/29 05:42:41.145, 2619 MiB
2026/05/29 05:42:42.145, 2619 MiB
2026/05/29 05:42:43.145, 2619 MiB
2026/05/29 05:42:44.146, 2619 MiB
2026/05/29 05:42:45.146, 2619 MiB
2026/05/29 05:42:46.146, 2619 MiB
2026/05/29 05:42:47.146, 2619 MiB
2026/05/29 05:42:48.147, 2619 MiB
2026/05/29 05:42:49.148, 2619 MiB
2026/05/29 05:42:50.148, 2619 MiB
2026/05/29 05:42:51.149, 6279 MiB
2026/05/29 05:42:52.149, 6279 MiB
2026/05/29 05:42:53.149, 8959 MiB
2026/05/29 05:42:54.149, 2638 MiB
2026/05/29 05:42:55.150, 2639 MiB
2026/05/29 05:42:56.150, 2639 MiB
2026/05/29 05:42:57.150, 2639 MiB
2026/05/29 05:42:58.151, 2639 MiB
2026/05/29 05:42:59.151, 2639 MiB
2026/05/29 05:43:00.151, 2639 MiB
2026/05/29 05:43:01.152, 2639 MiB
2026/05/29 05:43:02.152, 2639 MiB
2026/05/29 05:43:03.152, 2639 MiB
2026/05/29 05:43:04.153, 2639 MiB
2026/05/29 05:43:05.153, 2639 MiB
2026/05/29 05:43:06.153, 2639 MiB
2026/05/29 05:43:07.154, 2639 MiB
2026/05/29 05:43:08.155, 2639 MiB
2026/05/29 05:43:09.156, 2639 MiB
2026/05/29 05:43:10.156, 2639 MiB
2026/05/29 05:43:11.156, 2639 MiB
2026/05/29 05:43:12.157, 2639 MiB
2026/05/29 05:43:13.158, 2639 MiB
2026/05/29 05:43:14.158, 2639 MiB
2026/05/29 05:43:15.158, 2639 MiB
2026/05/29 05:43:16.159, 2639 MiB
2026/05/29 05:43:17.160, 2639 MiB
2026/05/29 05:43:18.160, 2639 MiB
2026/05/29 05:43:19.161, 2639 MiB
2026/05/29 05:43:20.162, 2639 MiB
2026/05/29 05:43:21.162, 2639 MiB
2026/05/29 05:43:22.162, 2639 MiB
2026/05/29 05:43:23.162, 2639 MiB
2026/05/29 05:43:24.163, 2639 MiB
2026/05/29 05:43:25.163, 2639 MiB
2026/05/29 05:43:26.163, 2639 MiB
2026/05/29 05:43:27.163, 2639 MiB
2026/05/29 05:43:28.164, 2639 MiB
2026/05/29 05:43:29.164, 2639 MiB
2026/05/29 05:43:30.164, 2639 MiB
2026/05/29 05:43:31.165, 2638 MiB
2026/05/29 05:43:32.165, 6003 MiB
2026/05/29 05:43:33.165, 6003 MiB
2026/05/29 05:43:34.165, 6003 MiB
2026/05/29 05:43:35.166, 6003 MiB
2026/05/29 05:43:36.166, 2623 MiB
2026/05/29 05:43:37.166, 2623 MiB
2026/05/29 05:43:38.167, 2619 MiB
2026/05/29 05:43:39.167, 2619 MiB
2026/05/29 05:43:40.167, 2619 MiB
2026/05/29 05:43:41.168, 2619 MiB
2026/05/29 05:43:42.168, 2619 MiB
2026/05/29 05:43:43.168, 2619 MiB
2026/05/29 05:43:44.169, 2619 MiB
2026/05/29 05:43:45.169, 2619 MiB
2026/05/29 05:43:46.169, 2619 MiB
2026/05/29 05:43:47.169, 2619 MiB
2026/05/29 05:43:48.170, 2619 MiB
2026/05/29 05:43:49.171, 2619 MiB
2026/05/29 05:43:50.173, 2619 MiB
2026/05/29 05:43:51.174, 2619 MiB
2026/05/29 05:43:52.175, 2619 MiB
2026/05/29 05:43:53.175, 2619 MiB
2026/05/29 05:43:54.175, 2619 MiB
2026/05/29 05:43:55.175, 2619 MiB
2026/05/29 05:43:56.176, 2619 MiB
2026/05/29 05:43:57.176, 2619 MiB
2026/05/29 05:43:58.176, 2619 MiB
2026/05/29 05:43:59.179, 2619 MiB
2026/05/29 05:44:00.179, 2619 MiB
2026/05/29 05:44:01.180, 2619 MiB
2026/05/29 05:44:02.180, 2617 MiB
2026/05/29 05:44:03.180, 2618 MiB
2026/05/29 05:44:04.180, 2619 MiB
2026/05/29 05:44:05.181, 2640 MiB
2026/05/29 05:44:06.182, 2639 MiB
2026/05/29 05:44:07.182, 2639 MiB
2026/05/29 05:44:08.182, 2639 MiB
2026/05/29 05:44:09.182, 2638 MiB
2026/05/29 05:44:10.183, 2638 MiB
2026/05/29 05:44:11.183, 2637 MiB
2026/05/29 05:44:12.184, 2637 MiB
2026/05/29 05:44:13.184, 2637 MiB
2026/05/29 05:44:14.185, 2637 MiB
2026/05/29 05:44:15.185, 2837 MiB
2026/05/29 05:44:16.185, 6297 MiB
2026/05/29 05:44:17.186, 6297 MiB
2026/05/29 05:44:18.186, 6297 MiB
2026/05/29 05:44:19.187, 2657 MiB
2026/05/29 05:44:20.187, 2657 MiB
2026/05/29 05:44:21.187, 2657 MiB
2026/05/29 05:44:22.188, 2657 MiB
2026/05/29 05:44:23.188, 2657 MiB
2026/05/29 05:44:24.188, 2657 MiB
2026/05/29 05:44:25.189, 2657 MiB
2026/05/29 05:44:26.189, 2657 MiB
2026/05/29 05:44:27.189, 2657 MiB
2026/05/29 05:44:28.190, 2657 MiB
2026/05/29 05:44:29.198, 2657 MiB
2026/05/29 05:44:30.198, 2657 MiB
2026/05/29 05:44:31.199, 2657 MiB
2026/05/29 05:44:32.199, 2657 MiB
2026/05/29 05:44:33.199, 2657 MiB
2026/05/29 05:44:34.200, 2657 MiB
2026/05/29 05:44:35.200, 2657 MiB
2026/05/29 05:44:36.201, 2657 MiB
2026/05/29 05:44:37.201, 2657 MiB
2026/05/29 05:44:38.201, 2657 MiB
2026/05/29 05:44:39.201, 2657 MiB
2026/05/29 05:44:40.202, 2657 MiB
2026/05/29 05:44:41.202, 2657 MiB
2026/05/29 05:44:42.203, 2657 MiB
2026/05/29 05:44:43.203, 2657 MiB
2026/05/29 05:44:44.204, 2657 MiB
2026/05/29 05:44:45.204, 2657 MiB
2026/05/29 05:44:46.205, 2657 MiB
2026/05/29 05:44:47.205, 2657 MiB
2026/05/29 05:44:48.206, 2657 MiB
2026/05/29 05:44:49.206, 2657 MiB
2026/05/29 05:44:50.207, 2657 MiB
2026/05/29 05:44:51.207, 2657 MiB
2026/05/29 05:44:52.207, 2657 MiB
2026/05/29 05:44:53.208, 2657 MiB
2026/05/29 05:44:54.208, 2657 MiB
2026/05/29 05:44:55.208, 2657 MiB
2026/05/29 05:44:56.208, 2657 MiB
2026/05/29 05:44:57.211, 2657 MiB
2026/05/29 05:44:58.211, 2657 MiB
2026/05/29 05:44:59.211, 2657 MiB
2026/05/29 05:45:00.212, 2857 MiB
2026/05/29 05:45:01.213, 6317 MiB
2026/05/29 05:45:02.213, 6317 MiB
2026/05/29 05:45:03.213, 6317 MiB
2026/05/29 05:45:04.214, 2657 MiB
2026/05/29 05:45:05.214, 2657 MiB
2026/05/29 05:45:06.214, 2657 MiB
2026/05/29 05:45:07.215, 2657 MiB
2026/05/29 05:45:08.215, 2657 MiB
2026/05/29 05:45:09.215, 2657 MiB
2026/05/29 05:45:10.215, 2654 MiB
2026/05/29 05:45:11.216, 2661 MiB
2026/05/29 05:45:12.216, 2661 MiB
2026/05/29 05:45:13.216, 2661 MiB
2026/05/29 05:45:14.217, 2661 MiB
2026/05/29 05:45:15.217, 2661 MiB
2026/05/29 05:45:16.218, 2662 MiB
2026/05/29 05:45:17.218, 2662 MiB
2026/05/29 05:45:18.218, 2662 MiB
2026/05/29 05:45:19.219, 2662 MiB
2026/05/29 05:45:20.220, 2662 MiB
2026/05/29 05:45:21.221, 2662 MiB
2026/05/29 05:45:22.222, 2662 MiB
2026/05/29 05:45:23.222, 2662 MiB
2026/05/29 05:45:24.222, 2662 MiB
2026/05/29 05:45:25.222, 2662 MiB
2026/05/29 05:45:26.223, 2662 MiB
2026/05/29 05:45:27.223, 2662 MiB
2026/05/29 05:45:28.224, 2662 MiB
2026/05/29 05:45:29.225, 2662 MiB
2026/05/29 05:45:30.225, 2662 MiB
2026/05/29 05:45:31.226, 2662 MiB
2026/05/29 05:45:32.226, 2662 MiB
2026/05/29 05:45:33.228, 2662 MiB
2026/05/29 05:45:34.228, 2662 MiB
2026/05/29 05:45:35.228, 2662 MiB
2026/05/29 05:45:36.229, 2662 MiB
2026/05/29 05:45:37.231, 2661 MiB
2026/05/29 05:45:38.231, 2661 MiB
2026/05/29 05:45:39.231, 2657 MiB
2026/05/29 05:45:40.232, 2657 MiB
2026/05/29 05:45:41.232, 2657 MiB
2026/05/29 05:45:42.233, 2657 MiB
2026/05/29 05:45:43.233, 6317 MiB
2026/05/29 05:45:44.233, 6317 MiB
2026/05/29 05:45:45.234, 4177 MiB
2026/05/29 05:45:46.234, 2657 MiB
2026/05/29 05:45:47.234, 2657 MiB
2026/05/29 05:45:48.234, 2657 MiB
2026/05/29 05:45:49.235, 2657 MiB
2026/05/29 05:45:50.235, 2657 MiB
2026/05/29 05:45:51.236, 2657 MiB
2026/05/29 05:45:52.236, 2657 MiB
2026/05/29 05:45:53.236, 2657 MiB
2026/05/29 05:45:54.236, 2657 MiB
2026/05/29 05:45:55.237, 2657 MiB
2026/05/29 05:45:56.237, 2657 MiB
2026/05/29 05:45:57.237, 2657 MiB
2026/05/29 05:45:58.238, 2657 MiB
2026/05/29 05:45:59.238, 2657 MiB
2026/05/29 05:46:00.239, 2657 MiB
2026/05/29 05:46:01.239, 2657 MiB
2026/05/29 05:46:02.240, 2657 MiB
2026/05/29 05:46:03.240, 2657 MiB
2026/05/29 05:46:04.241, 2657 MiB
2026/05/29 05:46:05.241, 2657 MiB
2026/05/29 05:46:06.241, 2657 MiB
2026/05/29 05:46:07.241, 2657 MiB
2026/05/29 05:46:08.242, 2657 MiB
2026/05/29 05:46:09.242, 2657 MiB
2026/05/29 05:46:10.242, 2657 MiB
2026/05/29 05:46:11.242, 2657 MiB
2026/05/29 05:46:12.243, 2657 MiB
2026/05/29 05:46:13.244, 2657 MiB
2026/05/29 05:46:14.245, 2657 MiB
2026/05/29 05:46:15.245, 2657 MiB
2026/05/29 05:46:16.245, 2657 MiB
2026/05/29 05:46:17.246, 2657 MiB
2026/05/29 05:46:18.247, 2657 MiB
2026/05/29 05:46:19.248, 2657 MiB
2026/05/29 05:46:20.248, 2657 MiB
2026/05/29 05:46:21.248, 2657 MiB
2026/05/29 05:46:22.248, 2657 MiB
2026/05/29 05:46:23.249, 2657 MiB
2026/05/29 05:46:24.249, 2657 MiB
2026/05/29 05:46:25.250, 6317 MiB
2026/05/29 05:46:26.251, 6317 MiB
2026/05/29 05:46:27.251, 6317 MiB
2026/05/29 05:46:28.251, 2657 MiB
2026/05/29 05:46:29.251, 2637 MiB
2026/05/29 05:46:30.252, 2637 MiB
2026/05/29 05:46:31.252, 2637 MiB
2026/05/29 05:46:32.252, 2637 MiB
2026/05/29 05:46:33.252, 2637 MiB
2026/05/29 05:46:34.253, 2637 MiB
2026/05/29 05:46:35.253, 2637 MiB
2026/05/29 05:46:36.253, 2637 MiB
2026/05/29 05:46:37.253, 2637 MiB
2026/05/29 05:46:38.254, 2637 MiB
2026/05/29 05:46:39.254, 2637 MiB
2026/05/29 05:46:40.254, 2637 MiB
2026/05/29 05:46:41.255, 2637 MiB
2026/05/29 05:46:42.255, 2637 MiB
2026/05/29 05:46:43.255, 2642 MiB
2026/05/29 05:46:44.256, 2642 MiB
2026/05/29 05:46:45.256, 2642 MiB
2026/05/29 05:46:46.256, 2642 MiB
2026/05/29 05:46:47.257, 2642 MiB
2026/05/29 05:46:48.257, 2642 MiB
2026/05/29 05:46:49.257, 2642 MiB
2026/05/29 05:46:50.258, 2642 MiB
2026/05/29 05:46:51.279, 2642 MiB
2026/05/29 05:46:52.280, 2642 MiB
2026/05/29 05:46:53.280, 2642 MiB
2026/05/29 05:46:54.280, 2642 MiB
2026/05/29 05:46:55.282, 2642 MiB
2026/05/29 05:46:56.282, 2642 MiB
2026/05/29 05:46:57.282, 2642 MiB
2026/05/29 05:46:58.283, 2642 MiB
2026/05/29 05:46:59.284, 2642 MiB
2026/05/29 05:47:00.286, 2642 MiB
2026/05/29 05:47:01.286, 2642 MiB
2026/05/29 05:47:02.288, 2642 MiB
2026/05/29 05:47:03.288, 2642 MiB
2026/05/29 05:47:04.288, 2642 MiB
2026/05/29 05:47:05.288, 2642 MiB
2026/05/29 05:47:06.289, 2642 MiB
2026/05/29 05:47:07.291, 2642 MiB
2026/05/29 05:47:08.291, 2837 MiB
2026/05/29 05:47:09.291, 6294 MiB
2026/05/29 05:47:10.291, 6294 MiB
2026/05/29 05:47:11.292, 6294 MiB
2026/05/29 05:47:12.292, 3842 MiB
2026/05/29 05:47:13.292, 2642 MiB
2026/05/29 05:47:14.292, 2642 MiB
2026/05/29 05:47:15.293, 2642 MiB
2026/05/29 05:47:16.293, 2642 MiB
2026/05/29 05:47:17.293, 2642 MiB
2026/05/29 05:47:18.293, 2642 MiB
2026/05/29 05:47:19.294, 2642 MiB
2026/05/29 05:47:20.294, 2642 MiB
2026/05/29 05:47:21.294, 2642 MiB
2026/05/29 05:47:22.295, 2642 MiB
2026/05/29 05:47:23.295, 2642 MiB
2026/05/29 05:47:24.295, 2642 MiB
2026/05/29 05:47:25.295, 2642 MiB
2026/05/29 05:47:26.296, 2642 MiB
2026/05/29 05:47:27.296, 2642 MiB
2026/05/29 05:47:28.296, 2641 MiB
2026/05/29 05:47:29.296, 2638 MiB
2026/05/29 05:47:30.297, 2641 MiB
2026/05/29 05:47:31.297, 2641 MiB
2026/05/29 05:47:32.297, 2641 MiB
2026/05/29 05:47:33.297, 2641 MiB
2026/05/29 05:47:34.298, 2641 MiB
2026/05/29 05:47:35.298, 2642 MiB
2026/05/29 05:47:36.298, 2642 MiB
2026/05/29 05:47:37.298, 2642 MiB
2026/05/29 05:47:38.299, 2642 MiB
2026/05/29 05:47:39.300, 2642 MiB
2026/05/29 05:47:40.300, 2642 MiB
2026/05/29 05:47:41.300, 2642 MiB
2026/05/29 05:47:42.301, 2642 MiB
2026/05/29 05:47:43.301, 2642 MiB
2026/05/29 05:47:44.302, 2642 MiB
2026/05/29 05:47:45.302, 2642 MiB
2026/05/29 05:47:46.302, 2642 MiB
2026/05/29 05:47:47.302, 2642 MiB
2026/05/29 05:47:48.303, 2642 MiB
2026/05/29 05:47:49.303, 2642 MiB
2026/05/29 05:47:50.303, 2642 MiB
2026/05/29 05:47:51.303, 2642 MiB
2026/05/29 05:47:52.304, 6302 MiB
2026/05/29 05:47:53.304, 6302 MiB
2026/05/29 05:47:54.304, 6301 MiB
2026/05/29 05:47:55.304, 8881 MiB
2026/05/29 05:47:56.305, 2654 MiB
2026/05/29 05:47:57.305, 2662 MiB
2026/05/29 05:47:58.305, 2662 MiB
2026/05/29 05:47:59.305, 2662 MiB
2026/05/29 05:48:00.306, 2662 MiB
2026/05/29 05:48:01.306, 2662 MiB
2026/05/29 05:48:02.306, 2662 MiB
2026/05/29 05:48:03.306, 2662 MiB
2026/05/29 05:48:04.307, 2662 MiB
2026/05/29 05:48:05.307, 2662 MiB
2026/05/29 05:48:06.311, 2662 MiB
2026/05/29 05:48:07.311, 2662 MiB
2026/05/29 05:48:08.312, 2662 MiB
2026/05/29 05:48:09.312, 2662 MiB
2026/05/29 05:48:10.312, 2662 MiB
2026/05/29 05:48:11.312, 2662 MiB
2026/05/29 05:48:12.314, 2662 MiB
2026/05/29 05:48:13.314, 2662 MiB
2026/05/29 05:48:14.315, 2662 MiB
2026/05/29 05:48:15.315, 2662 MiB
2026/05/29 05:48:16.315, 2662 MiB
2026/05/29 05:48:17.316, 2662 MiB
2026/05/29 05:48:18.319, 2662 MiB
2026/05/29 05:48:19.320, 2662 MiB
2026/05/29 05:48:20.320, 2662 MiB
2026/05/29 05:48:21.321, 2662 MiB
2026/05/29 05:48:22.322, 2662 MiB
2026/05/29 05:48:23.322, 2661 MiB
2026/05/29 05:48:24.322, 2661 MiB
2026/05/29 05:48:25.322, 2657 MiB
2026/05/29 05:48:26.324, 2657 MiB
2026/05/29 05:48:27.324, 2657 MiB
2026/05/29 05:48:28.326, 2657 MiB
2026/05/29 05:48:29.326, 2657 MiB
2026/05/29 05:48:30.326, 2657 MiB
2026/05/29 05:48:31.326, 2657 MiB
2026/05/29 05:48:32.327, 2657 MiB
2026/05/29 05:48:33.327, 2657 MiB
2026/05/29 05:48:34.328, 2857 MiB
2026/05/29 05:48:35.328, 8277 MiB
2026/05/29 05:48:36.329, 8277 MiB
2026/05/29 05:48:37.329, 8277 MiB
2026/05/29 05:48:38.329, 8877 MiB
2026/05/29 05:48:39.330, 2677 MiB
2026/05/29 05:48:40.330, 2677 MiB
2026/05/29 05:48:41.330, 2677 MiB
2026/05/29 05:48:42.331, 2677 MiB
2026/05/29 05:48:43.331, 2677 MiB
2026/05/29 05:48:44.331, 2677 MiB
2026/05/29 05:48:45.331, 2677 MiB
2026/05/29 05:48:46.332, 2677 MiB
2026/05/29 05:48:47.332, 2677 MiB
2026/05/29 05:48:48.332, 2677 MiB
2026/05/29 05:48:49.332, 2674 MiB
2026/05/29 05:48:50.333, 2679 MiB
2026/05/29 05:48:51.333, 2679 MiB
2026/05/29 05:48:52.333, 2679 MiB
2026/05/29 05:48:53.333, 2679 MiB
2026/05/29 05:48:54.335, 2679 MiB
2026/05/29 05:48:55.336, 2679 MiB
2026/05/29 05:48:56.339, 2679 MiB
2026/05/29 05:48:57.339, 2679 MiB
2026/05/29 05:48:58.340, 2679 MiB
2026/05/29 05:48:59.340, 2679 MiB
2026/05/29 05:49:00.340, 2679 MiB
2026/05/29 05:49:01.341, 2679 MiB
2026/05/29 05:49:02.341, 2679 MiB
2026/05/29 05:49:03.341, 2679 MiB
2026/05/29 05:49:04.342, 2679 MiB
2026/05/29 05:49:05.343, 2679 MiB
2026/05/29 05:49:06.343, 2679 MiB
2026/05/29 05:49:07.344, 2679 MiB
2026/05/29 05:49:08.345, 2679 MiB
2026/05/29 05:49:09.345, 2679 MiB
2026/05/29 05:49:10.346, 2679 MiB
2026/05/29 05:49:11.361, 2679 MiB
2026/05/29 05:49:12.362, 2679 MiB
2026/05/29 05:49:13.383, 2679 MiB
2026/05/29 05:49:14.383, 2679 MiB
2026/05/29 05:49:15.384, 2679 MiB
2026/05/29 05:49:16.384, 2679 MiB
2026/05/29 05:49:17.384, 3939 MiB
2026/05/29 05:49:18.384, 6339 MiB
2026/05/29 05:49:19.385, 6339 MiB
2026/05/29 05:49:20.385, 6339 MiB
2026/05/29 05:49:21.385, 2639 MiB
2026/05/29 05:49:22.385, 2639 MiB
2026/05/29 05:49:23.386, 2639 MiB
2026/05/29 05:49:24.386, 2639 MiB
2026/05/29 05:49:25.386, 2639 MiB
2026/05/29 05:49:26.386, 2642 MiB
2026/05/29 05:49:27.387, 2642 MiB
2026/05/29 05:49:28.387, 2642 MiB
2026/05/29 05:49:29.387, 2642 MiB
2026/05/29 05:49:30.388, 2642 MiB
2026/05/29 05:49:31.388, 2642 MiB
2026/05/29 05:49:32.388, 2642 MiB
2026/05/29 05:49:33.388, 2642 MiB
2026/05/29 05:49:34.388, 2642 MiB
2026/05/29 05:49:35.389, 2642 MiB
2026/05/29 05:49:36.389, 2642 MiB
2026/05/29 05:49:37.390, 2642 MiB
2026/05/29 05:49:38.390, 2642 MiB
2026/05/29 05:49:39.390, 2642 MiB
2026/05/29 05:49:40.391, 2642 MiB
2026/05/29 05:49:41.392, 2642 MiB
2026/05/29 05:49:42.392, 2642 MiB
2026/05/29 05:49:43.394, 2642 MiB
2026/05/29 05:49:44.394, 2642 MiB
2026/05/29 05:49:45.394, 2642 MiB
2026/05/29 05:49:46.394, 2642 MiB
2026/05/29 05:49:47.395, 2642 MiB
2026/05/29 05:49:48.395, 2642 MiB
2026/05/29 05:49:49.395, 2642 MiB
2026/05/29 05:49:50.396, 2642 MiB
2026/05/29 05:49:51.396, 2642 MiB
2026/05/29 05:49:52.396, 2642 MiB
2026/05/29 05:49:53.397, 2641 MiB
2026/05/29 05:49:54.398, 2641 MiB
2026/05/29 05:49:55.398, 2637 MiB
2026/05/29 05:49:56.405, 2637 MiB
2026/05/29 05:49:57.405, 2637 MiB
2026/05/29 05:49:58.409, 2637 MiB
2026/05/29 05:49:59.410, 2637 MiB
2026/05/29 05:50:00.415, 6297 MiB
2026/05/29 05:50:01.416, 6297 MiB
2026/05/29 05:50:02.416, 6297 MiB
2026/05/29 05:50:03.416, 2637 MiB
2026/05/29 05:50:04.417, 2637 MiB
2026/05/29 05:50:05.417, 2637 MiB
2026/05/29 05:50:06.417, 2637 MiB
2026/05/29 05:50:07.417, 2637 MiB
2026/05/29 05:50:08.418, 2637 MiB
2026/05/29 05:50:09.418, 2637 MiB
2026/05/29 05:50:10.418, 2637 MiB
2026/05/29 05:50:11.418, 2637 MiB
2026/05/29 05:50:12.419, 2637 MiB
2026/05/29 05:50:13.419, 2637 MiB
2026/05/29 05:50:14.419, 2637 MiB
2026/05/29 05:50:15.419, 2637 MiB
2026/05/29 05:50:16.420, 2637 MiB
2026/05/29 05:50:17.420, 2637 MiB
2026/05/29 05:50:18.422, 2637 MiB
2026/05/29 05:50:19.423, 2637 MiB
2026/05/29 05:50:20.425, 2637 MiB
2026/05/29 05:50:21.425, 2637 MiB
2026/05/29 05:50:22.425, 2637 MiB
2026/05/29 05:50:23.426, 2637 MiB
2026/05/29 05:50:24.426, 2637 MiB
2026/05/29 05:50:25.426, 2637 MiB
2026/05/29 05:50:26.426, 2637 MiB
2026/05/29 05:50:27.427, 2637 MiB
2026/05/29 05:50:28.427, 2637 MiB
2026/05/29 05:50:29.427, 2637 MiB
2026/05/29 05:50:30.429, 2637 MiB
2026/05/29 05:50:31.429, 2637 MiB
2026/05/29 05:50:32.430, 2637 MiB
2026/05/29 05:50:33.430, 2637 MiB
2026/05/29 05:50:34.431, 2637 MiB
2026/05/29 05:50:35.431, 2637 MiB
2026/05/29 05:50:36.431, 2637 MiB
2026/05/29 05:50:37.431, 2637 MiB
2026/05/29 05:50:38.432, 2637 MiB
2026/05/29 05:50:39.432, 2637 MiB
2026/05/29 05:50:40.432, 2637 MiB
2026/05/29 05:50:41.433, 2637 MiB
2026/05/29 05:50:42.433, 2637 MiB
2026/05/29 05:50:43.433, 6297 MiB
2026/05/29 05:50:44.433, 6297 MiB
2026/05/29 05:50:45.434, 4257 MiB
2026/05/29 05:50:46.434, 2637 MiB
2026/05/29 05:50:47.434, 2641 MiB
2026/05/29 05:50:48.434, 2641 MiB
2026/05/29 05:50:49.436, 2641 MiB
2026/05/29 05:50:50.436, 2637 MiB
2026/05/29 05:50:51.436, 2637 MiB
2026/05/29 05:50:52.437, 2637 MiB
2026/05/29 05:50:53.437, 2637 MiB
2026/05/29 05:50:54.437, 2637 MiB
2026/05/29 05:50:55.438, 2637 MiB
2026/05/29 05:50:56.438, 2637 MiB
2026/05/29 05:50:57.438, 2637 MiB
2026/05/29 05:50:58.439, 2637 MiB
2026/05/29 05:50:59.439, 2637 MiB
2026/05/29 05:51:00.439, 2637 MiB
2026/05/29 05:51:01.440, 2637 MiB
2026/05/29 05:51:02.440, 2637 MiB
2026/05/29 05:51:03.440, 2637 MiB
2026/05/29 05:51:04.441, 2637 MiB
2026/05/29 05:51:05.441, 2637 MiB
2026/05/29 05:51:06.442, 2637 MiB
2026/05/29 05:51:07.442, 2637 MiB
2026/05/29 05:51:08.442, 2637 MiB
2026/05/29 05:51:09.444, 2637 MiB
2026/05/29 05:51:10.444, 2637 MiB
2026/05/29 05:51:11.446, 2637 MiB
2026/05/29 05:51:12.447, 2637 MiB
2026/05/29 05:51:13.454, 2637 MiB
2026/05/29 05:51:14.454, 2637 MiB
2026/05/29 05:51:15.455, 2637 MiB
2026/05/29 05:51:16.456, 2637 MiB
2026/05/29 05:51:17.456, 2637 MiB
2026/05/29 05:51:18.457, 2637 MiB
2026/05/29 05:51:19.457, 2637 MiB
2026/05/29 05:51:20.459, 2637 MiB
2026/05/29 05:51:21.459, 2637 MiB
2026/05/29 05:51:22.459, 2637 MiB
2026/05/29 05:51:23.460, 2637 MiB
2026/05/29 05:51:24.461, 2637 MiB
2026/05/29 05:51:25.461, 6297 MiB
2026/05/29 05:51:26.462, 6297 MiB
2026/05/29 05:51:27.462, 6297 MiB
2026/05/29 05:51:28.462, 7181 MiB
2026/05/29 05:51:29.463, 2641 MiB
2026/05/29 05:51:30.463, 2637 MiB
2026/05/29 05:51:31.463, 2637 MiB
2026/05/29 05:51:32.463, 2637 MiB
2026/05/29 05:51:33.464, 2637 MiB
2026/05/29 05:51:34.464, 2637 MiB
2026/05/29 05:51:35.464, 2637 MiB
2026/05/29 05:51:36.464, 2637 MiB
2026/05/29 05:51:37.465, 2637 MiB
2026/05/29 05:51:38.465, 2637 MiB
2026/05/29 05:51:39.465, 2637 MiB
2026/05/29 05:51:40.465, 2637 MiB
2026/05/29 05:51:41.466, 2637 MiB
2026/05/29 05:51:42.466, 2637 MiB
2026/05/29 05:51:43.466, 2637 MiB
2026/05/29 05:51:44.466, 2637 MiB
2026/05/29 05:51:45.467, 2637 MiB
2026/05/29 05:51:46.467, 2637 MiB
2026/05/29 05:51:47.467, 2637 MiB
2026/05/29 05:51:48.467, 2637 MiB
2026/05/29 05:51:49.468, 2637 MiB
2026/05/29 05:51:50.468, 2637 MiB
2026/05/29 05:51:51.468, 2637 MiB
2026/05/29 05:51:52.469, 2637 MiB
2026/05/29 05:51:53.469, 2637 MiB
2026/05/29 05:51:54.469, 2637 MiB
2026/05/29 05:51:55.470, 2637 MiB
2026/05/29 05:51:56.471, 2637 MiB
2026/05/29 05:51:57.472, 2637 MiB
2026/05/29 05:51:58.472, 2637 MiB
2026/05/29 05:51:59.472, 2639 MiB
2026/05/29 05:52:00.473, 2639 MiB
2026/05/29 05:52:01.474, 2639 MiB
2026/05/29 05:52:02.474, 2639 MiB
2026/05/29 05:52:03.475, 2639 MiB
2026/05/29 05:52:04.476, 2642 MiB
2026/05/29 05:52:05.477, 2642 MiB
2026/05/29 05:52:06.478, 2642 MiB
2026/05/29 05:52:07.479, 2642 MiB
2026/05/29 05:52:08.479, 2642 MiB
2026/05/29 05:52:09.480, 2822 MiB
2026/05/29 05:52:10.480, 6302 MiB
2026/05/29 05:52:11.481, 6302 MiB
2026/05/29 05:52:12.481, 6302 MiB
2026/05/29 05:52:13.482, 2641 MiB
2026/05/29 05:52:14.482, 2637 MiB
2026/05/29 05:52:15.482, 2637 MiB
2026/05/29 05:52:16.482, 2637 MiB
2026/05/29 05:52:17.483, 2637 MiB
2026/05/29 05:52:18.483, 2637 MiB
2026/05/29 05:52:19.483, 2637 MiB
2026/05/29 05:52:20.483, 2639 MiB
2026/05/29 05:52:21.484, 2639 MiB
2026/05/29 05:52:22.484, 2639 MiB
2026/05/29 05:52:23.484, 2639 MiB
2026/05/29 05:52:24.484, 2639 MiB
2026/05/29 05:52:25.485, 2642 MiB
2026/05/29 05:52:26.485, 2642 MiB
2026/05/29 05:52:27.485, 2642 MiB
2026/05/29 05:52:28.485, 2642 MiB
2026/05/29 05:52:29.486, 2642 MiB
2026/05/29 05:52:30.486, 2642 MiB
2026/05/29 05:52:31.487, 2642 MiB
2026/05/29 05:52:32.487, 2642 MiB
2026/05/29 05:52:33.488, 2642 MiB
2026/05/29 05:52:34.488, 2642 MiB
2026/05/29 05:52:35.489, 2642 MiB
2026/05/29 05:52:36.490, 2642 MiB
2026/05/29 05:52:37.491, 2642 MiB
2026/05/29 05:52:38.491, 2642 MiB
2026/05/29 05:52:39.492, 2642 MiB
2026/05/29 05:52:40.493, 2642 MiB
2026/05/29 05:52:41.494, 2642 MiB
2026/05/29 05:52:42.495, 2642 MiB
2026/05/29 05:52:43.495, 2642 MiB
2026/05/29 05:52:44.495, 2642 MiB
2026/05/29 05:52:45.495, 2642 MiB
2026/05/29 05:52:46.496, 2642 MiB
2026/05/29 05:52:47.497, 2642 MiB
2026/05/29 05:52:48.498, 2642 MiB
2026/05/29 05:52:49.498, 2642 MiB
2026/05/29 05:52:50.499, 2642 MiB
2026/05/29 05:52:51.499, 2642 MiB
2026/05/29 05:52:52.499, 6297 MiB
2026/05/29 05:52:53.500, 6297 MiB
2026/05/29 05:52:54.500, 6297 MiB
2026/05/29 05:52:55.500, 5577 MiB
2026/05/29 05:52:56.500, 2657 MiB
2026/05/29 05:52:57.501, 2654 MiB
2026/05/29 05:52:58.501, 2650 MiB
2026/05/29 05:52:59.501, 2650 MiB
2026/05/29 05:53:00.501, 2659 MiB
2026/05/29 05:53:01.502, 2659 MiB
2026/05/29 05:53:02.502, 2659 MiB
2026/05/29 05:53:03.502, 2659 MiB
2026/05/29 05:53:04.502, 2659 MiB
2026/05/29 05:53:05.503, 2662 MiB
2026/05/29 05:53:06.503, 2662 MiB
2026/05/29 05:53:07.503, 2662 MiB
2026/05/29 05:53:08.504, 2662 MiB
2026/05/29 05:53:09.505, 2662 MiB
2026/05/29 05:53:10.505, 2662 MiB
2026/05/29 05:53:11.505, 2662 MiB
2026/05/29 05:53:12.505, 2662 MiB
2026/05/29 05:53:13.506, 2662 MiB
2026/05/29 05:53:14.506, 2662 MiB
2026/05/29 05:53:15.507, 2662 MiB
2026/05/29 05:53:16.507, 2662 MiB
2026/05/29 05:53:17.508, 2662 MiB
2026/05/29 05:53:18.508, 2662 MiB
2026/05/29 05:53:19.508, 2662 MiB
2026/05/29 05:53:20.509, 2662 MiB
2026/05/29 05:53:21.510, 2662 MiB
2026/05/29 05:53:22.510, 2661 MiB
2026/05/29 05:53:23.511, 2658 MiB
2026/05/29 05:53:24.513, 2662 MiB
2026/05/29 05:53:25.514, 2662 MiB
2026/05/29 05:53:26.514, 2662 MiB
2026/05/29 05:53:27.515, 2662 MiB
2026/05/29 05:53:28.515, 2662 MiB
2026/05/29 05:53:29.515, 2662 MiB
2026/05/29 05:53:30.532, 2662 MiB
2026/05/29 05:53:31.534, 2662 MiB
2026/05/29 05:53:32.534, 2662 MiB
2026/05/29 05:53:33.534, 2662 MiB
2026/05/29 05:53:34.536, 4802 MiB
2026/05/29 05:53:35.536, 6022 MiB
2026/05/29 05:53:36.536, 6022 MiB
2026/05/29 05:53:37.537, 8782 MiB
2026/05/29 05:53:38.537, 2641 MiB
2026/05/29 05:53:39.537, 2641 MiB
2026/05/29 05:53:40.537, 2637 MiB
2026/05/29 05:53:41.538, 2637 MiB
2026/05/29 05:53:42.538, 2637 MiB
2026/05/29 05:53:43.538, 2637 MiB
2026/05/29 05:53:44.539, 2637 MiB
2026/05/29 05:53:45.539, 2637 MiB
2026/05/29 05:53:46.539, 2637 MiB
2026/05/29 05:53:47.539, 2637 MiB
2026/05/29 05:53:48.540, 2637 MiB
2026/05/29 05:53:49.540, 2637 MiB
2026/05/29 05:53:50.540, 2637 MiB
2026/05/29 05:53:51.540, 2637 MiB
2026/05/29 05:53:52.541, 2637 MiB
2026/05/29 05:53:53.541, 2637 MiB
2026/05/29 05:53:54.542, 2637 MiB
2026/05/29 05:53:55.543, 2637 MiB
2026/05/29 05:53:56.544, 2637 MiB
2026/05/29 05:53:57.544, 2637 MiB
2026/05/29 05:53:58.544, 2637 MiB
2026/05/29 05:53:59.545, 2637 MiB
2026/05/29 05:54:00.545, 2637 MiB
2026/05/29 05:54:01.545, 2637 MiB
2026/05/29 05:54:02.546, 2637 MiB
2026/05/29 05:54:03.546, 2637 MiB
2026/05/29 05:54:04.546, 2637 MiB
2026/05/29 05:54:05.547, 2637 MiB
2026/05/29 05:54:06.547, 2637 MiB
2026/05/29 05:54:07.548, 2637 MiB
2026/05/29 05:54:08.548, 2637 MiB
2026/05/29 05:54:09.548, 2637 MiB
2026/05/29 05:54:10.548, 2637 MiB
2026/05/29 05:54:11.549, 2637 MiB
2026/05/29 05:54:12.549, 2637 MiB
2026/05/29 05:54:13.549, 2637 MiB
2026/05/29 05:54:14.549, 2637 MiB
2026/05/29 05:54:15.551, 2637 MiB
2026/05/29 05:54:16.551, 6297 MiB
2026/05/29 05:54:17.552, 6297 MiB
2026/05/29 05:54:18.552, 6297 MiB
2026/05/29 05:54:19.552, 8857 MiB
2026/05/29 05:54:20.553, 2653 MiB
2026/05/29 05:54:21.553, 2653 MiB
2026/05/29 05:54:22.553, 2650 MiB
2026/05/29 05:54:23.554, 2650 MiB
2026/05/29 05:54:24.554, 2650 MiB
2026/05/29 05:54:25.554, 2650 MiB
2026/05/29 05:54:26.554, 2650 MiB
2026/05/29 05:54:27.555, 2650 MiB
2026/05/29 05:54:28.555, 2650 MiB
2026/05/29 05:54:29.555, 2662 MiB
2026/05/29 05:54:30.555, 2662 MiB
2026/05/29 05:54:31.556, 2662 MiB
2026/05/29 05:54:32.556, 2662 MiB
2026/05/29 05:54:33.556, 2662 MiB
2026/05/29 05:54:34.557, 2662 MiB
2026/05/29 05:54:35.557, 2662 MiB
2026/05/29 05:54:36.557, 2662 MiB
2026/05/29 05:54:37.558, 2662 MiB
2026/05/29 05:54:38.558, 2662 MiB
2026/05/29 05:54:39.558, 2662 MiB
2026/05/29 05:54:40.560, 2662 MiB
2026/05/29 05:54:41.561, 2662 MiB
2026/05/29 05:54:42.562, 2662 MiB
2026/05/29 05:54:43.562, 2662 MiB
2026/05/29 05:54:44.564, 2662 MiB
2026/05/29 05:54:45.564, 2662 MiB
2026/05/29 05:54:46.566, 2662 MiB
2026/05/29 05:54:47.566, 2662 MiB
2026/05/29 05:54:48.566, 2662 MiB
2026/05/29 05:54:49.566, 2662 MiB
2026/05/29 05:54:50.568, 2662 MiB
2026/05/29 05:54:51.569, 2662 MiB
2026/05/29 05:54:52.569, 2662 MiB
2026/05/29 05:54:53.569, 2662 MiB
2026/05/29 05:54:54.570, 2662 MiB
2026/05/29 05:54:55.570, 2662 MiB
2026/05/29 05:54:56.570, 2661 MiB
2026/05/29 05:54:57.570, 2857 MiB
2026/05/29 05:54:58.571, 6057 MiB
2026/05/29 05:54:59.571, 6057 MiB
2026/05/29 05:55:00.571, 6054 MiB
2026/05/29 05:55:01.572, 8962 MiB
2026/05/29 05:55:02.572, 2642 MiB
2026/05/29 05:55:03.572, 2642 MiB
2026/05/29 05:55:04.572, 2642 MiB
2026/05/29 05:55:05.573, 2642 MiB
2026/05/29 05:55:06.573, 2642 MiB
2026/05/29 05:55:07.573, 2642 MiB
2026/05/29 05:55:08.573, 2642 MiB
2026/05/29 05:55:09.574, 2642 MiB
2026/05/29 05:55:10.574, 2642 MiB
2026/05/29 05:55:11.574, 2642 MiB
2026/05/29 05:55:12.574, 2642 MiB
2026/05/29 05:55:13.575, 2641 MiB
2026/05/29 05:55:14.575, 2638 MiB
2026/05/29 05:55:15.575, 2638 MiB
2026/05/29 05:55:16.577, 2642 MiB
2026/05/29 05:55:17.577, 2642 MiB
2026/05/29 05:55:18.577, 2642 MiB
2026/05/29 05:55:19.578, 2642 MiB
2026/05/29 05:55:20.579, 2642 MiB
2026/05/29 05:55:21.580, 2642 MiB
2026/05/29 05:55:22.580, 2642 MiB
2026/05/29 05:55:23.580, 2642 MiB
2026/05/29 05:55:24.582, 2642 MiB
2026/05/29 05:55:25.582, 2642 MiB
2026/05/29 05:55:26.582, 2642 MiB
2026/05/29 05:55:27.582, 2642 MiB
2026/05/29 05:55:28.583, 2642 MiB
2026/05/29 05:55:29.584, 2642 MiB
2026/05/29 05:55:30.586, 2642 MiB
2026/05/29 05:55:31.586, 2642 MiB
2026/05/29 05:55:32.586, 2642 MiB
2026/05/29 05:55:33.586, 2642 MiB
2026/05/29 05:55:34.587, 2642 MiB
2026/05/29 05:55:35.587, 2642 MiB
2026/05/29 05:55:36.587, 2642 MiB
2026/05/29 05:55:37.588, 2642 MiB
2026/05/29 05:55:38.588, 2642 MiB
2026/05/29 05:55:39.588, 2842 MiB
2026/05/29 05:55:40.588, 6302 MiB
2026/05/29 05:55:41.589, 6302 MiB
2026/05/29 05:55:42.589, 6302 MiB
2026/05/29 05:55:43.589, 2658 MiB
2026/05/29 05:55:44.590, 2662 MiB
2026/05/29 05:55:45.590, 2662 MiB
2026/05/29 05:55:46.590, 2662 MiB
2026/05/29 05:55:47.591, 2662 MiB
2026/05/29 05:55:48.591, 2662 MiB
2026/05/29 05:55:49.591, 2662 MiB
2026/05/29 05:55:50.592, 2662 MiB
2026/05/29 05:55:51.592, 2662 MiB
2026/05/29 05:55:52.592, 2662 MiB
2026/05/29 05:55:53.592, 2662 MiB
2026/05/29 05:55:54.593, 2662 MiB
2026/05/29 05:55:55.593, 2662 MiB
2026/05/29 05:55:56.593, 2662 MiB
2026/05/29 05:55:57.594, 2662 MiB
2026/05/29 05:55:58.594, 2662 MiB
2026/05/29 05:55:59.594, 2662 MiB
2026/05/29 05:56:00.595, 2662 MiB
2026/05/29 05:56:01.595, 2662 MiB
2026/05/29 05:56:02.596, 2662 MiB
2026/05/29 05:56:03.596, 2662 MiB
2026/05/29 05:56:04.597, 2662 MiB
2026/05/29 05:56:05.597, 2662 MiB
2026/05/29 05:56:06.598, 2662 MiB
2026/05/29 05:56:07.598, 2662 MiB
2026/05/29 05:56:08.599, 2662 MiB
2026/05/29 05:56:09.600, 2662 MiB
2026/05/29 05:56:10.600, 2662 MiB
2026/05/29 05:56:11.600, 2662 MiB
2026/05/29 05:56:12.601, 2662 MiB
2026/05/29 05:56:13.601, 2662 MiB
2026/05/29 05:56:14.601, 2662 MiB
2026/05/29 05:56:15.602, 2662 MiB
2026/05/29 05:56:16.602, 2662 MiB
2026/05/29 05:56:17.603, 2662 MiB
2026/05/29 05:56:18.603, 2662 MiB
2026/05/29 05:56:19.604, 2662 MiB
2026/05/29 05:56:20.604, 2662 MiB
2026/05/29 05:56:21.604, 2862 MiB
2026/05/29 05:56:22.605, 6061 MiB
2026/05/29 05:56:23.605, 6062 MiB
2026/05/29 05:56:24.605, 2642 MiB
2026/05/29 05:56:25.606, 2642 MiB
2026/05/29 05:56:26.606, 2642 MiB
2026/05/29 05:56:27.606, 2642 MiB
2026/05/29 05:56:28.607, 2642 MiB
2026/05/29 05:56:29.607, 2642 MiB
2026/05/29 05:56:30.607, 2642 MiB
2026/05/29 05:56:31.608, 2642 MiB
2026/05/29 05:56:32.608, 2642 MiB
2026/05/29 05:56:33.608, 2642 MiB
2026/05/29 05:56:34.608, 2642 MiB
2026/05/29 05:56:35.609, 2642 MiB
2026/05/29 05:56:36.609, 2642 MiB
2026/05/29 05:56:37.611, 2642 MiB
2026/05/29 05:56:38.613, 2642 MiB
2026/05/29 05:56:39.613, 2642 MiB
2026/05/29 05:56:40.613, 2642 MiB
2026/05/29 05:56:41.614, 2642 MiB
2026/05/29 05:56:42.614, 2642 MiB
2026/05/29 05:56:43.614, 2642 MiB
2026/05/29 05:56:44.615, 2642 MiB
2026/05/29 05:56:45.615, 2642 MiB
2026/05/29 05:56:46.615, 2642 MiB
2026/05/29 05:56:47.616, 2642 MiB
2026/05/29 05:56:48.616, 2642 MiB
2026/05/29 05:56:49.616, 2642 MiB
2026/05/29 05:56:50.616, 2642 MiB
2026/05/29 05:56:51.617, 2642 MiB
2026/05/29 05:56:52.617, 2642 MiB
2026/05/29 05:56:53.618, 2642 MiB
2026/05/29 05:56:54.619, 2642 MiB
2026/05/29 05:56:55.620, 2642 MiB
2026/05/29 05:56:56.620, 2642 MiB
2026/05/29 05:56:57.621, 2642 MiB
2026/05/29 05:56:58.621, 2642 MiB
2026/05/29 05:56:59.621, 2642 MiB
2026/05/29 05:57:00.622, 2642 MiB
2026/05/29 05:57:01.622, 2642 MiB
2026/05/29 05:57:02.622, 6302 MiB
2026/05/29 05:57:03.623, 6302 MiB
2026/05/29 05:57:04.623, 6302 MiB
2026/05/29 05:57:05.623, 6302 MiB
2026/05/29 05:57:06.624, 2661 MiB
2026/05/29 05:57:07.624, 2657 MiB
2026/05/29 05:57:08.624, 2657 MiB
2026/05/29 05:57:09.624, 2657 MiB
2026/05/29 05:57:10.625, 2657 MiB
2026/05/29 05:57:11.625, 2657 MiB
2026/05/29 05:57:12.625, 2657 MiB
2026/05/29 05:57:13.626, 2657 MiB
2026/05/29 05:57:14.626, 2657 MiB
2026/05/29 05:57:15.626, 2657 MiB
2026/05/29 05:57:16.629, 2657 MiB
2026/05/29 05:57:17.630, 2657 MiB
2026/05/29 05:57:18.630, 2657 MiB
2026/05/29 05:57:19.632, 2657 MiB
2026/05/29 05:57:20.632, 2657 MiB
2026/05/29 05:57:21.632, 2657 MiB
2026/05/29 05:57:22.632, 2657 MiB
2026/05/29 05:57:23.633, 2657 MiB
2026/05/29 05:57:24.633, 2657 MiB
2026/05/29 05:57:25.633, 2657 MiB
2026/05/29 05:57:26.634, 2657 MiB
2026/05/29 05:57:27.635, 2657 MiB
2026/05/29 05:57:28.635, 2657 MiB
2026/05/29 05:57:29.635, 2657 MiB
2026/05/29 05:57:30.635, 2657 MiB
2026/05/29 05:57:31.636, 2657 MiB
2026/05/29 05:57:32.636, 2657 MiB
2026/05/29 05:57:33.636, 2657 MiB
2026/05/29 05:57:34.636, 2657 MiB
2026/05/29 05:57:35.637, 2657 MiB
2026/05/29 05:57:36.638, 2657 MiB
2026/05/29 05:57:37.638, 2657 MiB
2026/05/29 05:57:38.640, 2657 MiB
2026/05/29 05:57:39.640, 2657 MiB
2026/05/29 05:57:40.640, 2657 MiB
2026/05/29 05:57:41.640, 2657 MiB
2026/05/29 05:57:42.641, 2657 MiB
2026/05/29 05:57:43.641, 2657 MiB
2026/05/29 05:57:44.641, 4737 MiB
2026/05/29 05:57:45.641, 6017 MiB
2026/05/29 05:57:46.642, 6017 MiB
2026/05/29 05:57:47.642, 6017 MiB
2026/05/29 05:57:48.643, 2637 MiB
2026/05/29 05:57:49.643, 2637 MiB
2026/05/29 05:57:50.643, 2637 MiB
2026/05/29 05:57:51.644, 2637 MiB
2026/05/29 05:57:52.644, 2637 MiB
2026/05/29 05:57:53.644, 2637 MiB
2026/05/29 05:57:54.645, 2637 MiB
2026/05/29 05:57:55.645, 2637 MiB
2026/05/29 05:57:56.645, 2637 MiB
2026/05/29 05:57:57.645, 2637 MiB
2026/05/29 05:57:58.646, 2637 MiB
2026/05/29 05:57:59.646, 2637 MiB
2026/05/29 05:58:00.646, 2637 MiB
2026/05/29 05:58:01.647, 2637 MiB
2026/05/29 05:58:02.647, 2637 MiB
2026/05/29 05:58:03.647, 2637 MiB
2026/05/29 05:58:04.647, 2637 MiB
2026/05/29 05:58:05.648, 2637 MiB
2026/05/29 05:58:06.649, 2637 MiB
2026/05/29 05:58:07.650, 2637 MiB
2026/05/29 05:58:08.650, 2637 MiB
2026/05/29 05:58:09.650, 2637 MiB
2026/05/29 05:58:10.650, 2637 MiB
2026/05/29 05:58:11.651, 2637 MiB
2026/05/29 05:58:12.651, 2637 MiB
2026/05/29 05:58:13.651, 2637 MiB
2026/05/29 05:58:14.652, 2637 MiB
2026/05/29 05:58:15.652, 2637 MiB
2026/05/29 05:58:16.652, 2637 MiB
2026/05/29 05:58:17.652, 2637 MiB
2026/05/29 05:58:18.653, 2637 MiB
2026/05/29 05:58:19.653, 2637 MiB
2026/05/29 05:58:20.653, 2637 MiB
2026/05/29 05:58:21.653, 2637 MiB
2026/05/29 05:58:22.654, 2637 MiB
2026/05/29 05:58:23.654, 2637 MiB
2026/05/29 05:58:24.655, 2637 MiB
2026/05/29 05:58:25.655, 2637 MiB
2026/05/29 05:58:26.655, 5157 MiB
2026/05/29 05:58:27.656, 6297 MiB
2026/05/29 05:58:28.656, 6297 MiB
2026/05/29 05:58:29.656, 6297 MiB
2026/05/29 05:58:30.656, 2637 MiB
2026/05/29 05:58:31.657, 2637 MiB
2026/05/29 05:58:32.657, 2637 MiB
2026/05/29 05:58:33.657, 2637 MiB
2026/05/29 05:58:34.657, 2637 MiB
2026/05/29 05:58:35.658, 2637 MiB
2026/05/29 05:58:36.658, 2637 MiB
2026/05/29 05:58:37.658, 2637 MiB
2026/05/29 05:58:38.658, 2637 MiB
2026/05/29 05:58:39.659, 2637 MiB
2026/05/29 05:58:40.659, 2637 MiB
2026/05/29 05:58:41.659, 2637 MiB
2026/05/29 05:58:42.660, 2637 MiB
2026/05/29 05:58:43.660, 2637 MiB
2026/05/29 05:58:44.660, 2637 MiB
2026/05/29 05:58:45.660, 2637 MiB
2026/05/29 05:58:46.661, 2637 MiB
2026/05/29 05:58:47.661, 2637 MiB
2026/05/29 05:58:48.661, 2637 MiB
2026/05/29 05:58:49.661, 2637 MiB
2026/05/29 05:58:50.662, 2637 MiB
2026/05/29 05:58:51.662, 2637 MiB
2026/05/29 05:58:52.662, 2637 MiB
2026/05/29 05:58:53.662, 2637 MiB
2026/05/29 05:58:54.663, 2637 MiB
2026/05/29 05:58:55.663, 2637 MiB
2026/05/29 05:58:56.663, 2637 MiB
2026/05/29 05:58:57.663, 2637 MiB
2026/05/29 05:58:58.664, 2637 MiB
2026/05/29 05:58:59.664, 2634 MiB
2026/05/29 05:59:00.664, 2634 MiB
2026/05/29 05:59:01.665, 2634 MiB
2026/05/29 05:59:02.665, 2634 MiB
2026/05/29 05:59:03.665, 2642 MiB
2026/05/29 05:59:04.665, 2642 MiB
2026/05/29 05:59:05.666, 2642 MiB
2026/05/29 05:59:06.667, 2642 MiB
2026/05/29 05:59:07.668, 2642 MiB
2026/05/29 05:59:08.668, 2642 MiB
2026/05/29 05:59:09.668, 2642 MiB
2026/05/29 05:59:10.668, 2842 MiB
2026/05/29 05:59:11.669, 6302 MiB
2026/05/29 05:59:12.669, 6302 MiB
2026/05/29 05:59:13.669, 5386 MiB
2026/05/29 05:59:14.669, 2645 MiB
2026/05/29 05:59:15.670, 2645 MiB
2026/05/29 05:59:16.670, 2637 MiB
2026/05/29 05:59:17.670, 2637 MiB
2026/05/29 05:59:18.671, 2637 MiB
2026/05/29 05:59:19.671, 2637 MiB
2026/05/29 05:59:20.671, 2637 MiB
2026/05/29 05:59:21.672, 2637 MiB
2026/05/29 05:59:22.672, 2637 MiB
2026/05/29 05:59:23.672, 2637 MiB
2026/05/29 05:59:24.673, 2637 MiB
2026/05/29 05:59:25.673, 2637 MiB
2026/05/29 05:59:26.673, 2637 MiB
2026/05/29 05:59:27.673, 2637 MiB
2026/05/29 05:59:28.674, 2637 MiB
2026/05/29 05:59:29.674, 2637 MiB
2026/05/29 05:59:30.674, 2637 MiB
2026/05/29 05:59:31.675, 2637 MiB
2026/05/29 05:59:32.675, 2637 MiB
2026/05/29 05:59:33.677, 2637 MiB
2026/05/29 05:59:34.677, 2637 MiB
2026/05/29 05:59:35.677, 2637 MiB
2026/05/29 05:59:36.678, 2637 MiB
2026/05/29 05:59:37.678, 2637 MiB
2026/05/29 05:59:38.679, 2637 MiB
2026/05/29 05:59:39.680, 2637 MiB
2026/05/29 05:59:40.680, 2637 MiB
2026/05/29 05:59:41.681, 2637 MiB
2026/05/29 05:59:42.681, 2637 MiB
2026/05/29 05:59:43.681, 2637 MiB
2026/05/29 05:59:44.681, 2637 MiB
2026/05/29 05:59:45.682, 2637 MiB
2026/05/29 05:59:46.682, 2637 MiB
2026/05/29 05:59:47.684, 2637 MiB
2026/05/29 05:59:48.684, 2637 MiB
2026/05/29 05:59:49.685, 2637 MiB
2026/05/29 05:59:50.685, 2637 MiB
2026/05/29 05:59:51.685, 2637 MiB
2026/05/29 05:59:52.686, 6297 MiB
2026/05/29 05:59:53.686, 6297 MiB
2026/05/29 05:59:54.687, 6302 MiB
2026/05/29 05:59:55.687, 8822 MiB
2026/05/29 05:59:56.687, 2642 MiB
2026/05/29 05:59:57.687, 2642 MiB
2026/05/29 05:59:58.688, 2642 MiB
2026/05/29 05:59:59.688, 2642 MiB
2026/05/29 06:00:00.688, 2642 MiB
2026/05/29 06:00:01.689, 2642 MiB
2026/05/29 06:00:02.689, 2642 MiB
2026/05/29 06:00:03.689, 2642 MiB
2026/05/29 06:00:04.689, 2642 MiB
2026/05/29 06:00:05.690, 2642 MiB
2026/05/29 06:00:06.691, 2641 MiB
2026/05/29 06:00:07.692, 2641 MiB
2026/05/29 06:00:08.693, 2642 MiB
2026/05/29 06:00:09.693, 2642 MiB
2026/05/29 06:00:10.694, 2642 MiB
2026/05/29 06:00:11.697, 2642 MiB
2026/05/29 06:00:12.697, 2642 MiB
2026/05/29 06:00:13.697, 2642 MiB
2026/05/29 06:00:14.698, 2642 MiB
2026/05/29 06:00:15.698, 2642 MiB
2026/05/29 06:00:16.698, 2642 MiB
2026/05/29 06:00:17.698, 2642 MiB
2026/05/29 06:00:18.700, 2642 MiB
2026/05/29 06:00:19.702, 2642 MiB
2026/05/29 06:00:20.702, 2642 MiB
2026/05/29 06:00:21.702, 2642 MiB
2026/05/29 06:00:22.702, 2642 MiB
2026/05/29 06:00:23.703, 2642 MiB
2026/05/29 06:00:24.703, 2642 MiB
2026/05/29 06:00:25.703, 2642 MiB
2026/05/29 06:00:26.703, 2641 MiB
2026/05/29 06:00:27.705, 2638 MiB
2026/05/29 06:00:28.705, 2642 MiB
2026/05/29 06:00:29.705, 2642 MiB
2026/05/29 06:00:30.705, 2642 MiB
2026/05/29 06:00:31.706, 2642 MiB
2026/05/29 06:00:32.706, 2642 MiB
2026/05/29 06:00:33.707, 2642 MiB
2026/05/29 06:00:34.707, 6302 MiB
2026/05/29 06:00:35.707, 6302 MiB
2026/05/29 06:00:36.707, 6302 MiB
2026/05/29 06:00:37.708, 2662 MiB
2026/05/29 06:00:38.708, 2661 MiB
2026/05/29 06:00:39.708, 2657 MiB
2026/05/29 06:00:40.709, 2657 MiB
2026/05/29 06:00:41.709, 2657 MiB
2026/05/29 06:00:42.709, 2657 MiB
2026/05/29 06:00:43.710, 2657 MiB
2026/05/29 06:00:44.710, 2657 MiB
2026/05/29 06:00:45.710, 2657 MiB
2026/05/29 06:00:46.711, 2657 MiB
2026/05/29 06:00:47.711, 2657 MiB
2026/05/29 06:00:48.711, 2657 MiB
2026/05/29 06:00:49.712, 2657 MiB
2026/05/29 06:00:50.713, 2657 MiB
2026/05/29 06:00:51.713, 2657 MiB
2026/05/29 06:00:52.714, 2657 MiB
2026/05/29 06:00:53.714, 2657 MiB
2026/05/29 06:00:54.714, 2657 MiB
2026/05/29 06:00:55.714, 2657 MiB
2026/05/29 06:00:56.715, 2657 MiB
2026/05/29 06:00:57.716, 2657 MiB
2026/05/29 06:00:58.716, 2657 MiB
2026/05/29 06:00:59.717, 2657 MiB
2026/05/29 06:01:00.718, 2657 MiB
2026/05/29 06:01:01.718, 2657 MiB
2026/05/29 06:01:02.719, 2657 MiB
2026/05/29 06:01:03.719, 2657 MiB
2026/05/29 06:01:04.719, 2657 MiB
2026/05/29 06:01:05.719, 2657 MiB
2026/05/29 06:01:06.720, 2657 MiB
2026/05/29 06:01:07.720, 2657 MiB
2026/05/29 06:01:08.720, 2657 MiB
2026/05/29 06:01:09.720, 2657 MiB
2026/05/29 06:01:10.721, 2657 MiB
2026/05/29 06:01:11.721, 2657 MiB
2026/05/29 06:01:12.721, 2657 MiB
2026/05/29 06:01:13.721, 2657 MiB
2026/05/29 06:01:14.722, 2657 MiB
2026/05/29 06:01:15.722, 2657 MiB
2026/05/29 06:01:16.722, 6017 MiB
2026/05/29 06:01:17.723, 6017 MiB
2026/05/29 06:01:18.723, 6017 MiB
2026/05/29 06:01:19.723, 4397 MiB
2026/05/29 06:01:20.724, 2637 MiB
2026/05/29 06:01:21.724, 2637 MiB
2026/05/29 06:01:22.724, 2637 MiB
2026/05/29 06:01:23.725, 2637 MiB
2026/05/29 06:01:24.725, 2637 MiB
2026/05/29 06:01:25.725, 2637 MiB
2026/05/29 06:01:26.725, 2637 MiB
2026/05/29 06:01:27.726, 2637 MiB
2026/05/29 06:01:28.726, 2637 MiB
2026/05/29 06:01:29.726, 2637 MiB
2026/05/29 06:01:30.727, 2637 MiB
2026/05/29 06:01:31.727, 2637 MiB
2026/05/29 06:01:32.727, 2637 MiB
2026/05/29 06:01:33.727, 2637 MiB
2026/05/29 06:01:34.728, 2637 MiB
2026/05/29 06:01:35.728, 2637 MiB
2026/05/29 06:01:36.729, 2637 MiB
2026/05/29 06:01:37.730, 2637 MiB
2026/05/29 06:01:38.730, 2637 MiB
2026/05/29 06:01:39.730, 2637 MiB
2026/05/29 06:01:40.731, 2637 MiB
2026/05/29 06:01:41.731, 2637 MiB
2026/05/29 06:01:42.731, 2637 MiB
2026/05/29 06:01:43.732, 2637 MiB
2026/05/29 06:01:44.732, 2637 MiB
2026/05/29 06:01:45.732, 2634 MiB
2026/05/29 06:01:46.733, 2642 MiB
2026/05/29 06:01:47.733, 2642 MiB
2026/05/29 06:01:48.734, 2642 MiB
2026/05/29 06:01:49.734, 2642 MiB
2026/05/29 06:01:50.734, 2642 MiB
2026/05/29 06:01:51.735, 2642 MiB
2026/05/29 06:01:52.736, 2642 MiB
2026/05/29 06:01:53.736, 2642 MiB
2026/05/29 06:01:54.737, 2642 MiB
2026/05/29 06:01:55.737, 2642 MiB
2026/05/29 06:01:56.737, 2642 MiB
2026/05/29 06:01:57.738, 2642 MiB
2026/05/29 06:01:58.738, 2642 MiB
2026/05/29 06:01:59.738, 6302 MiB
2026/05/29 06:02:00.739, 6302 MiB
2026/05/29 06:02:01.739, 6306 MiB
2026/05/29 06:02:02.739, 8385 MiB
2026/05/29 06:02:03.739, 2657 MiB
2026/05/29 06:02:04.740, 2657 MiB
2026/05/29 06:02:05.740, 2657 MiB
2026/05/29 06:02:06.740, 2657 MiB
2026/05/29 06:02:07.741, 2657 MiB
2026/05/29 06:02:08.741, 2657 MiB
2026/05/29 06:02:09.741, 2657 MiB
2026/05/29 06:02:10.742, 2657 MiB
2026/05/29 06:02:11.742, 2657 MiB
2026/05/29 06:02:12.742, 2657 MiB
2026/05/29 06:02:13.743, 2657 MiB
2026/05/29 06:02:14.743, 2657 MiB
2026/05/29 06:02:15.743, 2657 MiB
2026/05/29 06:02:16.743, 2657 MiB
2026/05/29 06:02:17.744, 2657 MiB
2026/05/29 06:02:18.744, 2657 MiB
2026/05/29 06:02:19.744, 2657 MiB
2026/05/29 06:02:20.754, 2657 MiB
2026/05/29 06:02:21.755, 2657 MiB
2026/05/29 06:02:22.756, 2657 MiB
2026/05/29 06:02:23.756, 2657 MiB
2026/05/29 06:02:24.756, 2657 MiB
2026/05/29 06:02:25.757, 2657 MiB
2026/05/29 06:02:26.757, 2657 MiB
2026/05/29 06:02:27.757, 2657 MiB
2026/05/29 06:02:28.758, 2657 MiB
2026/05/29 06:02:29.758, 2657 MiB
2026/05/29 06:02:30.758, 2657 MiB
2026/05/29 06:02:31.758, 2657 MiB
2026/05/29 06:02:32.759, 2657 MiB
2026/05/29 06:02:33.759, 2657 MiB
2026/05/29 06:02:34.759, 2657 MiB
2026/05/29 06:02:35.759, 2657 MiB
2026/05/29 06:02:36.760, 2657 MiB
2026/05/29 06:02:37.760, 2657 MiB
2026/05/29 06:02:38.760, 2657 MiB
2026/05/29 06:02:39.762, 2657 MiB
2026/05/29 06:02:40.762, 2657 MiB
2026/05/29 06:02:41.763, 2657 MiB
2026/05/29 06:02:42.763, 6017 MiB
2026/05/29 06:02:43.764, 6017 MiB
2026/05/29 06:02:44.764, 6017 MiB
2026/05/29 06:02:45.764, 8817 MiB
2026/05/29 06:02:46.765, 2657 MiB
2026/05/29 06:02:47.765, 2657 MiB
2026/05/29 06:02:48.765, 2657 MiB
2026/05/29 06:02:49.765, 2657 MiB
2026/05/29 06:02:50.766, 2657 MiB
2026/05/29 06:02:51.766, 2657 MiB
2026/05/29 06:02:52.766, 2641 MiB
2026/05/29 06:02:53.766, 2641 MiB
2026/05/29 06:02:54.767, 2641 MiB
2026/05/29 06:02:55.767, 2661 MiB
2026/05/29 06:02:56.767, 2661 MiB
2026/05/29 06:02:57.768, 2660 MiB
2026/05/29 06:02:58.768, 2657 MiB
2026/05/29 06:02:59.768, 2656 MiB
2026/05/29 06:03:00.769, 2664 MiB
2026/05/29 06:03:01.769, 2663 MiB
2026/05/29 06:03:02.770, 2663 MiB
2026/05/29 06:03:03.770, 2663 MiB
2026/05/29 06:03:04.770, 2659 MiB
2026/05/29 06:03:05.771, 2659 MiB
2026/05/29 06:03:06.771, 2659 MiB
2026/05/29 06:03:07.772, 2659 MiB
2026/05/29 06:03:08.772, 2659 MiB
2026/05/29 06:03:09.773, 2659 MiB
2026/05/29 06:03:10.773, 2659 MiB
2026/05/29 06:03:11.773, 2658 MiB
2026/05/29 06:03:12.774, 2658 MiB
2026/05/29 06:03:13.774, 2655 MiB
2026/05/29 06:03:14.774, 2659 MiB
2026/05/29 06:03:15.774, 2659 MiB
2026/05/29 06:03:16.775, 2659 MiB
2026/05/29 06:03:17.775, 2659 MiB
2026/05/29 06:03:18.775, 2659 MiB
2026/05/29 06:03:19.777, 2659 MiB
2026/05/29 06:03:20.777, 2659 MiB
2026/05/29 06:03:21.777, 2659 MiB
2026/05/29 06:03:22.778, 2659 MiB
2026/05/29 06:03:23.795, 2659 MiB
2026/05/29 06:03:24.795, 2659 MiB
2026/05/29 06:03:25.795, 6319 MiB
2026/05/29 06:03:26.796, 6319 MiB
2026/05/29 06:03:27.796, 6319 MiB
2026/05/29 06:03:28.796, 9018 MiB
2026/05/29 06:03:29.796, 2654 MiB
2026/05/29 06:03:30.797, 2654 MiB
2026/05/29 06:03:31.797, 2654 MiB
2026/05/29 06:03:32.797, 2654 MiB
2026/05/29 06:03:33.798, 2654 MiB
2026/05/29 06:03:34.798, 2654 MiB
2026/05/29 06:03:35.798, 2654 MiB
2026/05/29 06:03:36.798, 2654 MiB
2026/05/29 06:03:37.799, 2654 MiB
2026/05/29 06:03:38.799, 2654 MiB
2026/05/29 06:03:39.799, 2654 MiB
2026/05/29 06:03:40.800, 2654 MiB
2026/05/29 06:03:41.800, 2654 MiB
2026/05/29 06:03:42.800, 2654 MiB
2026/05/29 06:03:43.800, 2654 MiB
2026/05/29 06:03:44.801, 2654 MiB
2026/05/29 06:03:45.801, 2654 MiB
2026/05/29 06:03:46.801, 2654 MiB
2026/05/29 06:03:47.802, 2654 MiB
2026/05/29 06:03:48.802, 2654 MiB
2026/05/29 06:03:49.802, 2654 MiB
2026/05/29 06:03:50.803, 2654 MiB
2026/05/29 06:03:51.803, 2654 MiB
2026/05/29 06:03:52.803, 2654 MiB
2026/05/29 06:03:53.804, 2654 MiB
2026/05/29 06:03:54.804, 2654 MiB
2026/05/29 06:03:55.824, 2654 MiB
2026/05/29 06:03:56.825, 2654 MiB
2026/05/29 06:03:57.825, 2654 MiB
2026/05/29 06:03:58.825, 2654 MiB
2026/05/29 06:03:59.825, 2654 MiB
2026/05/29 06:04:00.826, 2654 MiB
2026/05/29 06:04:01.827, 2654 MiB
2026/05/29 06:04:02.828, 2654 MiB
2026/05/29 06:04:03.828, 2654 MiB
2026/05/29 06:04:04.829, 2654 MiB
2026/05/29 06:04:05.830, 2654 MiB
2026/05/29 06:04:06.830, 2654 MiB
2026/05/29 06:04:07.831, 2854 MiB
2026/05/29 06:04:08.831, 6014 MiB
2026/05/29 06:04:09.831, 6014 MiB
2026/05/29 06:04:10.832, 6018 MiB
2026/05/29 06:04:11.832, 2658 MiB
2026/05/29 06:04:12.832, 2654 MiB
2026/05/29 06:04:13.832, 2654 MiB
2026/05/29 06:04:14.833, 2654 MiB
2026/05/29 06:04:15.833, 2654 MiB
2026/05/29 06:04:16.833, 2654 MiB
2026/05/29 06:04:17.834, 2654 MiB
2026/05/29 06:04:18.834, 2654 MiB
2026/05/29 06:04:19.834, 2654 MiB
2026/05/29 06:04:20.834, 2654 MiB
2026/05/29 06:04:21.835, 2654 MiB
2026/05/29 06:04:22.835, 2654 MiB
2026/05/29 06:04:23.835, 2654 MiB
2026/05/29 06:04:24.835, 2654 MiB
2026/05/29 06:04:25.836, 2654 MiB
2026/05/29 06:04:26.837, 2654 MiB
2026/05/29 06:04:27.837, 2654 MiB
2026/05/29 06:04:28.837, 2654 MiB
2026/05/29 06:04:29.837, 2654 MiB
2026/05/29 06:04:30.838, 2654 MiB
2026/05/29 06:04:31.838, 2654 MiB
2026/05/29 06:04:32.838, 2654 MiB
2026/05/29 06:04:33.839, 2654 MiB
2026/05/29 06:04:34.839, 2654 MiB
2026/05/29 06:04:35.840, 2654 MiB
2026/05/29 06:04:36.840, 2654 MiB
2026/05/29 06:04:37.840, 2654 MiB
2026/05/29 06:04:38.841, 2654 MiB
2026/05/29 06:04:39.841, 2654 MiB
2026/05/29 06:04:40.841, 2654 MiB
2026/05/29 06:04:41.841, 2651 MiB
2026/05/29 06:04:42.842, 2658 MiB
2026/05/29 06:04:43.842, 2658 MiB
2026/05/29 06:04:44.843, 2658 MiB
2026/05/29 06:04:45.843, 2658 MiB
2026/05/29 06:04:46.845, 2658 MiB
2026/05/29 06:04:47.846, 2659 MiB
2026/05/29 06:04:48.846, 2659 MiB
2026/05/29 06:04:49.846, 2659 MiB
2026/05/29 06:04:50.846, 6319 MiB
2026/05/29 06:04:51.847, 8859 MiB
2026/05/29 06:04:52.847, 2643 MiB
2026/05/29 06:04:53.847, 2642 MiB
2026/05/29 06:04:54.847, 2642 MiB
2026/05/29 06:04:55.848, 2634 MiB
2026/05/29 06:04:56.848, 2634 MiB
2026/05/29 06:04:57.848, 2634 MiB
2026/05/29 06:04:58.848, 2634 MiB
2026/05/29 06:04:59.849, 2634 MiB
2026/05/29 06:05:00.849, 2634 MiB
2026/05/29 06:05:01.849, 2634 MiB
2026/05/29 06:05:02.850, 2634 MiB
2026/05/29 06:05:03.850, 2634 MiB
2026/05/29 06:05:04.850, 2634 MiB
2026/05/29 06:05:05.850, 2634 MiB
2026/05/29 06:05:06.851, 2634 MiB
2026/05/29 06:05:07.851, 2634 MiB
2026/05/29 06:05:08.851, 2634 MiB
2026/05/29 06:05:09.851, 2634 MiB
2026/05/29 06:05:10.852, 2634 MiB
2026/05/29 06:05:11.852, 2634 MiB
2026/05/29 06:05:12.852, 2634 MiB
2026/05/29 06:05:13.854, 2639 MiB
2026/05/29 06:05:14.854, 2639 MiB
2026/05/29 06:05:15.854, 2639 MiB
2026/05/29 06:05:16.855, 2639 MiB
2026/05/29 06:05:17.855, 2639 MiB
2026/05/29 06:05:18.856, 2639 MiB
2026/05/29 06:05:19.856, 2639 MiB
2026/05/29 06:05:20.856, 2639 MiB
2026/05/29 06:05:21.857, 2639 MiB
2026/05/29 06:05:22.857, 2639 MiB
2026/05/29 06:05:23.857, 2639 MiB
2026/05/29 06:05:24.859, 2638 MiB
2026/05/29 06:05:25.860, 2638 MiB
2026/05/29 06:05:26.862, 2638 MiB
2026/05/29 06:05:27.862, 2638 MiB
2026/05/29 06:05:28.862, 2638 MiB
2026/05/29 06:05:29.863, 2638 MiB
2026/05/29 06:05:30.863, 2919 MiB
2026/05/29 06:05:31.863, 6299 MiB
2026/05/29 06:05:32.864, 6299 MiB
2026/05/29 06:05:33.864, 6299 MiB
2026/05/29 06:05:34.864, 2638 MiB
2026/05/29 06:05:35.864, 2638 MiB
2026/05/29 06:05:36.865, 2634 MiB
2026/05/29 06:05:37.865, 2634 MiB
2026/05/29 06:05:38.865, 2634 MiB
2026/05/29 06:05:39.865, 2634 MiB
2026/05/29 06:05:40.866, 2634 MiB
2026/05/29 06:05:41.866, 2634 MiB
2026/05/29 06:05:42.866, 2634 MiB
2026/05/29 06:05:43.866, 2634 MiB
2026/05/29 06:05:44.867, 2634 MiB
2026/05/29 06:05:45.867, 2634 MiB
2026/05/29 06:05:46.867, 2634 MiB
2026/05/29 06:05:47.868, 2631 MiB
2026/05/29 06:05:48.868, 2631 MiB
2026/05/29 06:05:49.868, 2631 MiB
2026/05/29 06:05:50.868, 2631 MiB
2026/05/29 06:05:51.869, 2631 MiB
2026/05/29 06:05:52.869, 2631 MiB
2026/05/29 06:05:53.869, 2631 MiB
2026/05/29 06:05:54.869, 2631 MiB
2026/05/29 06:05:55.870, 2631 MiB
2026/05/29 06:05:56.871, 2631 MiB
2026/05/29 06:05:57.871, 2631 MiB
2026/05/29 06:05:58.871, 2631 MiB
2026/05/29 06:05:59.872, 2631 MiB
2026/05/29 06:06:00.872, 2631 MiB
2026/05/29 06:06:01.872, 2631 MiB
2026/05/29 06:06:02.873, 2638 MiB
2026/05/29 06:06:03.873, 2638 MiB
2026/05/29 06:06:04.873, 2638 MiB
2026/05/29 06:06:05.874, 2638 MiB
2026/05/29 06:06:06.874, 2638 MiB
2026/05/29 06:06:07.875, 2638 MiB
2026/05/29 06:06:08.876, 2638 MiB
2026/05/29 06:06:09.877, 2635 MiB
2026/05/29 06:06:10.877, 2638 MiB
2026/05/29 06:06:11.877, 2638 MiB
2026/05/29 06:06:12.877, 2638 MiB
2026/05/29 06:06:13.878, 2638 MiB
2026/05/29 06:06:14.878, 3899 MiB
2026/05/29 06:06:15.878, 6295 MiB
2026/05/29 06:06:16.878, 6295 MiB
2026/05/29 06:06:17.879, 6295 MiB
2026/05/29 06:06:18.879, 2639 MiB
2026/05/29 06:06:19.879, 2639 MiB
2026/05/29 06:06:20.880, 2639 MiB
2026/05/29 06:06:21.880, 2639 MiB
2026/05/29 06:06:22.880, 2639 MiB
2026/05/29 06:06:23.880, 2639 MiB
2026/05/29 06:06:24.881, 2639 MiB
2026/05/29 06:06:25.881, 2639 MiB
2026/05/29 06:06:26.881, 2639 MiB
2026/05/29 06:06:27.881, 2639 MiB
2026/05/29 06:06:28.882, 2639 MiB
2026/05/29 06:06:29.882, 2639 MiB
2026/05/29 06:06:30.882, 2639 MiB
2026/05/29 06:06:31.883, 2639 MiB
2026/05/29 06:06:32.884, 2639 MiB
2026/05/29 06:06:33.884, 2639 MiB
2026/05/29 06:06:34.885, 2639 MiB
2026/05/29 06:06:35.885, 2639 MiB
2026/05/29 06:06:36.885, 2639 MiB
2026/05/29 06:06:37.886, 2639 MiB
2026/05/29 06:06:38.887, 2639 MiB
2026/05/29 06:06:39.887, 2639 MiB
2026/05/29 06:06:40.887, 2639 MiB
2026/05/29 06:06:41.888, 2639 MiB
2026/05/29 06:06:42.888, 2639 MiB
2026/05/29 06:06:43.888, 2639 MiB
2026/05/29 06:06:44.888, 2638 MiB
2026/05/29 06:06:45.889, 2638 MiB
2026/05/29 06:06:46.889, 2638 MiB
2026/05/29 06:06:47.889, 2634 MiB
2026/05/29 06:06:48.890, 2634 MiB
2026/05/29 06:06:49.891, 2638 MiB
2026/05/29 06:06:50.891, 2638 MiB
2026/05/29 06:06:51.892, 2638 MiB
2026/05/29 06:06:52.893, 2638 MiB
2026/05/29 06:06:53.894, 2638 MiB
2026/05/29 06:06:54.894, 2639 MiB
2026/05/29 06:06:55.894, 2639 MiB
2026/05/29 06:06:56.895, 6299 MiB
2026/05/29 06:06:57.895, 6299 MiB
2026/05/29 06:06:58.895, 6299 MiB
2026/05/29 06:06:59.896, 4002 MiB
2026/05/29 06:07:00.896, 2662 MiB
2026/05/29 06:07:01.896, 2654 MiB
2026/05/29 06:07:02.896, 2654 MiB
2026/05/29 06:07:03.897, 2654 MiB
2026/05/29 06:07:04.897, 2654 MiB
2026/05/29 06:07:05.897, 2654 MiB
2026/05/29 06:07:06.898, 2654 MiB
2026/05/29 06:07:07.898, 2654 MiB
2026/05/29 06:07:08.898, 2654 MiB
2026/05/29 06:07:09.898, 2654 MiB
2026/05/29 06:07:10.899, 2658 MiB
2026/05/29 06:07:11.899, 2658 MiB
2026/05/29 06:07:12.899, 2658 MiB
2026/05/29 06:07:13.900, 2658 MiB
2026/05/29 06:07:14.900, 2658 MiB
2026/05/29 06:07:15.900, 2659 MiB
2026/05/29 06:07:16.901, 2659 MiB
2026/05/29 06:07:17.902, 2659 MiB
2026/05/29 06:07:18.907, 2659 MiB
2026/05/29 06:07:19.907, 2659 MiB
2026/05/29 06:07:20.908, 2659 MiB
2026/05/29 06:07:21.908, 2659 MiB
2026/05/29 06:07:22.908, 2659 MiB
2026/05/29 06:07:23.909, 2659 MiB
2026/05/29 06:07:24.909, 2659 MiB
2026/05/29 06:07:25.909, 2659 MiB
2026/05/29 06:07:26.910, 2659 MiB
2026/05/29 06:07:27.911, 2659 MiB
2026/05/29 06:07:28.911, 2659 MiB
2026/05/29 06:07:29.911, 2659 MiB
2026/05/29 06:07:30.912, 2659 MiB
2026/05/29 06:07:31.912, 2659 MiB
2026/05/29 06:07:32.913, 2659 MiB
2026/05/29 06:07:33.913, 2659 MiB
2026/05/29 06:07:34.914, 2659 MiB
2026/05/29 06:07:35.914, 2659 MiB
2026/05/29 06:07:36.914, 2658 MiB
2026/05/29 06:07:37.915, 2658 MiB
2026/05/29 06:07:38.915, 6314 MiB
2026/05/29 06:07:39.915, 6314 MiB
2026/05/29 06:07:40.915, 6118 MiB
2026/05/29 06:07:41.916, 2658 MiB
2026/05/29 06:07:42.916, 2658 MiB
2026/05/29 06:07:43.916, 2654 MiB
2026/05/29 06:07:44.917, 2654 MiB
2026/05/29 06:07:45.917, 2654 MiB
2026/05/29 06:07:46.917, 2654 MiB
2026/05/29 06:07:47.918, 2654 MiB
2026/05/29 06:07:48.918, 2654 MiB
2026/05/29 06:07:49.918, 2654 MiB
2026/05/29 06:07:50.919, 2654 MiB
2026/05/29 06:07:51.919, 2654 MiB
2026/05/29 06:07:52.919, 2654 MiB
2026/05/29 06:07:53.920, 2654 MiB
2026/05/29 06:07:54.921, 2654 MiB
2026/05/29 06:07:55.921, 2654 MiB
2026/05/29 06:07:56.921, 2654 MiB
2026/05/29 06:07:57.922, 2654 MiB
2026/05/29 06:07:58.922, 2654 MiB
2026/05/29 06:07:59.922, 2654 MiB
2026/05/29 06:08:00.923, 2654 MiB
2026/05/29 06:08:01.923, 2654 MiB
2026/05/29 06:08:02.923, 2654 MiB
2026/05/29 06:08:03.924, 2654 MiB
2026/05/29 06:08:04.924, 2654 MiB
2026/05/29 06:08:05.925, 2654 MiB
2026/05/29 06:08:06.925, 2654 MiB
2026/05/29 06:08:07.925, 2654 MiB
2026/05/29 06:08:08.926, 2654 MiB
2026/05/29 06:08:09.927, 2654 MiB
2026/05/29 06:08:10.927, 2654 MiB
2026/05/29 06:08:11.927, 2654 MiB
2026/05/29 06:08:12.928, 2654 MiB
2026/05/29 06:08:13.928, 2654 MiB
2026/05/29 06:08:14.929, 2654 MiB
2026/05/29 06:08:15.929, 2654 MiB
2026/05/29 06:08:16.930, 2654 MiB
2026/05/29 06:08:17.930, 2654 MiB
2026/05/29 06:08:18.931, 2834 MiB
2026/05/29 06:08:19.931, 6314 MiB
2026/05/29 06:08:20.932, 6314 MiB
2026/05/29 06:08:21.932, 6314 MiB
2026/05/29 06:08:22.933, 2854 MiB
2026/05/29 06:08:23.933, 2634 MiB
2026/05/29 06:08:24.933, 2634 MiB
2026/05/29 06:08:25.933, 2634 MiB
2026/05/29 06:08:26.934, 2630 MiB
2026/05/29 06:08:27.934, 2639 MiB
2026/05/29 06:08:28.934, 2639 MiB
2026/05/29 06:08:29.934, 2639 MiB
2026/05/29 06:08:30.935, 2639 MiB
2026/05/29 06:08:31.935, 2639 MiB
2026/05/29 06:08:32.935, 2639 MiB
2026/05/29 06:08:33.935, 2639 MiB
2026/05/29 06:08:34.936, 2639 MiB
2026/05/29 06:08:35.936, 2639 MiB
2026/05/29 06:08:36.938, 2639 MiB
2026/05/29 06:08:37.938, 2639 MiB
2026/05/29 06:08:38.938, 2639 MiB
2026/05/29 06:08:39.938, 2639 MiB
2026/05/29 06:08:40.940, 2639 MiB
2026/05/29 06:08:41.940, 2639 MiB
2026/05/29 06:08:42.940, 2639 MiB
2026/05/29 06:08:43.941, 2638 MiB
2026/05/29 06:08:44.941, 2638 MiB
2026/05/29 06:08:45.941, 2638 MiB
2026/05/29 06:08:46.941, 2638 MiB
2026/05/29 06:08:47.942, 2638 MiB
2026/05/29 06:08:48.942, 2638 MiB
2026/05/29 06:08:49.942, 2638 MiB
2026/05/29 06:08:50.943, 2638 MiB
2026/05/29 06:08:51.943, 2638 MiB
2026/05/29 06:08:52.944, 2635 MiB
2026/05/29 06:08:53.944, 2635 MiB
2026/05/29 06:08:54.944, 2635 MiB
2026/05/29 06:08:55.945, 2635 MiB
2026/05/29 06:08:56.945, 2638 MiB
2026/05/29 06:08:57.946, 2638 MiB
2026/05/29 06:08:58.946, 2638 MiB
2026/05/29 06:08:59.946, 2638 MiB
2026/05/29 06:09:00.946, 2639 MiB
2026/05/29 06:09:01.947, 6295 MiB
2026/05/29 06:09:02.947, 6295 MiB
2026/05/29 06:09:03.947, 6295 MiB
2026/05/29 06:09:04.947, 8979 MiB
2026/05/29 06:09:05.948, 2659 MiB
2026/05/29 06:09:06.948, 2659 MiB
2026/05/29 06:09:07.948, 2659 MiB
2026/05/29 06:09:08.948, 2659 MiB
2026/05/29 06:09:09.949, 2659 MiB
2026/05/29 06:09:10.949, 2659 MiB
2026/05/29 06:09:11.949, 2659 MiB
2026/05/29 06:09:12.949, 2659 MiB
2026/05/29 06:09:13.950, 2659 MiB
2026/05/29 06:09:14.950, 2659 MiB
2026/05/29 06:09:15.950, 2659 MiB
2026/05/29 06:09:16.950, 2659 MiB
2026/05/29 06:09:17.951, 2659 MiB
2026/05/29 06:09:18.951, 2659 MiB
2026/05/29 06:09:19.951, 2659 MiB
2026/05/29 06:09:20.952, 2659 MiB
2026/05/29 06:09:21.952, 2659 MiB
2026/05/29 06:09:22.952, 2659 MiB
2026/05/29 06:09:23.952, 2659 MiB
2026/05/29 06:09:24.953, 2659 MiB
2026/05/29 06:09:25.953, 2659 MiB
2026/05/29 06:09:26.953, 2659 MiB
2026/05/29 06:09:27.954, 2659 MiB
2026/05/29 06:09:28.954, 2659 MiB
2026/05/29 06:09:29.954, 2659 MiB
2026/05/29 06:09:30.955, 2658 MiB
2026/05/29 06:09:31.955, 2658 MiB
2026/05/29 06:09:32.955, 2658 MiB
2026/05/29 06:09:33.956, 2654 MiB
2026/05/29 06:09:34.957, 2654 MiB
2026/05/29 06:09:35.957, 2654 MiB
2026/05/29 06:09:36.958, 2654 MiB
2026/05/29 06:09:37.958, 2654 MiB
2026/05/29 06:09:38.958, 2654 MiB
2026/05/29 06:09:39.959, 2654 MiB
2026/05/29 06:09:40.959, 2654 MiB
2026/05/29 06:09:41.959, 2654 MiB
2026/05/29 06:09:42.959, 2654 MiB
2026/05/29 06:09:43.960, 6314 MiB
2026/05/29 06:09:44.960, 6314 MiB
2026/05/29 06:09:45.960, 6314 MiB
2026/05/29 06:09:46.961, 6314 MiB
2026/05/29 06:09:47.961, 2674 MiB
2026/05/29 06:09:48.961, 2674 MiB
2026/05/29 06:09:49.961, 2674 MiB
2026/05/29 06:09:50.962, 2674 MiB
2026/05/29 06:09:51.962, 2674 MiB
2026/05/29 06:09:52.962, 2674 MiB
2026/05/29 06:09:53.963, 2674 MiB
2026/05/29 06:09:54.963, 2674 MiB
2026/05/29 06:09:55.963, 2674 MiB
2026/05/29 06:09:56.964, 2674 MiB
2026/05/29 06:09:57.964, 2674 MiB
2026/05/29 06:09:58.964, 2674 MiB
2026/05/29 06:09:59.965, 2674 MiB
2026/05/29 06:10:00.965, 2674 MiB
2026/05/29 06:10:01.966, 2674 MiB
2026/05/29 06:10:02.967, 2674 MiB
2026/05/29 06:10:03.967, 2674 MiB
2026/05/29 06:10:04.967, 2674 MiB
2026/05/29 06:10:05.968, 2674 MiB
2026/05/29 06:10:06.968, 2674 MiB
2026/05/29 06:10:07.969, 2674 MiB
2026/05/29 06:10:08.969, 2674 MiB
2026/05/29 06:10:09.970, 2674 MiB
2026/05/29 06:10:10.972, 2674 MiB
2026/05/29 06:10:11.972, 2674 MiB
2026/05/29 06:10:12.973, 2674 MiB
2026/05/29 06:10:13.973, 2674 MiB
2026/05/29 06:10:14.974, 2674 MiB
2026/05/29 06:10:15.974, 2674 MiB
2026/05/29 06:10:16.974, 2674 MiB
2026/05/29 06:10:17.975, 2674 MiB
2026/05/29 06:10:18.975, 2674 MiB
2026/05/29 06:10:19.975, 2674 MiB
2026/05/29 06:10:20.975, 2674 MiB
2026/05/29 06:10:21.977, 2674 MiB
2026/05/29 06:10:22.977, 2674 MiB
2026/05/29 06:10:23.978, 2674 MiB
2026/05/29 06:10:24.979, 2674 MiB
2026/05/29 06:10:25.979, 2674 MiB
2026/05/29 06:10:26.979, 6334 MiB
2026/05/29 06:10:27.980, 3474 MiB
2026/05/29 06:10:28.980, 2634 MiB
2026/05/29 06:10:29.980, 2634 MiB
2026/05/29 06:10:30.981, 2634 MiB
2026/05/29 06:10:31.981, 2634 MiB
2026/05/29 06:10:32.981, 2634 MiB
2026/05/29 06:10:33.982, 2634 MiB
2026/05/29 06:10:34.982, 2634 MiB
2026/05/29 06:10:35.982, 2634 MiB
2026/05/29 06:10:36.982, 2634 MiB
2026/05/29 06:10:37.983, 2634 MiB
2026/05/29 06:10:38.983, 2634 MiB
2026/05/29 06:10:39.983, 2634 MiB
2026/05/29 06:10:40.984, 2634 MiB
2026/05/29 06:10:41.984, 2634 MiB
2026/05/29 06:10:42.984, 2634 MiB
2026/05/29 06:10:43.984, 2634 MiB
2026/05/29 06:10:44.986, 2634 MiB
2026/05/29 06:10:45.986, 2634 MiB
2026/05/29 06:10:46.986, 2634 MiB
2026/05/29 06:10:47.987, 2634 MiB
2026/05/29 06:10:48.987, 2634 MiB
2026/05/29 06:10:49.987, 2634 MiB
2026/05/29 06:10:50.987, 2634 MiB
2026/05/29 06:10:51.988, 2634 MiB
2026/05/29 06:10:52.988, 2634 MiB
2026/05/29 06:10:53.988, 2634 MiB
2026/05/29 06:10:54.990, 2634 MiB
2026/05/29 06:10:55.990, 2634 MiB
2026/05/29 06:10:56.990, 2634 MiB
2026/05/29 06:10:57.992, 2634 MiB
2026/05/29 06:10:58.992, 2634 MiB
2026/05/29 06:10:59.992, 2634 MiB
2026/05/29 06:11:00.992, 2634 MiB
2026/05/29 06:11:01.993, 2634 MiB
2026/05/29 06:11:02.993, 2634 MiB
2026/05/29 06:11:03.993, 2634 MiB
2026/05/29 06:11:04.994, 2634 MiB
2026/05/29 06:11:05.995, 2634 MiB
2026/05/29 06:11:06.995, 4394 MiB
2026/05/29 06:11:07.996, 6294 MiB
2026/05/29 06:11:08.996, 6294 MiB
2026/05/29 06:11:09.996, 6294 MiB
2026/05/29 06:11:10.996, 2634 MiB
2026/05/29 06:11:11.997, 2634 MiB
2026/05/29 06:11:12.997, 2634 MiB
2026/05/29 06:11:13.997, 2634 MiB
2026/05/29 06:11:14.997, 2634 MiB
2026/05/29 06:11:15.998, 2634 MiB
2026/05/29 06:11:16.998, 2634 MiB
2026/05/29 06:11:17.998, 2634 MiB
2026/05/29 06:11:18.999, 2634 MiB
2026/05/29 06:11:19.999, 2634 MiB
2026/05/29 06:11:20.999, 2634 MiB
2026/05/29 06:11:21.999, 2634 MiB
2026/05/29 06:11:23.000, 2631 MiB
2026/05/29 06:11:24.000, 2631 MiB
2026/05/29 06:11:25.000, 2631 MiB
2026/05/29 06:11:26.000, 2631 MiB
2026/05/29 06:11:27.001, 2638 MiB
2026/05/29 06:11:28.002, 2638 MiB
2026/05/29 06:11:29.002, 2638 MiB
2026/05/29 06:11:30.009, 2638 MiB
2026/05/29 06:11:31.009, 2638 MiB
2026/05/29 06:11:32.010, 2639 MiB
2026/05/29 06:11:33.010, 2639 MiB
2026/05/29 06:11:34.015, 2639 MiB
2026/05/29 06:11:35.015, 2639 MiB
2026/05/29 06:11:36.016, 2639 MiB
2026/05/29 06:11:37.016, 2639 MiB
2026/05/29 06:11:38.017, 2639 MiB
2026/05/29 06:11:39.017, 2639 MiB
2026/05/29 06:11:40.017, 2639 MiB
2026/05/29 06:11:41.017, 2639 MiB
2026/05/29 06:11:42.018, 2639 MiB
2026/05/29 06:11:43.019, 2639 MiB
2026/05/29 06:11:44.020, 2639 MiB
2026/05/29 06:11:45.020, 2639 MiB
2026/05/29 06:11:46.020, 2639 MiB
2026/05/29 06:11:47.021, 2639 MiB
2026/05/29 06:11:48.021, 2639 MiB
2026/05/29 06:11:49.021, 2839 MiB
2026/05/29 06:11:50.021, 6294 MiB
2026/05/29 06:11:51.022, 6294 MiB
2026/05/29 06:11:52.022, 6294 MiB
2026/05/29 06:11:53.022, 2631 MiB
2026/05/29 06:11:54.022, 2631 MiB
2026/05/29 06:11:55.023, 2631 MiB
2026/05/29 06:11:56.023, 2627 MiB
2026/05/29 06:11:57.023, 2627 MiB
2026/05/29 06:11:58.023, 2627 MiB
2026/05/29 06:11:59.024, 2639 MiB
2026/05/29 06:12:00.025, 2639 MiB
2026/05/29 06:12:01.025, 2639 MiB
2026/05/29 06:12:02.025, 2639 MiB
2026/05/29 06:12:03.026, 2639 MiB
2026/05/29 06:12:04.026, 2639 MiB
2026/05/29 06:12:05.026, 2639 MiB
2026/05/29 06:12:06.026, 2639 MiB
2026/05/29 06:12:07.027, 2639 MiB
2026/05/29 06:12:08.027, 2639 MiB
2026/05/29 06:12:09.027, 2639 MiB
2026/05/29 06:12:10.028, 2638 MiB
2026/05/29 06:12:11.028, 2638 MiB
2026/05/29 06:12:12.029, 2638 MiB
2026/05/29 06:12:13.029, 2638 MiB
2026/05/29 06:12:14.029, 2638 MiB
2026/05/29 06:12:15.032, 2638 MiB
2026/05/29 06:12:16.032, 2638 MiB
2026/05/29 06:12:17.033, 2639 MiB
2026/05/29 06:12:18.033, 2639 MiB
2026/05/29 06:12:19.034, 2639 MiB
2026/05/29 06:12:20.034, 2639 MiB
2026/05/29 06:12:21.034, 2639 MiB
2026/05/29 06:12:22.034, 2639 MiB
2026/05/29 06:12:23.035, 2639 MiB
2026/05/29 06:12:24.035, 2639 MiB
2026/05/29 06:12:25.036, 2639 MiB
2026/05/29 06:12:26.036, 2639 MiB
2026/05/29 06:12:27.037, 2639 MiB
2026/05/29 06:12:28.037, 2639 MiB
2026/05/29 06:12:29.037, 2639 MiB
2026/05/29 06:12:30.038, 2639 MiB
2026/05/29 06:12:31.039, 2639 MiB
2026/05/29 06:12:32.039, 6299 MiB
2026/05/29 06:12:33.039, 6299 MiB
2026/05/29 06:12:34.039, 6299 MiB
2026/05/29 06:12:35.040, 8758 MiB
2026/05/29 06:12:36.040, 2638 MiB
2026/05/29 06:12:37.040, 2634 MiB
2026/05/29 06:12:38.040, 2631 MiB
2026/05/29 06:12:39.041, 2638 MiB
2026/05/29 06:12:40.041, 2638 MiB
2026/05/29 06:12:41.041, 2638 MiB
2026/05/29 06:12:42.042, 2638 MiB
2026/05/29 06:12:43.042, 2638 MiB
2026/05/29 06:12:44.042, 2639 MiB
2026/05/29 06:12:45.042, 2639 MiB
2026/05/29 06:12:46.043, 2639 MiB
2026/05/29 06:12:47.043, 2639 MiB
2026/05/29 06:12:48.044, 2639 MiB
2026/05/29 06:12:49.044, 2639 MiB
2026/05/29 06:12:50.044, 2639 MiB
2026/05/29 06:12:51.044, 2639 MiB
2026/05/29 06:12:52.045, 2639 MiB
2026/05/29 06:12:53.045, 2640 MiB
2026/05/29 06:12:54.045, 2640 MiB
2026/05/29 06:12:55.045, 2639 MiB
2026/05/29 06:12:56.046, 2636 MiB
2026/05/29 06:12:57.046, 2636 MiB
2026/05/29 06:12:58.047, 2639 MiB
2026/05/29 06:12:59.048, 2639 MiB
2026/05/29 06:13:00.048, 2639 MiB
2026/05/29 06:13:01.048, 2639 MiB
2026/05/29 06:13:02.048, 2639 MiB
2026/05/29 06:13:03.049, 2639 MiB
2026/05/29 06:13:04.049, 2639 MiB
2026/05/29 06:13:05.049, 2639 MiB
2026/05/29 06:13:06.049, 2639 MiB
2026/05/29 06:13:07.050, 2639 MiB
2026/05/29 06:13:08.051, 2639 MiB
2026/05/29 06:13:09.051, 2639 MiB
2026/05/29 06:13:10.051, 2639 MiB
2026/05/29 06:13:11.051, 2639 MiB
2026/05/29 06:13:12.052, 2639 MiB
2026/05/29 06:13:13.052, 2639 MiB
2026/05/29 06:13:14.052, 2639 MiB
2026/05/29 06:13:15.053, 2639 MiB
2026/05/29 06:13:16.054, 6300 MiB
2026/05/29 06:13:17.054, 6300 MiB
2026/05/29 06:13:18.054, 6303 MiB
2026/05/29 06:13:19.054, 2642 MiB
2026/05/29 06:13:20.055, 2642 MiB
2026/05/29 06:13:21.055, 2634 MiB
2026/05/29 06:13:22.055, 2634 MiB
2026/05/29 06:13:23.055, 8354 MiB
2026/05/29 06:13:24.056, 8351 MiB
2026/05/29 06:13:25.056, 8351 MiB
2026/05/29 06:13:26.056, 8359 MiB
2026/05/29 06:13:27.056, 8359 MiB
2026/05/29 06:13:28.057, 8359 MiB
2026/05/29 06:13:29.057, 8354 MiB
2026/05/29 06:13:30.057, 8350 MiB
2026/05/29 06:13:31.057, 2627 MiB
2026/05/29 06:13:32.057, 8347 MiB
2026/05/29 06:13:33.058, 2627 MiB
2026/05/29 06:13:34.058, 8347 MiB
2026/05/29 06:13:35.058, 8347 MiB
2026/05/29 06:13:36.059, 8347 MiB
2026/05/29 06:13:37.059, 8347 MiB
2026/05/29 06:13:38.059, 8347 MiB
2026/05/29 06:13:39.059, 8359 MiB
2026/05/29 06:13:40.060, 8359 MiB
2026/05/29 06:13:41.060, 8359 MiB
2026/05/29 06:13:42.060, 2634 MiB
2026/05/29 06:13:43.060, 8350 MiB
2026/05/29 06:13:44.061, 2634 MiB
2026/05/29 06:13:45.061, 8354 MiB
2026/05/29 06:13:46.061, 8354 MiB
2026/05/29 06:13:47.061, 2630 MiB
2026/05/29 06:13:48.062, 8350 MiB
2026/05/29 06:13:49.062, 2630 MiB
2026/05/29 06:13:50.062, 8347 MiB
2026/05/29 06:13:51.062, 8347 MiB
2026/05/29 06:13:52.063, 2627 MiB
2026/05/29 06:13:53.063, 8347 MiB
2026/05/29 06:13:54.063, 2627 MiB
2026/05/29 06:13:55.064, 8347 MiB
2026/05/29 06:13:56.064, 6707 MiB
2026/05/29 06:13:57.064, 8347 MiB
2026/05/29 06:13:58.064, 2627 MiB
2026/05/29 06:13:59.065, 8347 MiB
2026/05/29 06:14:00.065, 8359 MiB
2026/05/29 06:14:01.065, 5299 MiB
2026/05/29 06:14:02.065, 8359 MiB
2026/05/29 06:14:03.066, 8359 MiB
2026/05/29 06:14:04.066, 8350 MiB
2026/05/29 06:14:05.066, 8350 MiB
2026/05/29 06:14:06.067, 7799 MiB
2026/05/29 06:14:07.067, 8359 MiB
2026/05/29 06:14:08.067, 8359 MiB
2026/05/29 06:14:09.068, 8350 MiB
2026/05/29 06:14:10.068, 2630 MiB
2026/05/29 06:14:11.069, 8347 MiB
2026/05/29 06:14:12.069, 5147 MiB
2026/05/29 06:14:13.069, 8347 MiB
2026/05/29 06:14:14.069, 2627 MiB
2026/05/29 06:14:15.070, 8347 MiB
2026/05/29 06:14:16.070, 8347 MiB
2026/05/29 06:14:17.070, 8347 MiB
2026/05/29 06:14:18.070, 8347 MiB
2026/05/29 06:14:19.071, 8347 MiB
2026/05/29 06:14:20.071, 2627 MiB
2026/05/29 06:14:21.072, 8347 MiB
2026/05/29 06:14:22.072, 8359 MiB
2026/05/29 06:14:23.072, 8359 MiB
2026/05/29 06:14:24.072, 2639 MiB
2026/05/29 06:14:25.073, 8350 MiB
2026/05/29 06:14:26.073, 8350 MiB
2026/05/29 06:14:27.073, 6054 MiB
2026/05/29 06:14:28.073, 8354 MiB
2026/05/29 06:14:29.074, 4114 MiB
2026/05/29 06:14:30.074, 8350 MiB
2026/05/29 06:14:31.074, 8350 MiB
2026/05/29 06:14:32.075, 3087 MiB
2026/05/29 06:14:33.075, 8347 MiB
2026/05/29 06:14:34.075, 8347 MiB
2026/05/29 06:14:35.075, 8347 MiB
2026/05/29 06:14:36.075, 2627 MiB
2026/05/29 06:14:37.076, 8347 MiB
2026/05/29 06:14:38.076, 2627 MiB
2026/05/29 06:14:39.076, 8347 MiB
2026/05/29 06:14:40.076, 8347 MiB
2026/05/29 06:14:41.077, 8347 MiB
2026/05/29 06:14:42.077, 2627 MiB
2026/05/29 06:14:43.077, 8347 MiB
2026/05/29 06:14:44.077, 8347 MiB
2026/05/29 06:14:45.078, 2627 MiB
2026/05/29 06:14:46.078, 8347 MiB
2026/05/29 06:14:47.078, 8347 MiB
2026/05/29 06:14:48.079, 5607 MiB
2026/05/29 06:14:49.079, 8347 MiB
2026/05/29 06:14:50.079, 2627 MiB
2026/05/29 06:14:51.079, 8359 MiB
2026/05/29 06:14:52.080, 2639 MiB
2026/05/29 06:14:53.080, 8359 MiB
2026/05/29 06:14:54.080, 8359 MiB
2026/05/29 06:14:55.081, 8350 MiB
2026/05/29 06:14:56.081, 8347 MiB
2026/05/29 06:14:57.081, 8347 MiB
2026/05/29 06:14:58.082, 8347 MiB
2026/05/29 06:14:59.082, 2687 MiB
2026/05/29 06:15:00.082, 8347 MiB
2026/05/29 06:15:01.082, 8347 MiB
2026/05/29 06:15:02.083, 8347 MiB
2026/05/29 06:15:03.083, 8347 MiB
2026/05/29 06:15:04.083, 8347 MiB
2026/05/29 06:15:05.084, 8347 MiB
2026/05/29 06:15:06.084, 8347 MiB
2026/05/29 06:15:07.084, 8347 MiB
2026/05/29 06:15:08.085, 8347 MiB
2026/05/29 06:15:09.085, 7487 MiB
2026/05/29 06:15:10.085, 8347 MiB
2026/05/29 06:15:11.085, 8347 MiB
2026/05/29 06:15:12.086, 8347 MiB
2026/05/29 06:15:13.086, 2627 MiB
2026/05/29 06:15:14.086, 8347 MiB
2026/05/29 06:15:15.086, 8347 MiB
2026/05/29 06:15:16.087, 8359 MiB
2026/05/29 06:15:17.087, 2639 MiB
2026/05/29 06:15:18.087, 8354 MiB
2026/05/29 06:15:19.087, 3890 MiB
2026/05/29 06:15:20.088, 8350 MiB
2026/05/29 06:15:21.088, 8354 MiB
2026/05/29 06:15:22.088, 8354 MiB
2026/05/29 06:15:23.089, 8354 MiB
2026/05/29 06:15:24.089, 8354 MiB
2026/05/29 06:15:25.090, 5034 MiB
2026/05/29 06:15:26.090, 8347 MiB
2026/05/29 06:15:27.090, 8347 MiB
2026/05/29 06:15:28.091, 8359 MiB
2026/05/29 06:15:29.091, 2639 MiB
2026/05/29 06:15:30.091, 8354 MiB
2026/05/29 06:15:31.092, 2634 MiB
2026/05/29 06:15:32.092, 2630 MiB
2026/05/29 06:15:33.092, 2630 MiB
2026/05/29 06:15:34.092, 2627 MiB
2026/05/29 06:15:35.092, 2627 MiB
2026/05/29 06:15:36.093, 2627 MiB
2026/05/29 06:15:37.093, 2639 MiB
2026/05/29 06:15:38.093, 2639 MiB
2026/05/29 06:15:39.094, 2639 MiB
2026/05/29 06:15:40.094, 2639 MiB
2026/05/29 06:15:41.094, 2639 MiB
2026/05/29 06:15:42.094, 2639 MiB
2026/05/29 06:15:43.094, 2639 MiB
2026/05/29 06:15:44.095, 2639 MiB
2026/05/29 06:15:45.095, 2639 MiB
2026/05/29 06:15:46.095, 2639 MiB
2026/05/29 06:15:47.096, 2639 MiB
2026/05/29 06:15:48.097, 2639 MiB
2026/05/29 06:15:49.097, 2639 MiB
2026/05/29 06:15:50.097, 2639 MiB
2026/05/29 06:15:51.098, 2639 MiB
2026/05/29 06:15:52.098, 2639 MiB
2026/05/29 06:15:53.098, 2639 MiB
2026/05/29 06:15:54.099, 2639 MiB
2026/05/29 06:15:55.100, 2639 MiB
2026/05/29 06:15:56.100, 2639 MiB
2026/05/29 06:15:57.100, 2639 MiB
2026/05/29 06:15:58.100, 2638 MiB
2026/05/29 06:15:59.101, 2638 MiB
2026/05/29 06:16:00.101, 2635 MiB
2026/05/29 06:16:01.101, 2635 MiB
2026/05/29 06:16:02.101, 2635 MiB
2026/05/29 06:16:03.102, 2642 MiB
2026/05/29 06:16:04.103, 2642 MiB
2026/05/29 06:16:05.103, 2642 MiB
2026/05/29 06:16:06.104, 2638 MiB
2026/05/29 06:16:07.104, 2638 MiB
2026/05/29 06:16:08.104, 2639 MiB
2026/05/29 06:16:09.104, 2639 MiB
2026/05/29 06:16:10.105, 2639 MiB
2026/05/29 06:16:11.105, 6299 MiB
2026/05/29 06:16:12.105, 6319 MiB
2026/05/29 06:16:13.106, 2639 MiB
2026/05/29 06:16:14.106, 2639 MiB
2026/05/29 06:16:15.106, 2638 MiB
2026/05/29 06:16:16.106, 2638 MiB
2026/05/29 06:16:17.107, 2634 MiB
2026/05/29 06:16:18.107, 2634 MiB
2026/05/29 06:16:19.107, 2634 MiB
2026/05/29 06:16:20.107, 2634 MiB
2026/05/29 06:16:21.108, 2634 MiB
2026/05/29 06:16:22.108, 2634 MiB
2026/05/29 06:16:23.108, 2634 MiB
2026/05/29 06:16:24.108, 2634 MiB
2026/05/29 06:16:25.109, 2634 MiB
2026/05/29 06:16:26.109, 2634 MiB
2026/05/29 06:16:27.109, 2634 MiB
2026/05/29 06:16:28.109, 2634 MiB
2026/05/29 06:16:29.111, 2634 MiB
2026/05/29 06:16:30.111, 2634 MiB
2026/05/29 06:16:31.111, 2634 MiB
2026/05/29 06:16:32.111, 2634 MiB
2026/05/29 06:16:33.112, 2634 MiB
2026/05/29 06:16:34.112, 2634 MiB
2026/05/29 06:16:35.117, 2634 MiB
2026/05/29 06:16:36.117, 2634 MiB
2026/05/29 06:16:37.117, 2634 MiB
2026/05/29 06:16:38.118, 2634 MiB
2026/05/29 06:16:39.118, 2634 MiB
2026/05/29 06:16:40.118, 2634 MiB
2026/05/29 06:16:41.119, 2634 MiB
2026/05/29 06:16:42.136, 2634 MiB
2026/05/29 06:16:43.136, 2634 MiB
2026/05/29 06:16:44.137, 2634 MiB
2026/05/29 06:16:45.137, 2634 MiB
2026/05/29 06:16:46.137, 2634 MiB
2026/05/29 06:16:47.137, 2634 MiB
2026/05/29 06:16:48.138, 2634 MiB
2026/05/29 06:16:49.138, 2634 MiB
2026/05/29 06:16:50.139, 2634 MiB
2026/05/29 06:16:51.140, 2634 MiB
2026/05/29 06:16:52.140, 6314 MiB
2026/05/29 06:16:53.140, 6314 MiB
2026/05/29 06:16:54.140, 6314 MiB
2026/05/29 06:16:55.141, 7274 MiB
2026/05/29 06:16:56.141, 2654 MiB
2026/05/29 06:16:57.141, 2654 MiB
2026/05/29 06:16:58.142, 2654 MiB
2026/05/29 06:16:59.142, 2654 MiB
2026/05/29 06:17:00.142, 2654 MiB
2026/05/29 06:17:01.143, 2654 MiB
2026/05/29 06:17:02.143, 2654 MiB
2026/05/29 06:17:03.143, 2654 MiB
2026/05/29 06:17:04.144, 2654 MiB
2026/05/29 06:17:05.144, 2654 MiB
2026/05/29 06:17:06.144, 2654 MiB
2026/05/29 06:17:07.145, 2654 MiB
2026/05/29 06:17:08.145, 2654 MiB
2026/05/29 06:17:09.145, 2654 MiB
2026/05/29 06:17:10.146, 2654 MiB
2026/05/29 06:17:11.146, 2654 MiB
2026/05/29 06:17:12.147, 2654 MiB
2026/05/29 06:17:13.148, 2654 MiB
2026/05/29 06:17:14.148, 2654 MiB
2026/05/29 06:17:15.149, 2654 MiB
2026/05/29 06:17:16.149, 2654 MiB
2026/05/29 06:17:17.149, 2654 MiB
2026/05/29 06:17:18.150, 2654 MiB
2026/05/29 06:17:19.150, 2654 MiB
2026/05/29 06:17:20.151, 2654 MiB
2026/05/29 06:17:21.152, 2654 MiB
2026/05/29 06:17:22.153, 2654 MiB
2026/05/29 06:17:23.154, 2654 MiB
2026/05/29 06:17:24.154, 2654 MiB
2026/05/29 06:17:25.154, 2654 MiB
2026/05/29 06:17:26.155, 2654 MiB
2026/05/29 06:17:27.159, 2654 MiB
2026/05/29 06:17:28.160, 2654 MiB
2026/05/29 06:17:29.160, 2654 MiB
2026/05/29 06:17:30.161, 2654 MiB
2026/05/29 06:17:31.161, 2654 MiB
2026/05/29 06:17:32.161, 2654 MiB
2026/05/29 06:17:33.162, 2654 MiB
2026/05/29 06:17:34.162, 2674 MiB
2026/05/29 06:17:35.162, 6334 MiB
2026/05/29 06:17:36.162, 6334 MiB
2026/05/29 06:17:37.163, 6334 MiB
2026/05/29 06:17:38.163, 8654 MiB
2026/05/29 06:17:39.163, 2654 MiB
2026/05/29 06:17:40.164, 2659 MiB
2026/05/29 06:17:41.164, 2659 MiB
2026/05/29 06:17:42.164, 2659 MiB
2026/05/29 06:17:43.167, 2659 MiB
2026/05/29 06:17:44.168, 2659 MiB
2026/05/29 06:17:45.168, 2659 MiB
2026/05/29 06:17:46.168, 2659 MiB
2026/05/29 06:17:47.169, 2659 MiB
2026/05/29 06:17:48.169, 2659 MiB
2026/05/29 06:17:49.169, 2659 MiB
2026/05/29 06:17:50.170, 2659 MiB
2026/05/29 06:17:51.170, 2659 MiB
2026/05/29 06:17:52.170, 2659 MiB
2026/05/29 06:17:53.171, 2659 MiB
2026/05/29 06:17:54.172, 2659 MiB
2026/05/29 06:17:55.172, 2659 MiB
2026/05/29 06:17:56.173, 2659 MiB
2026/05/29 06:17:57.174, 2659 MiB
2026/05/29 06:17:58.175, 2659 MiB
2026/05/29 06:17:59.176, 2659 MiB
2026/05/29 06:18:00.176, 2659 MiB
2026/05/29 06:18:01.176, 2659 MiB
2026/05/29 06:18:02.177, 2659 MiB
2026/05/29 06:18:03.178, 2659 MiB
2026/05/29 06:18:04.179, 2659 MiB
2026/05/29 06:18:05.179, 2659 MiB
2026/05/29 06:18:06.180, 2658 MiB
2026/05/29 06:18:07.180, 2658 MiB
2026/05/29 06:18:08.180, 2654 MiB
2026/05/29 06:18:09.181, 2654 MiB
2026/05/29 06:18:10.181, 2654 MiB
2026/05/29 06:18:11.181, 2654 MiB
2026/05/29 06:18:12.182, 2654 MiB
2026/05/29 06:18:13.183, 2654 MiB
2026/05/29 06:18:14.183, 2654 MiB
2026/05/29 06:18:15.184, 2654 MiB
2026/05/29 06:18:16.184, 2654 MiB
2026/05/29 06:18:17.184, 6314 MiB
2026/05/29 06:18:18.185, 6334 MiB
2026/05/29 06:18:19.185, 6334 MiB
2026/05/29 06:18:20.185, 3574 MiB
2026/05/29 06:18:21.186, 2634 MiB
2026/05/29 06:18:22.186, 2639 MiB
2026/05/29 06:18:23.187, 2639 MiB
2026/05/29 06:18:24.187, 2639 MiB
2026/05/29 06:18:25.188, 2639 MiB
2026/05/29 06:18:26.188, 2639 MiB
2026/05/29 06:18:27.188, 2639 MiB
2026/05/29 06:18:28.189, 2639 MiB
2026/05/29 06:18:29.189, 2639 MiB
2026/05/29 06:18:30.189, 2639 MiB
2026/05/29 06:18:31.190, 2639 MiB
2026/05/29 06:18:32.190, 2639 MiB
2026/05/29 06:18:33.191, 2639 MiB
2026/05/29 06:18:34.191, 2639 MiB
2026/05/29 06:18:35.191, 2639 MiB
2026/05/29 06:18:36.191, 2639 MiB
2026/05/29 06:18:37.192, 2639 MiB
2026/05/29 06:18:38.192, 2639 MiB
2026/05/29 06:18:39.193, 2639 MiB
2026/05/29 06:18:40.193, 2639 MiB
2026/05/29 06:18:41.193, 2639 MiB
2026/05/29 06:18:42.194, 2639 MiB
2026/05/29 06:18:43.194, 2639 MiB
2026/05/29 06:18:44.194, 2639 MiB
2026/05/29 06:18:45.194, 2639 MiB
2026/05/29 06:18:46.195, 2639 MiB
2026/05/29 06:18:47.195, 2638 MiB
2026/05/29 06:18:48.195, 2638 MiB
2026/05/29 06:18:49.196, 2634 MiB
2026/05/29 06:18:50.196, 2634 MiB
2026/05/29 06:18:51.196, 2634 MiB
2026/05/29 06:18:52.196, 2634 MiB
2026/05/29 06:18:53.197, 2634 MiB
2026/05/29 06:18:54.197, 2634 MiB
2026/05/29 06:18:55.197, 2634 MiB
2026/05/29 06:18:56.198, 2634 MiB
2026/05/29 06:18:57.198, 2634 MiB
2026/05/29 06:18:58.200, 2638 MiB
2026/05/29 06:18:59.201, 6299 MiB
2026/05/29 06:19:00.201, 6319 MiB
2026/05/29 06:19:01.201, 6319 MiB
2026/05/29 06:19:02.202, 3779 MiB
2026/05/29 06:19:03.202, 2638 MiB
2026/05/29 06:19:04.203, 2634 MiB
2026/05/29 06:19:05.203, 2634 MiB
2026/05/29 06:19:06.203, 2634 MiB
2026/05/29 06:19:07.203, 2634 MiB
2026/05/29 06:19:08.204, 2634 MiB
2026/05/29 06:19:09.204, 2631 MiB
2026/05/29 06:19:10.204, 2631 MiB
2026/05/29 06:19:11.205, 2631 MiB
2026/05/29 06:19:12.205, 2631 MiB
2026/05/29 06:19:13.205, 2631 MiB
2026/05/29 06:19:14.205, 2631 MiB
2026/05/29 06:19:15.206, 2638 MiB
2026/05/29 06:19:16.206, 2638 MiB
2026/05/29 06:19:17.207, 2638 MiB
2026/05/29 06:19:18.207, 2638 MiB
2026/05/29 06:19:19.208, 2638 MiB
2026/05/29 06:19:20.209, 2639 MiB
2026/05/29 06:19:21.209, 2639 MiB
2026/05/29 06:19:22.211, 2639 MiB
2026/05/29 06:19:23.212, 2639 MiB
2026/05/29 06:19:24.212, 2639 MiB
2026/05/29 06:19:25.212, 2639 MiB
2026/05/29 06:19:26.213, 2639 MiB
2026/05/29 06:19:27.214, 2639 MiB
2026/05/29 06:19:28.214, 2639 MiB
2026/05/29 06:19:29.214, 2639 MiB
2026/05/29 06:19:30.216, 2639 MiB
2026/05/29 06:19:31.216, 2639 MiB
2026/05/29 06:19:32.216, 2639 MiB
2026/05/29 06:19:33.217, 2639 MiB
2026/05/29 06:19:34.218, 2639 MiB
2026/05/29 06:19:35.218, 2639 MiB
2026/05/29 06:19:36.219, 2639 MiB
2026/05/29 06:19:37.219, 2639 MiB
2026/05/29 06:19:38.219, 2639 MiB
2026/05/29 06:19:39.224, 2639 MiB
2026/05/29 06:19:40.224, 2634 MiB
2026/05/29 06:19:41.224, 6314 MiB
2026/05/29 06:19:42.225, 6314 MiB
2026/05/29 06:19:43.225, 6314 MiB
2026/05/29 06:19:44.225, 8834 MiB
2026/05/29 06:19:45.225, 2634 MiB
2026/05/29 06:19:46.226, 2634 MiB
2026/05/29 06:19:47.226, 2634 MiB
2026/05/29 06:19:48.226, 2634 MiB
2026/05/29 06:19:49.226, 2634 MiB
2026/05/29 06:19:50.227, 2634 MiB
2026/05/29 06:19:51.227, 2634 MiB
2026/05/29 06:19:52.227, 2634 MiB
2026/05/29 06:19:53.227, 2634 MiB
2026/05/29 06:19:54.228, 2634 MiB
2026/05/29 06:19:55.228, 2634 MiB
2026/05/29 06:19:56.228, 2634 MiB
2026/05/29 06:19:57.228, 2634 MiB
2026/05/29 06:19:58.229, 2634 MiB
2026/05/29 06:19:59.229, 2634 MiB
2026/05/29 06:20:00.229, 2634 MiB
2026/05/29 06:20:01.230, 2634 MiB
2026/05/29 06:20:02.230, 2634 MiB
2026/05/29 06:20:03.244, 2634 MiB
2026/05/29 06:20:04.244, 2634 MiB
2026/05/29 06:20:05.245, 2634 MiB
2026/05/29 06:20:06.245, 2634 MiB
2026/05/29 06:20:07.246, 2634 MiB
2026/05/29 06:20:08.248, 2634 MiB
2026/05/29 06:20:09.248, 2634 MiB
2026/05/29 06:20:10.248, 2634 MiB
2026/05/29 06:20:11.248, 2634 MiB
2026/05/29 06:20:12.249, 2634 MiB
2026/05/29 06:20:13.249, 2634 MiB
2026/05/29 06:20:14.250, 2634 MiB
2026/05/29 06:20:15.250, 2634 MiB
2026/05/29 06:20:16.251, 2634 MiB
2026/05/29 06:20:17.251, 2634 MiB
2026/05/29 06:20:18.252, 2634 MiB
2026/05/29 06:20:19.252, 2634 MiB
2026/05/29 06:20:20.252, 2634 MiB
2026/05/29 06:20:21.253, 2634 MiB
2026/05/29 06:20:22.254, 2634 MiB
2026/05/29 06:20:23.254, 6314 MiB
2026/05/29 06:20:24.255, 6314 MiB
2026/05/29 06:20:25.255, 6314 MiB
2026/05/29 06:20:26.255, 9054 MiB
2026/05/29 06:20:27.255, 2654 MiB
2026/05/29 06:20:28.256, 2654 MiB
2026/05/29 06:20:29.256, 2654 MiB
2026/05/29 06:20:30.256, 2654 MiB
2026/05/29 06:20:31.256, 2654 MiB
2026/05/29 06:20:32.257, 2654 MiB
2026/05/29 06:20:33.257, 2654 MiB
2026/05/29 06:20:34.257, 2654 MiB
2026/05/29 06:20:35.257, 2654 MiB
2026/05/29 06:20:36.258, 2654 MiB
2026/05/29 06:20:37.258, 2651 MiB
2026/05/29 06:20:38.258, 2651 MiB
2026/05/29 06:20:39.258, 2651 MiB
2026/05/29 06:20:40.259, 2658 MiB
2026/05/29 06:20:41.259, 2658 MiB
2026/05/29 06:20:42.259, 2658 MiB
2026/05/29 06:20:43.259, 2658 MiB
2026/05/29 06:20:44.262, 2658 MiB
2026/05/29 06:20:45.262, 2659 MiB
2026/05/29 06:20:46.262, 2659 MiB
2026/05/29 06:20:47.262, 2659 MiB
2026/05/29 06:20:48.264, 2659 MiB
2026/05/29 06:20:49.265, 2659 MiB
2026/05/29 06:20:50.265, 2659 MiB
2026/05/29 06:20:51.267, 2659 MiB
2026/05/29 06:20:52.267, 2659 MiB
2026/05/29 06:20:53.268, 2659 MiB
2026/05/29 06:20:54.268, 2659 MiB
2026/05/29 06:20:55.268, 2659 MiB
2026/05/29 06:20:56.269, 2659 MiB
2026/05/29 06:20:57.270, 2659 MiB
2026/05/29 06:20:58.270, 2659 MiB
2026/05/29 06:20:59.270, 2659 MiB
2026/05/29 06:21:00.270, 2659 MiB
2026/05/29 06:21:01.271, 2659 MiB
2026/05/29 06:21:02.271, 2659 MiB
2026/05/29 06:21:03.271, 2659 MiB
2026/05/29 06:21:04.272, 2658 MiB
2026/05/29 06:21:05.272, 6014 MiB
2026/05/29 06:21:06.273, 6014 MiB
2026/05/29 06:21:07.273, 6014 MiB
2026/05/29 06:21:08.282, 7954 MiB
2026/05/29 06:21:09.283, 2634 MiB
2026/05/29 06:21:10.283, 2634 MiB
2026/05/29 06:21:11.283, 2634 MiB
2026/05/29 06:21:12.283, 2634 MiB
2026/05/29 06:21:13.284, 2634 MiB
2026/05/29 06:21:14.284, 2634 MiB
2026/05/29 06:21:15.284, 2634 MiB
2026/05/29 06:21:16.285, 2634 MiB
2026/05/29 06:21:17.285, 2634 MiB
2026/05/29 06:21:18.285, 2634 MiB
2026/05/29 06:21:19.285, 2634 MiB
2026/05/29 06:21:20.286, 2634 MiB
2026/05/29 06:21:21.286, 2634 MiB
2026/05/29 06:21:22.286, 2634 MiB
2026/05/29 06:21:23.286, 2634 MiB
2026/05/29 06:21:24.287, 2634 MiB
2026/05/29 06:21:25.287, 2634 MiB
2026/05/29 06:21:26.287, 2634 MiB
2026/05/29 06:21:27.288, 2634 MiB
2026/05/29 06:21:28.288, 2634 MiB
2026/05/29 06:21:29.288, 2634 MiB
2026/05/29 06:21:30.289, 2634 MiB
2026/05/29 06:21:31.289, 2634 MiB
2026/05/29 06:21:32.291, 2634 MiB
2026/05/29 06:21:33.291, 2634 MiB
2026/05/29 06:21:34.291, 2634 MiB
2026/05/29 06:21:35.291, 2634 MiB
2026/05/29 06:21:36.292, 2634 MiB
2026/05/29 06:21:37.292, 2634 MiB
2026/05/29 06:21:38.292, 2634 MiB
2026/05/29 06:21:39.294, 2634 MiB
2026/05/29 06:21:40.294, 2634 MiB
2026/05/29 06:21:41.294, 2634 MiB
2026/05/29 06:21:42.294, 2634 MiB
2026/05/29 06:21:43.295, 2634 MiB
2026/05/29 06:21:44.295, 2634 MiB
2026/05/29 06:21:45.295, 2634 MiB
2026/05/29 06:21:46.296, 2634 MiB
2026/05/29 06:21:47.296, 6314 MiB
2026/05/29 06:21:48.297, 6314 MiB
2026/05/29 06:21:49.297, 6314 MiB
2026/05/29 06:21:50.297, 7494 MiB
2026/05/29 06:21:51.297, 2634 MiB
2026/05/29 06:21:52.298, 2634 MiB
2026/05/29 06:21:53.298, 2634 MiB
2026/05/29 06:21:54.298, 2634 MiB
2026/05/29 06:21:55.299, 2634 MiB
2026/05/29 06:21:56.299, 2634 MiB
2026/05/29 06:21:57.299, 2634 MiB
2026/05/29 06:21:58.299, 2634 MiB
2026/05/29 06:21:59.300, 2634 MiB
2026/05/29 06:22:00.300, 2634 MiB
2026/05/29 06:22:01.300, 2634 MiB
2026/05/29 06:22:02.301, 2631 MiB
2026/05/29 06:22:03.301, 2636 MiB
2026/05/29 06:22:04.301, 2636 MiB
2026/05/29 06:22:05.302, 2636 MiB
2026/05/29 06:22:06.302, 2636 MiB
2026/05/29 06:22:07.302, 2636 MiB
2026/05/29 06:22:08.304, 2636 MiB
2026/05/29 06:22:09.305, 2636 MiB
2026/05/29 06:22:10.305, 2636 MiB
2026/05/29 06:22:11.305, 2636 MiB
2026/05/29 06:22:12.306, 2636 MiB
2026/05/29 06:22:13.306, 2639 MiB
2026/05/29 06:22:14.306, 2639 MiB
2026/05/29 06:22:15.312, 2639 MiB
2026/05/29 06:22:16.312, 2639 MiB
2026/05/29 06:22:17.313, 2639 MiB
2026/05/29 06:22:18.314, 2639 MiB
2026/05/29 06:22:19.314, 2639 MiB
2026/05/29 06:22:20.314, 2639 MiB
2026/05/29 06:22:21.315, 2639 MiB
2026/05/29 06:22:22.316, 2639 MiB
2026/05/29 06:22:23.316, 2639 MiB
2026/05/29 06:22:24.316, 2639 MiB
2026/05/29 06:22:25.316, 2639 MiB
2026/05/29 06:22:26.317, 2639 MiB
2026/05/29 06:22:27.319, 2639 MiB
2026/05/29 06:22:28.319, 2639 MiB
2026/05/29 06:22:29.319, 6299 MiB
2026/05/29 06:22:30.320, 6319 MiB
2026/05/29 06:22:31.320, 6319 MiB
2026/05/29 06:22:32.321, 3358 MiB
2026/05/29 06:22:33.321, 2658 MiB
2026/05/29 06:22:34.321, 2654 MiB
2026/05/29 06:22:35.321, 2654 MiB
2026/05/29 06:22:36.322, 2654 MiB
2026/05/29 06:22:37.322, 2654 MiB
2026/05/29 06:22:38.322, 2654 MiB
2026/05/29 06:22:39.322, 2654 MiB
2026/05/29 06:22:40.323, 2654 MiB
2026/05/29 06:22:41.323, 2654 MiB
2026/05/29 06:22:42.323, 2654 MiB
2026/05/29 06:22:43.323, 2654 MiB
2026/05/29 06:22:44.324, 2656 MiB
2026/05/29 06:22:45.324, 2656 MiB
2026/05/29 06:22:46.324, 2656 MiB
2026/05/29 06:22:47.325, 2656 MiB
2026/05/29 06:22:48.326, 2656 MiB
2026/05/29 06:22:49.327, 2656 MiB
2026/05/29 06:22:50.327, 2656 MiB
2026/05/29 06:22:51.327, 2656 MiB
2026/05/29 06:22:52.328, 2656 MiB
2026/05/29 06:22:53.328, 2656 MiB
2026/05/29 06:22:54.328, 2659 MiB
2026/05/29 06:22:55.329, 2659 MiB
2026/05/29 06:22:56.329, 2659 MiB
2026/05/29 06:22:57.329, 2659 MiB
2026/05/29 06:22:58.330, 2659 MiB
2026/05/29 06:22:59.330, 2659 MiB
2026/05/29 06:23:00.330, 2659 MiB
2026/05/29 06:23:01.331, 2659 MiB
2026/05/29 06:23:02.331, 2659 MiB
2026/05/29 06:23:03.331, 2659 MiB
2026/05/29 06:23:04.332, 2659 MiB
2026/05/29 06:23:05.332, 2659 MiB
2026/05/29 06:23:06.333, 2659 MiB
2026/05/29 06:23:07.333, 2659 MiB
2026/05/29 06:23:08.333, 2659 MiB
2026/05/29 06:23:09.333, 2659 MiB
2026/05/29 06:23:10.334, 2658 MiB
2026/05/29 06:23:11.334, 2655 MiB
2026/05/29 06:23:12.334, 6335 MiB
2026/05/29 06:23:13.334, 6335 MiB
2026/05/29 06:23:14.335, 6336 MiB
2026/05/29 06:23:15.335, 8096 MiB
2026/05/29 06:23:16.335, 2676 MiB
2026/05/29 06:23:17.335, 2676 MiB
2026/05/29 06:23:18.336, 2676 MiB
2026/05/29 06:23:19.336, 2676 MiB
2026/05/29 06:23:20.336, 2676 MiB
2026/05/29 06:23:21.336, 2676 MiB
2026/05/29 06:23:22.337, 2676 MiB
2026/05/29 06:23:23.337, 2676 MiB
2026/05/29 06:23:24.337, 2676 MiB
2026/05/29 06:23:25.338, 2676 MiB
2026/05/29 06:23:26.338, 2676 MiB
2026/05/29 06:23:27.338, 2676 MiB
2026/05/29 06:23:28.339, 2676 MiB
2026/05/29 06:23:29.340, 2679 MiB
2026/05/29 06:23:30.340, 2679 MiB
2026/05/29 06:23:31.340, 2679 MiB
2026/05/29 06:23:32.341, 2679 MiB
2026/05/29 06:23:33.341, 2679 MiB
2026/05/29 06:23:34.342, 2679 MiB
2026/05/29 06:23:35.343, 2679 MiB
2026/05/29 06:23:36.343, 2679 MiB
2026/05/29 06:23:37.343, 2679 MiB
2026/05/29 06:23:38.344, 2679 MiB
2026/05/29 06:23:39.344, 2679 MiB
2026/05/29 06:23:40.344, 2679 MiB
2026/05/29 06:23:41.344, 2679 MiB
2026/05/29 06:23:42.346, 2679 MiB
2026/05/29 06:23:43.347, 2679 MiB
2026/05/29 06:23:44.347, 2679 MiB
2026/05/29 06:23:45.347, 2679 MiB
2026/05/29 06:23:46.347, 2679 MiB
2026/05/29 06:23:47.348, 2679 MiB
2026/05/29 06:23:48.348, 2679 MiB
2026/05/29 06:23:49.348, 2679 MiB
2026/05/29 06:23:50.349, 2679 MiB
2026/05/29 06:23:51.366, 2679 MiB
2026/05/29 06:23:52.366, 2859 MiB
2026/05/29 06:23:53.367, 6359 MiB
2026/05/29 06:23:54.367, 6354 MiB
2026/05/29 06:23:55.367, 6354 MiB
2026/05/29 06:23:56.368, 5595 MiB
2026/05/29 06:23:57.368, 2635 MiB
2026/05/29 06:23:58.369, 2635 MiB
2026/05/29 06:23:59.369, 2634 MiB
2026/05/29 06:24:00.369, 2634 MiB
2026/05/29 06:24:01.370, 2634 MiB
2026/05/29 06:24:02.370, 2634 MiB
2026/05/29 06:24:03.370, 2634 MiB
2026/05/29 06:24:04.370, 2634 MiB
2026/05/29 06:24:05.371, 2634 MiB
2026/05/29 06:24:06.371, 2634 MiB
2026/05/29 06:24:07.372, 2634 MiB
2026/05/29 06:24:08.372, 2634 MiB
2026/05/29 06:24:09.372, 2634 MiB
2026/05/29 06:24:10.374, 2634 MiB
2026/05/29 06:24:11.374, 2634 MiB
2026/05/29 06:24:12.374, 2634 MiB
2026/05/29 06:24:13.375, 2634 MiB
2026/05/29 06:24:14.376, 2634 MiB
2026/05/29 06:24:15.376, 2634 MiB
2026/05/29 06:24:16.378, 2634 MiB
2026/05/29 06:24:17.379, 2634 MiB
2026/05/29 06:24:18.381, 2634 MiB
2026/05/29 06:24:19.382, 2634 MiB
2026/05/29 06:24:20.383, 2634 MiB
2026/05/29 06:24:21.383, 2634 MiB
2026/05/29 06:24:22.383, 2634 MiB
2026/05/29 06:24:23.384, 2634 MiB
2026/05/29 06:24:24.384, 2634 MiB
2026/05/29 06:24:25.384, 2634 MiB
2026/05/29 06:24:26.384, 2634 MiB
2026/05/29 06:24:27.385, 2634 MiB
2026/05/29 06:24:28.385, 2634 MiB
2026/05/29 06:24:29.385, 2634 MiB
2026/05/29 06:24:30.386, 2634 MiB
2026/05/29 06:24:31.387, 2634 MiB
2026/05/29 06:24:32.387, 2634 MiB
2026/05/29 06:24:33.387, 2634 MiB
2026/05/29 06:24:34.388, 6294 MiB
2026/05/29 06:24:35.388, 6314 MiB
2026/05/29 06:24:36.388, 6314 MiB
2026/05/29 06:24:37.397, 2634 MiB
2026/05/29 06:24:38.398, 2634 MiB
2026/05/29 06:24:39.398, 2634 MiB
2026/05/29 06:24:40.398, 2634 MiB
2026/05/29 06:24:41.398, 2634 MiB
2026/05/29 06:24:42.399, 2634 MiB
2026/05/29 06:24:43.399, 2634 MiB
2026/05/29 06:24:44.399, 2634 MiB
2026/05/29 06:24:45.399, 2634 MiB
2026/05/29 06:24:46.400, 2631 MiB
2026/05/29 06:24:47.401, 2631 MiB
2026/05/29 06:24:48.401, 2636 MiB
2026/05/29 06:24:49.401, 2636 MiB
2026/05/29 06:24:50.401, 2636 MiB
2026/05/29 06:24:51.402, 2636 MiB
2026/05/29 06:24:52.402, 2636 MiB
2026/05/29 06:24:53.402, 2636 MiB
2026/05/29 06:24:54.404, 2636 MiB
2026/05/29 06:24:55.404, 2636 MiB
2026/05/29 06:24:56.404, 2636 MiB
2026/05/29 06:24:57.405, 2636 MiB
2026/05/29 06:24:58.405, 2639 MiB
2026/05/29 06:24:59.405, 2639 MiB
2026/05/29 06:25:00.406, 2639 MiB
2026/05/29 06:25:01.406, 2639 MiB
2026/05/29 06:25:02.407, 2639 MiB
2026/05/29 06:25:03.408, 2639 MiB
2026/05/29 06:25:04.408, 2639 MiB
2026/05/29 06:25:05.408, 2639 MiB
2026/05/29 06:25:06.409, 2639 MiB
2026/05/29 06:25:07.411, 2639 MiB
2026/05/29 06:25:08.412, 2639 MiB
2026/05/29 06:25:09.412, 2639 MiB
2026/05/29 06:25:10.413, 2639 MiB
2026/05/29 06:25:11.414, 2639 MiB
2026/05/29 06:25:12.414, 2639 MiB
2026/05/29 06:25:13.415, 2639 MiB
2026/05/29 06:25:14.416, 2639 MiB
2026/05/29 06:25:15.416, 2639 MiB
2026/05/29 06:25:16.416, 6299 MiB
2026/05/29 06:25:17.416, 6319 MiB
2026/05/29 06:25:18.417, 6323 MiB
2026/05/29 06:25:19.418, 2642 MiB
2026/05/29 06:25:20.418, 2662 MiB
2026/05/29 06:25:21.418, 2654 MiB
2026/05/29 06:25:22.419, 2654 MiB
2026/05/29 06:25:23.419, 2654 MiB
2026/05/29 06:25:24.419, 2654 MiB
2026/05/29 06:25:25.419, 2654 MiB
2026/05/29 06:25:26.420, 2654 MiB
2026/05/29 06:25:27.420, 2654 MiB
2026/05/29 06:25:28.420, 2654 MiB
2026/05/29 06:25:29.421, 2654 MiB
2026/05/29 06:25:30.421, 2654 MiB
2026/05/29 06:25:31.421, 2654 MiB
2026/05/29 06:25:32.421, 2654 MiB
2026/05/29 06:25:33.422, 2654 MiB
2026/05/29 06:25:34.422, 2654 MiB
2026/05/29 06:25:35.423, 2654 MiB
2026/05/29 06:25:36.423, 2654 MiB
2026/05/29 06:25:37.424, 2654 MiB
2026/05/29 06:25:38.424, 2654 MiB
2026/05/29 06:25:39.424, 2654 MiB
2026/05/29 06:25:40.424, 2654 MiB
2026/05/29 06:25:41.425, 2654 MiB
2026/05/29 06:25:42.425, 2654 MiB
2026/05/29 06:25:43.427, 2654 MiB
2026/05/29 06:25:44.427, 2654 MiB
2026/05/29 06:25:45.427, 2654 MiB
2026/05/29 06:25:46.428, 2654 MiB
2026/05/29 06:25:47.429, 2654 MiB
2026/05/29 06:25:48.429, 2654 MiB
2026/05/29 06:25:49.429, 2654 MiB
2026/05/29 06:25:50.430, 2654 MiB
2026/05/29 06:25:51.431, 2654 MiB
2026/05/29 06:25:52.431, 2654 MiB
2026/05/29 06:25:53.431, 2654 MiB
2026/05/29 06:25:54.432, 2654 MiB
2026/05/29 06:25:55.432, 2654 MiB
2026/05/29 06:25:56.433, 2654 MiB
2026/05/29 06:25:57.433, 2654 MiB
2026/05/29 06:25:58.433, 6014 MiB
2026/05/29 06:25:59.433, 6014 MiB
2026/05/29 06:26:00.434, 6014 MiB
2026/05/29 06:26:01.434, 8194 MiB
2026/05/29 06:26:02.434, 2634 MiB
2026/05/29 06:26:03.435, 2634 MiB
2026/05/29 06:26:04.436, 2634 MiB
2026/05/29 06:26:05.456, 2634 MiB
2026/05/29 06:26:06.456, 2634 MiB
2026/05/29 06:26:07.456, 2634 MiB
2026/05/29 06:26:08.456, 2634 MiB
2026/05/29 06:26:09.457, 2634 MiB
2026/05/29 06:26:10.457, 2634 MiB
2026/05/29 06:26:11.457, 2634 MiB
2026/05/29 06:26:12.458, 2634 MiB
2026/05/29 06:26:13.458, 2634 MiB
2026/05/29 06:26:14.459, 2634 MiB
2026/05/29 06:26:15.460, 2634 MiB
2026/05/29 06:26:16.460, 2634 MiB
2026/05/29 06:26:17.460, 2634 MiB
2026/05/29 06:26:18.461, 2634 MiB
2026/05/29 06:26:19.462, 2634 MiB
2026/05/29 06:26:20.462, 2634 MiB
2026/05/29 06:26:21.463, 2634 MiB
2026/05/29 06:26:22.463, 2634 MiB
2026/05/29 06:26:23.463, 2634 MiB
2026/05/29 06:26:24.463, 2634 MiB
2026/05/29 06:26:25.465, 2634 MiB
2026/05/29 06:26:26.465, 2634 MiB
2026/05/29 06:26:27.465, 2634 MiB
2026/05/29 06:26:28.466, 2634 MiB
2026/05/29 06:26:29.466, 2634 MiB
2026/05/29 06:26:30.466, 2634 MiB
2026/05/29 06:26:31.467, 2634 MiB
2026/05/29 06:26:32.467, 2634 MiB
2026/05/29 06:26:33.468, 2634 MiB
2026/05/29 06:26:34.470, 2634 MiB
2026/05/29 06:26:35.472, 2634 MiB
2026/05/29 06:26:36.472, 2634 MiB
2026/05/29 06:26:37.472, 2634 MiB
2026/05/29 06:26:38.473, 2634 MiB
2026/05/29 06:26:39.473, 2634 MiB
2026/05/29 06:26:40.473, 6314 MiB
2026/05/29 06:26:41.473, 6314 MiB
2026/05/29 06:26:42.474, 6314 MiB
2026/05/29 06:26:43.474, 8674 MiB
2026/05/29 06:26:44.474, 2634 MiB
2026/05/29 06:26:45.475, 2639 MiB
2026/05/29 06:26:46.475, 2639 MiB
2026/05/29 06:26:47.475, 2639 MiB
2026/05/29 06:26:48.476, 2639 MiB
2026/05/29 06:26:49.476, 2639 MiB
2026/05/29 06:26:50.476, 2639 MiB
2026/05/29 06:26:51.476, 2639 MiB
2026/05/29 06:26:52.477, 2639 MiB
2026/05/29 06:26:53.477, 2639 MiB
2026/05/29 06:26:54.477, 2639 MiB
2026/05/29 06:26:55.477, 2639 MiB
2026/05/29 06:26:56.478, 2639 MiB
2026/05/29 06:26:57.478, 2639 MiB
2026/05/29 06:26:58.479, 2639 MiB
2026/05/29 06:26:59.479, 2639 MiB
2026/05/29 06:27:00.480, 2639 MiB
2026/05/29 06:27:01.480, 2639 MiB
2026/05/29 06:27:02.491, 2639 MiB
2026/05/29 06:27:03.491, 2639 MiB
2026/05/29 06:27:04.492, 2639 MiB
2026/05/29 06:27:05.493, 2639 MiB
2026/05/29 06:27:06.493, 2639 MiB
2026/05/29 06:27:07.493, 2639 MiB
2026/05/29 06:27:08.494, 2639 MiB
2026/05/29 06:27:09.494, 2639 MiB
2026/05/29 06:27:10.494, 2639 MiB
2026/05/29 06:27:11.494, 2639 MiB
2026/05/29 06:27:12.496, 2639 MiB
2026/05/29 06:27:13.496, 2639 MiB
2026/05/29 06:27:14.509, 2639 MiB
2026/05/29 06:27:15.510, 2639 MiB
2026/05/29 06:27:16.510, 2639 MiB
2026/05/29 06:27:17.511, 2639 MiB
2026/05/29 06:27:18.512, 2639 MiB
2026/05/29 06:27:19.512, 2639 MiB
2026/05/29 06:27:20.513, 2639 MiB
2026/05/29 06:27:21.513, 4819 MiB
2026/05/29 06:27:22.513, 6319 MiB
2026/05/29 06:27:23.513, 6319 MiB
2026/05/29 06:27:24.514, 2638 MiB
2026/05/29 06:27:25.514, 2638 MiB
2026/05/29 06:27:26.514, 2634 MiB
2026/05/29 06:27:27.514, 2634 MiB
2026/05/29 06:27:28.515, 2634 MiB
2026/05/29 06:27:29.515, 2634 MiB
2026/05/29 06:27:30.515, 2634 MiB
2026/05/29 06:27:31.516, 2634 MiB
2026/05/29 06:27:32.516, 2634 MiB
2026/05/29 06:27:33.516, 2634 MiB
2026/05/29 06:27:34.516, 2620 MiB
2026/05/29 06:27:35.517, 2621 MiB
2026/05/29 06:27:36.517, 2621 MiB
2026/05/29 06:27:37.517, 2621 MiB
2026/05/29 06:27:38.518, 2631 MiB
2026/05/29 06:27:39.518, 2631 MiB
2026/05/29 06:27:40.519, 2630 MiB
2026/05/29 06:27:41.519, 2629 MiB
2026/05/29 06:27:42.520, 2629 MiB
2026/05/29 06:27:43.521, 2629 MiB
2026/05/29 06:27:44.521, 2629 MiB
2026/05/29 06:27:45.521, 2628 MiB
2026/05/29 06:27:46.522, 2624 MiB
2026/05/29 06:27:47.523, 2624 MiB
2026/05/29 06:27:48.524, 2624 MiB
2026/05/29 06:27:49.524, 2624 MiB
2026/05/29 06:27:50.524, 2624 MiB
2026/05/29 06:27:51.524, 2624 MiB
2026/05/29 06:27:52.525, 2624 MiB
2026/05/29 06:27:53.525, 2624 MiB
2026/05/29 06:27:54.525, 2624 MiB
2026/05/29 06:27:55.527, 2624 MiB
2026/05/29 06:27:56.528, 2624 MiB
2026/05/29 06:27:57.529, 2624 MiB
2026/05/29 06:27:58.529, 2624 MiB
2026/05/29 06:27:59.529, 2624 MiB
2026/05/29 06:28:00.530, 2624 MiB
2026/05/29 06:28:01.530, 2624 MiB
2026/05/29 06:28:02.531, 6284 MiB
2026/05/29 06:28:03.532, 6304 MiB
2026/05/29 06:28:04.532, 6304 MiB
2026/05/29 06:28:05.532, 2624 MiB
2026/05/29 06:28:06.533, 2644 MiB
2026/05/29 06:28:07.533, 2644 MiB
2026/05/29 06:28:08.533, 2644 MiB
2026/05/29 06:28:09.533, 2644 MiB
2026/05/29 06:28:10.534, 2644 MiB
2026/05/29 06:28:11.534, 2644 MiB
2026/05/29 06:28:12.534, 2644 MiB
2026/05/29 06:28:13.535, 2644 MiB
2026/05/29 06:28:14.535, 2644 MiB
2026/05/29 06:28:15.535, 2644 MiB
2026/05/29 06:28:16.535, 2644 MiB
2026/05/29 06:28:17.536, 2644 MiB
2026/05/29 06:28:18.536, 2644 MiB
2026/05/29 06:28:19.537, 2644 MiB
2026/05/29 06:28:20.538, 2644 MiB
2026/05/29 06:28:21.538, 2644 MiB
2026/05/29 06:28:22.539, 2644 MiB
2026/05/29 06:28:23.539, 2644 MiB
2026/05/29 06:28:24.540, 2644 MiB
2026/05/29 06:28:25.540, 2644 MiB
2026/05/29 06:28:26.540, 2644 MiB
2026/05/29 06:28:27.541, 2644 MiB
2026/05/29 06:28:28.541, 2644 MiB
2026/05/29 06:28:29.541, 2644 MiB
2026/05/29 06:28:30.542, 2644 MiB
2026/05/29 06:28:31.542, 2644 MiB
2026/05/29 06:28:32.542, 2644 MiB
2026/05/29 06:28:33.543, 2644 MiB
2026/05/29 06:28:34.543, 2644 MiB
2026/05/29 06:28:35.544, 2644 MiB
2026/05/29 06:28:36.544, 2644 MiB
2026/05/29 06:28:37.545, 2644 MiB
2026/05/29 06:28:38.545, 2644 MiB
2026/05/29 06:28:39.546, 2644 MiB
2026/05/29 06:28:40.546, 2644 MiB
2026/05/29 06:28:41.546, 2644 MiB
2026/05/29 06:28:42.547, 2644 MiB
2026/05/29 06:28:43.547, 2644 MiB
2026/05/29 06:28:44.548, 8264 MiB
2026/05/29 06:28:45.548, 8264 MiB
2026/05/29 06:28:46.549, 8264 MiB
2026/05/29 06:28:47.549, 2644 MiB
2026/05/29 06:28:48.549, 2664 MiB
2026/05/29 06:28:49.549, 2664 MiB
2026/05/29 06:28:50.550, 2664 MiB
2026/05/29 06:28:51.550, 2664 MiB
2026/05/29 06:28:52.550, 2664 MiB
2026/05/29 06:28:53.551, 2664 MiB
2026/05/29 06:28:54.551, 2664 MiB
2026/05/29 06:28:55.551, 2664 MiB
2026/05/29 06:28:56.552, 2664 MiB
2026/05/29 06:28:57.552, 2664 MiB
2026/05/29 06:28:58.552, 2664 MiB
2026/05/29 06:28:59.553, 2664 MiB
2026/05/29 06:29:00.553, 2664 MiB
2026/05/29 06:29:01.553, 2664 MiB
2026/05/29 06:29:02.554, 2664 MiB
2026/05/29 06:29:03.555, 2664 MiB
2026/05/29 06:29:04.555, 2664 MiB
2026/05/29 06:29:05.556, 2664 MiB
2026/05/29 06:29:06.557, 2664 MiB
2026/05/29 06:29:07.557, 2664 MiB
2026/05/29 06:29:08.557, 2664 MiB
2026/05/29 06:29:09.557, 2664 MiB
2026/05/29 06:29:10.558, 2664 MiB
2026/05/29 06:29:11.560, 2664 MiB
2026/05/29 06:29:12.561, 2664 MiB
2026/05/29 06:29:13.561, 2664 MiB
2026/05/29 06:29:14.562, 2664 MiB
2026/05/29 06:29:15.563, 2664 MiB
2026/05/29 06:29:16.563, 2664 MiB
2026/05/29 06:29:17.565, 2664 MiB
2026/05/29 06:29:18.566, 2664 MiB
2026/05/29 06:29:19.566, 2664 MiB
2026/05/29 06:29:20.567, 2664 MiB
2026/05/29 06:29:21.567, 2664 MiB
2026/05/29 06:29:22.567, 2664 MiB
2026/05/29 06:29:23.567, 2664 MiB
2026/05/29 06:29:24.568, 2664 MiB
2026/05/29 06:29:25.568, 2664 MiB
2026/05/29 06:29:26.568, 2864 MiB
2026/05/29 06:29:27.569, 6344 MiB
2026/05/29 06:29:28.569, 6344 MiB
2026/05/29 06:29:29.570, 6344 MiB
2026/05/29 06:29:30.570, 2644 MiB
2026/05/29 06:29:31.571, 2644 MiB
2026/05/29 06:29:32.571, 2644 MiB
2026/05/29 06:29:33.571, 2644 MiB
2026/05/29 06:29:34.571, 2644 MiB
2026/05/29 06:29:35.572, 2644 MiB
2026/05/29 06:29:36.572, 2644 MiB
2026/05/29 06:29:37.572, 2644 MiB
2026/05/29 06:29:38.572, 2644 MiB
2026/05/29 06:29:39.573, 2644 MiB
2026/05/29 06:29:40.573, 2649 MiB
2026/05/29 06:29:41.573, 2649 MiB
2026/05/29 06:29:42.573, 2649 MiB
2026/05/29 06:29:43.574, 2649 MiB
2026/05/29 06:29:44.574, 2649 MiB
2026/05/29 06:29:45.575, 2649 MiB
2026/05/29 06:29:46.575, 2649 MiB
2026/05/29 06:29:47.576, 2649 MiB
2026/05/29 06:29:48.577, 2649 MiB
2026/05/29 06:29:49.577, 2649 MiB
2026/05/29 06:29:50.578, 2649 MiB
2026/05/29 06:29:51.579, 2649 MiB
2026/05/29 06:29:52.579, 2649 MiB
2026/05/29 06:29:53.580, 2649 MiB
2026/05/29 06:29:54.580, 2649 MiB
2026/05/29 06:29:55.580, 2649 MiB
2026/05/29 06:29:56.582, 2649 MiB
2026/05/29 06:29:57.582, 2649 MiB
2026/05/29 06:29:58.582, 2649 MiB
2026/05/29 06:29:59.583, 2649 MiB
2026/05/29 06:30:00.583, 2649 MiB
2026/05/29 06:30:01.583, 2649 MiB
2026/05/29 06:30:02.584, 2649 MiB
2026/05/29 06:30:03.584, 2649 MiB
2026/05/29 06:30:04.586, 2649 MiB
2026/05/29 06:30:05.586, 2649 MiB
2026/05/29 06:30:06.586, 2649 MiB
2026/05/29 06:30:07.598, 2649 MiB
2026/05/29 06:30:08.599, 2649 MiB
2026/05/29 06:30:09.599, 2649 MiB
2026/05/29 06:30:10.599, 6309 MiB
2026/05/29 06:30:11.600, 6329 MiB
2026/05/29 06:30:12.600, 6329 MiB
2026/05/29 06:30:13.600, 6329 MiB
2026/05/29 06:30:14.601, 2648 MiB
2026/05/29 06:30:15.601, 2648 MiB
2026/05/29 06:30:16.601, 2644 MiB
2026/05/29 06:30:17.602, 2644 MiB
2026/05/29 06:30:18.602, 2644 MiB
2026/05/29 06:30:19.602, 2644 MiB
2026/05/29 06:30:20.603, 2644 MiB
2026/05/29 06:30:21.603, 2644 MiB
2026/05/29 06:30:22.603, 2644 MiB
2026/05/29 06:30:23.604, 2644 MiB
2026/05/29 06:30:24.604, 2644 MiB
2026/05/29 06:30:25.604, 2644 MiB
2026/05/29 06:30:26.604, 2644 MiB
2026/05/29 06:30:27.605, 2649 MiB
2026/05/29 06:30:28.605, 2649 MiB
2026/05/29 06:30:29.605, 2649 MiB
2026/05/29 06:30:30.606, 2649 MiB
2026/05/29 06:30:31.606, 2649 MiB
2026/05/29 06:30:32.606, 2649 MiB
2026/05/29 06:30:33.607, 2649 MiB
2026/05/29 06:30:34.607, 2649 MiB
2026/05/29 06:30:35.608, 2649 MiB
2026/05/29 06:30:36.608, 2649 MiB
2026/05/29 06:30:37.609, 2649 MiB
2026/05/29 06:30:38.609, 2649 MiB
2026/05/29 06:30:39.609, 2649 MiB
2026/05/29 06:30:40.610, 2649 MiB
2026/05/29 06:30:41.610, 2649 MiB
2026/05/29 06:30:42.610, 2649 MiB
2026/05/29 06:30:43.611, 2649 MiB
2026/05/29 06:30:44.611, 2649 MiB
2026/05/29 06:30:45.613, 2649 MiB
2026/05/29 06:30:46.613, 2649 MiB
2026/05/29 06:30:47.614, 2649 MiB
2026/05/29 06:30:48.614, 2649 MiB
2026/05/29 06:30:49.615, 2649 MiB
2026/05/29 06:30:50.615, 2651 MiB
2026/05/29 06:30:51.615, 2651 MiB
2026/05/29 06:30:52.615, 3085 MiB
2026/05/29 06:30:53.616, 6325 MiB
2026/05/29 06:30:54.616, 6325 MiB
2026/05/29 06:30:55.616, 6325 MiB
2026/05/29 06:30:56.617, 2645 MiB
2026/05/29 06:30:57.617, 2645 MiB
2026/05/29 06:30:58.617, 2645 MiB
2026/05/29 06:30:59.617, 2641 MiB
2026/05/29 06:31:00.618, 2649 MiB
2026/05/29 06:31:01.618, 2649 MiB
2026/05/29 06:31:02.618, 2649 MiB
2026/05/29 06:31:03.619, 2649 MiB
2026/05/29 06:31:04.619, 2649 MiB
2026/05/29 06:31:05.619, 2649 MiB
2026/05/29 06:31:06.620, 2649 MiB
2026/05/29 06:31:07.620, 2649 MiB
2026/05/29 06:31:08.620, 2649 MiB
2026/05/29 06:31:09.621, 2649 MiB
2026/05/29 06:31:10.621, 2649 MiB
2026/05/29 06:31:11.622, 2649 MiB
2026/05/29 06:31:12.623, 2649 MiB
2026/05/29 06:31:13.623, 2649 MiB
2026/05/29 06:31:14.623, 2649 MiB
2026/05/29 06:31:15.625, 2649 MiB
2026/05/29 06:31:16.625, 2649 MiB
2026/05/29 06:31:17.626, 2649 MiB
2026/05/29 06:31:18.626, 2649 MiB
2026/05/29 06:31:19.627, 2649 MiB
2026/05/29 06:31:20.627, 2649 MiB
2026/05/29 06:31:21.627, 2649 MiB
2026/05/29 06:31:22.628, 2648 MiB
2026/05/29 06:31:23.628, 2645 MiB
2026/05/29 06:31:24.630, 2649 MiB
2026/05/29 06:31:25.630, 2649 MiB
2026/05/29 06:31:26.631, 2649 MiB
2026/05/29 06:31:27.632, 2649 MiB
2026/05/29 06:31:28.632, 2649 MiB
2026/05/29 06:31:29.632, 2649 MiB
2026/05/29 06:31:30.632, 2649 MiB
2026/05/29 06:31:31.633, 2649 MiB
2026/05/29 06:31:32.633, 2649 MiB
2026/05/29 06:31:33.633, 2649 MiB
2026/05/29 06:31:34.633, 2669 MiB
2026/05/29 06:31:35.634, 6329 MiB
2026/05/29 06:31:36.634, 6069 MiB
2026/05/29 06:31:37.634, 2649 MiB
2026/05/29 06:31:38.634, 2648 MiB
2026/05/29 06:31:39.635, 2648 MiB
2026/05/29 06:31:40.635, 2648 MiB
2026/05/29 06:31:41.635, 2648 MiB
2026/05/29 06:31:42.635, 2644 MiB
2026/05/29 06:31:43.636, 2644 MiB
2026/05/29 06:31:44.636, 2644 MiB
2026/05/29 06:31:45.636, 2644 MiB
2026/05/29 06:31:46.637, 2644 MiB
2026/05/29 06:31:47.637, 2644 MiB
2026/05/29 06:31:48.637, 2644 MiB
2026/05/29 06:31:49.638, 2644 MiB
2026/05/29 06:31:50.638, 2644 MiB
2026/05/29 06:31:51.638, 2644 MiB
2026/05/29 06:31:52.639, 2644 MiB
2026/05/29 06:31:53.640, 2644 MiB
2026/05/29 06:31:54.640, 2644 MiB
2026/05/29 06:31:55.641, 2644 MiB
2026/05/29 06:31:56.642, 2644 MiB
2026/05/29 06:31:57.642, 2644 MiB
2026/05/29 06:31:58.643, 2644 MiB
2026/05/29 06:31:59.655, 2644 MiB
2026/05/29 06:32:00.663, 2644 MiB
2026/05/29 06:32:01.663, 2644 MiB
2026/05/29 06:32:02.663, 2644 MiB
2026/05/29 06:32:03.668, 2644 MiB
2026/05/29 06:32:04.668, 2644 MiB
2026/05/29 06:32:05.669, 2644 MiB
2026/05/29 06:32:06.669, 2644 MiB
2026/05/29 06:32:07.669, 2644 MiB
2026/05/29 06:32:08.670, 2644 MiB
2026/05/29 06:32:09.673, 2644 MiB
2026/05/29 06:32:10.674, 2644 MiB
2026/05/29 06:32:11.674, 2644 MiB
2026/05/29 06:32:12.674, 2644 MiB
2026/05/29 06:32:13.674, 2644 MiB
2026/05/29 06:32:14.675, 2644 MiB
2026/05/29 06:32:15.676, 6004 MiB
2026/05/29 06:32:16.677, 6004 MiB
2026/05/29 06:32:17.677, 3564 MiB
2026/05/29 06:32:18.677, 2644 MiB
2026/05/29 06:32:19.677, 2644 MiB
2026/05/29 06:32:20.678, 2644 MiB
2026/05/29 06:32:21.678, 2644 MiB
2026/05/29 06:32:22.678, 2644 MiB
2026/05/29 06:32:23.679, 2644 MiB
2026/05/29 06:32:24.679, 2644 MiB
2026/05/29 06:32:25.679, 2649 MiB
2026/05/29 06:32:26.679, 2649 MiB
2026/05/29 06:32:27.680, 2649 MiB
2026/05/29 06:32:28.680, 2649 MiB
2026/05/29 06:32:29.680, 2649 MiB
2026/05/29 06:32:30.680, 2649 MiB
2026/05/29 06:32:31.681, 2649 MiB
2026/05/29 06:32:32.681, 2649 MiB
2026/05/29 06:32:33.681, 2649 MiB
2026/05/29 06:32:34.681, 2649 MiB
2026/05/29 06:32:35.682, 2649 MiB
2026/05/29 06:32:36.682, 2649 MiB
2026/05/29 06:32:37.682, 2649 MiB
2026/05/29 06:32:38.683, 2649 MiB
2026/05/29 06:32:39.683, 2649 MiB
2026/05/29 06:32:40.683, 2649 MiB
2026/05/29 06:32:41.684, 2649 MiB
2026/05/29 06:32:42.684, 2649 MiB
2026/05/29 06:32:43.684, 2649 MiB
2026/05/29 06:32:44.685, 2649 MiB
2026/05/29 06:32:45.686, 2649 MiB
2026/05/29 06:32:46.686, 2649 MiB
2026/05/29 06:32:47.687, 2649 MiB
2026/05/29 06:32:48.687, 2649 MiB
2026/05/29 06:32:49.688, 2649 MiB
2026/05/29 06:32:50.688, 2649 MiB
2026/05/29 06:32:51.691, 2649 MiB
2026/05/29 06:32:52.692, 2648 MiB
2026/05/29 06:32:53.692, 2648 MiB
2026/05/29 06:32:54.692, 2644 MiB
2026/05/29 06:32:55.693, 2644 MiB
2026/05/29 06:32:56.693, 2844 MiB
2026/05/29 06:32:57.693, 6004 MiB
2026/05/29 06:32:58.694, 6004 MiB
2026/05/29 06:32:59.694, 8684 MiB
2026/05/29 06:33:00.694, 2624 MiB
2026/05/29 06:33:01.694, 2624 MiB
2026/05/29 06:33:02.695, 2624 MiB
2026/05/29 06:33:03.695, 2624 MiB
2026/05/29 06:33:04.695, 2624 MiB
2026/05/29 06:33:05.695, 2624 MiB
2026/05/29 06:33:06.696, 2624 MiB
2026/05/29 06:33:07.696, 2624 MiB
2026/05/29 06:33:08.696, 2624 MiB
2026/05/29 06:33:09.697, 2624 MiB
2026/05/29 06:33:10.697, 2624 MiB
2026/05/29 06:33:11.697, 2624 MiB
2026/05/29 06:33:12.698, 2624 MiB
2026/05/29 06:33:13.698, 2624 MiB
2026/05/29 06:33:14.698, 2624 MiB
2026/05/29 06:33:15.699, 2624 MiB
2026/05/29 06:33:16.699, 2624 MiB
2026/05/29 06:33:17.700, 2624 MiB
2026/05/29 06:33:18.700, 2624 MiB
2026/05/29 06:33:19.701, 2624 MiB
2026/05/29 06:33:20.701, 2624 MiB
2026/05/29 06:33:21.702, 2624 MiB
2026/05/29 06:33:22.706, 2624 MiB
2026/05/29 06:33:23.706, 2624 MiB
2026/05/29 06:33:24.707, 2624 MiB
2026/05/29 06:33:25.707, 2624 MiB
2026/05/29 06:33:26.707, 2624 MiB
2026/05/29 06:33:27.707, 2624 MiB
2026/05/29 06:33:28.708, 2624 MiB
2026/05/29 06:33:29.709, 2624 MiB
2026/05/29 06:33:30.709, 2624 MiB
2026/05/29 06:33:31.710, 2624 MiB
2026/05/29 06:33:32.710, 2624 MiB
2026/05/29 06:33:33.713, 2624 MiB
2026/05/29 06:33:34.715, 2624 MiB
2026/05/29 06:33:35.715, 2624 MiB
2026/05/29 06:33:36.715, 2624 MiB
2026/05/29 06:33:37.715, 2624 MiB
2026/05/29 06:33:38.716, 6284 MiB
2026/05/29 06:33:39.716, 6304 MiB
2026/05/29 06:33:40.716, 6304 MiB
2026/05/29 06:33:41.716, 3408 MiB
2026/05/29 06:33:42.717, 2648 MiB
2026/05/29 06:33:43.717, 2644 MiB
2026/05/29 06:33:44.717, 2644 MiB
2026/05/29 06:33:45.717, 2644 MiB
2026/05/29 06:33:46.718, 2644 MiB
2026/05/29 06:33:47.718, 2641 MiB
2026/05/29 06:33:48.718, 2641 MiB
2026/05/29 06:33:49.718, 2641 MiB
2026/05/29 06:33:50.719, 2641 MiB
2026/05/29 06:33:51.719, 2641 MiB
2026/05/29 06:33:52.719, 2641 MiB
2026/05/29 06:33:53.719, 2641 MiB
2026/05/29 06:33:54.720, 2649 MiB
2026/05/29 06:33:55.720, 2649 MiB
2026/05/29 06:33:56.720, 2649 MiB
2026/05/29 06:33:57.722, 2649 MiB
2026/05/29 06:33:58.722, 2649 MiB
2026/05/29 06:33:59.723, 2649 MiB
2026/05/29 06:34:00.723, 2649 MiB
2026/05/29 06:34:01.723, 2649 MiB
2026/05/29 06:34:02.723, 2649 MiB
2026/05/29 06:34:03.724, 2649 MiB
2026/05/29 06:34:04.724, 2649 MiB
2026/05/29 06:34:05.724, 2649 MiB
2026/05/29 06:34:06.725, 2649 MiB
2026/05/29 06:34:07.726, 2649 MiB
2026/05/29 06:34:08.726, 2649 MiB
2026/05/29 06:34:09.726, 2649 MiB
2026/05/29 06:34:10.726, 2649 MiB
2026/05/29 06:34:11.727, 2649 MiB
2026/05/29 06:34:12.727, 2649 MiB
2026/05/29 06:34:13.728, 2649 MiB
2026/05/29 06:34:14.728, 2649 MiB
2026/05/29 06:34:15.729, 2649 MiB
2026/05/29 06:34:16.729, 2649 MiB
2026/05/29 06:34:17.729, 2649 MiB
2026/05/29 06:34:18.729, 2649 MiB
2026/05/29 06:34:19.730, 2649 MiB
2026/05/29 06:34:20.730, 2849 MiB
2026/05/29 06:34:21.730, 6329 MiB
2026/05/29 06:34:22.730, 6329 MiB
2026/05/29 06:34:23.731, 6329 MiB
2026/05/29 06:34:24.731, 6668 MiB
2026/05/29 06:34:25.731, 2644 MiB
2026/05/29 06:34:26.731, 2644 MiB
2026/05/29 06:34:27.732, 2644 MiB
2026/05/29 06:34:28.732, 2644 MiB
2026/05/29 06:34:29.733, 2644 MiB
2026/05/29 06:34:30.735, 2644 MiB
2026/05/29 06:34:31.736, 2644 MiB
2026/05/29 06:34:32.736, 2644 MiB
2026/05/29 06:34:33.736, 2644 MiB
2026/05/29 06:34:34.737, 2644 MiB
2026/05/29 06:34:35.737, 2644 MiB
2026/05/29 06:34:36.737, 2644 MiB
2026/05/29 06:34:37.739, 2644 MiB
2026/05/29 06:34:38.740, 2644 MiB
2026/05/29 06:34:39.740, 2644 MiB
2026/05/29 06:34:40.741, 2644 MiB
2026/05/29 06:34:41.742, 2644 MiB
2026/05/29 06:34:42.742, 2644 MiB
2026/05/29 06:34:43.742, 2644 MiB
2026/05/29 06:34:44.744, 2644 MiB
2026/05/29 06:34:45.746, 2644 MiB
2026/05/29 06:34:46.747, 2644 MiB
2026/05/29 06:34:47.748, 2644 MiB
2026/05/29 06:34:48.748, 2644 MiB
2026/05/29 06:34:49.748, 2644 MiB
2026/05/29 06:34:50.750, 2644 MiB
2026/05/29 06:34:51.750, 2644 MiB
2026/05/29 06:34:52.750, 2644 MiB
2026/05/29 06:34:53.751, 2644 MiB
2026/05/29 06:34:54.751, 2644 MiB
2026/05/29 06:34:55.751, 2644 MiB
2026/05/29 06:34:56.751, 2644 MiB
2026/05/29 06:34:57.752, 2644 MiB
2026/05/29 06:34:58.752, 2644 MiB
2026/05/29 06:34:59.753, 2644 MiB
2026/05/29 06:35:00.753, 2644 MiB
2026/05/29 06:35:01.754, 2644 MiB
2026/05/29 06:35:02.766, 2644 MiB
2026/05/29 06:35:03.766, 6324 MiB
2026/05/29 06:35:04.766, 6324 MiB
2026/05/29 06:35:05.767, 6328 MiB
2026/05/29 06:35:06.767, 8668 MiB
2026/05/29 06:35:07.767, 2648 MiB
2026/05/29 06:35:08.768, 2644 MiB
2026/05/29 06:35:09.768, 2644 MiB
2026/05/29 06:35:10.768, 2644 MiB
2026/05/29 06:35:11.768, 2644 MiB
2026/05/29 06:35:12.769, 2644 MiB
2026/05/29 06:35:13.769, 2644 MiB
2026/05/29 06:35:14.769, 2644 MiB
2026/05/29 06:35:15.770, 2644 MiB
2026/05/29 06:35:16.770, 2644 MiB
2026/05/29 06:35:17.770, 2644 MiB
2026/05/29 06:35:18.771, 2644 MiB
2026/05/29 06:35:19.771, 2644 MiB
2026/05/29 06:35:20.771, 2644 MiB
2026/05/29 06:35:21.772, 2644 MiB
2026/05/29 06:35:22.772, 2644 MiB
2026/05/29 06:35:23.774, 2644 MiB
2026/05/29 06:35:24.775, 2644 MiB
2026/05/29 06:35:25.775, 2644 MiB
2026/05/29 06:35:26.776, 2644 MiB
2026/05/29 06:35:27.776, 2644 MiB
2026/05/29 06:35:28.776, 2644 MiB
2026/05/29 06:35:29.778, 2644 MiB
2026/05/29 06:35:30.779, 2644 MiB
2026/05/29 06:35:31.779, 2644 MiB
2026/05/29 06:35:32.779, 2644 MiB
2026/05/29 06:35:33.780, 2644 MiB
2026/05/29 06:35:34.781, 2644 MiB
2026/05/29 06:35:35.781, 2644 MiB
2026/05/29 06:35:36.782, 2644 MiB
2026/05/29 06:35:37.782, 2644 MiB
2026/05/29 06:35:38.797, 2644 MiB
2026/05/29 06:35:39.799, 2644 MiB
2026/05/29 06:35:40.799, 2644 MiB
2026/05/29 06:35:41.799, 2644 MiB
2026/05/29 06:35:42.799, 2644 MiB
2026/05/29 06:35:43.800, 2644 MiB
2026/05/29 06:35:44.800, 2644 MiB
2026/05/29 06:35:45.800, 2844 MiB
2026/05/29 06:35:46.800, 6321 MiB
2026/05/29 06:35:47.801, 2621 MiB
2026/05/29 06:35:48.801, 2621 MiB
2026/05/29 06:35:49.801, 2621 MiB
2026/05/29 06:35:50.801, 2629 MiB
2026/05/29 06:35:51.802, 2629 MiB
2026/05/29 06:35:52.802, 2629 MiB
2026/05/29 06:35:53.802, 2629 MiB
2026/05/29 06:35:54.802, 2629 MiB
2026/05/29 06:35:55.803, 2629 MiB
2026/05/29 06:35:56.803, 2629 MiB
2026/05/29 06:35:57.803, 2629 MiB
2026/05/29 06:35:58.803, 2629 MiB
2026/05/29 06:35:59.804, 2629 MiB
2026/05/29 06:36:00.804, 2629 MiB
2026/05/29 06:36:01.804, 2629 MiB
2026/05/29 06:36:02.805, 2629 MiB
2026/05/29 06:36:03.805, 2629 MiB
2026/05/29 06:36:04.805, 2629 MiB
2026/05/29 06:36:05.805, 2629 MiB
2026/05/29 06:36:06.806, 2629 MiB
2026/05/29 06:36:07.806, 2629 MiB
2026/05/29 06:36:08.806, 2629 MiB
2026/05/29 06:36:09.807, 2629 MiB
2026/05/29 06:36:10.808, 2629 MiB
2026/05/29 06:36:11.808, 2629 MiB
2026/05/29 06:36:12.808, 2629 MiB
2026/05/29 06:36:13.809, 2629 MiB
2026/05/29 06:36:14.809, 2629 MiB
2026/05/29 06:36:15.810, 2629 MiB
2026/05/29 06:36:16.811, 2629 MiB
2026/05/29 06:36:17.812, 2629 MiB
2026/05/29 06:36:18.812, 2629 MiB
2026/05/29 06:36:19.812, 2629 MiB
2026/05/29 06:36:20.813, 2629 MiB
2026/05/29 06:36:21.813, 2629 MiB
2026/05/29 06:36:22.813, 2629 MiB
2026/05/29 06:36:23.816, 2629 MiB
2026/05/29 06:36:24.816, 2629 MiB
2026/05/29 06:36:25.816, 2629 MiB
2026/05/29 06:36:26.816, 6309 MiB
2026/05/29 06:36:27.817, 6309 MiB
2026/05/29 06:36:28.818, 6309 MiB
2026/05/29 06:36:29.818, 5648 MiB
2026/05/29 06:36:30.818, 2628 MiB
2026/05/29 06:36:31.819, 2624 MiB
2026/05/29 06:36:32.819, 2624 MiB
2026/05/29 06:36:33.819, 2624 MiB
2026/05/29 06:36:34.820, 2624 MiB
2026/05/29 06:36:35.820, 2624 MiB
2026/05/29 06:36:36.820, 2624 MiB
2026/05/29 06:36:37.820, 2624 MiB
2026/05/29 06:36:38.821, 2624 MiB
2026/05/29 06:36:39.821, 2624 MiB
2026/05/29 06:36:40.821, 2624 MiB
2026/05/29 06:36:41.822, 2624 MiB
2026/05/29 06:36:42.822, 2624 MiB
2026/05/29 06:36:43.822, 2624 MiB
2026/05/29 06:36:44.823, 2624 MiB
2026/05/29 06:36:45.824, 2624 MiB
2026/05/29 06:36:46.824, 2624 MiB
2026/05/29 06:36:47.824, 2624 MiB
2026/05/29 06:36:48.824, 2624 MiB
2026/05/29 06:36:49.825, 2624 MiB
2026/05/29 06:36:50.825, 2624 MiB
2026/05/29 06:36:51.825, 2624 MiB
2026/05/29 06:36:52.826, 2624 MiB
2026/05/29 06:36:53.831, 2624 MiB
2026/05/29 06:36:54.832, 2624 MiB
2026/05/29 06:36:55.832, 2624 MiB
2026/05/29 06:36:56.832, 2624 MiB
2026/05/29 06:36:57.833, 2624 MiB
2026/05/29 06:36:58.833, 2624 MiB
2026/05/29 06:36:59.833, 2624 MiB
2026/05/29 06:37:00.834, 2624 MiB
2026/05/29 06:37:01.834, 2624 MiB
2026/05/29 06:37:02.834, 2624 MiB
2026/05/29 06:37:03.835, 2621 MiB
2026/05/29 06:37:04.835, 2621 MiB
2026/05/29 06:37:05.835, 2621 MiB
2026/05/29 06:37:06.841, 2628 MiB
2026/05/29 06:37:07.841, 2628 MiB
2026/05/29 06:37:08.843, 2628 MiB
2026/05/29 06:37:09.843, 2829 MiB
2026/05/29 06:37:10.843, 6309 MiB
2026/05/29 06:37:11.843, 6309 MiB
2026/05/29 06:37:12.844, 6309 MiB
2026/05/29 06:37:13.844, 2628 MiB
2026/05/29 06:37:14.844, 2628 MiB
2026/05/29 06:37:15.845, 2624 MiB
2026/05/29 06:37:16.848, 2624 MiB
2026/05/29 06:37:17.848, 2624 MiB
2026/05/29 06:37:18.849, 2624 MiB
2026/05/29 06:37:19.849, 2624 MiB
2026/05/29 06:37:20.849, 2624 MiB
2026/05/29 06:37:21.850, 2624 MiB
2026/05/29 06:37:22.850, 2624 MiB
2026/05/29 06:37:23.850, 2624 MiB
2026/05/29 06:37:24.851, 2624 MiB
2026/05/29 06:37:25.851, 2624 MiB
2026/05/29 06:37:26.851, 2624 MiB
2026/05/29 06:37:27.852, 2628 MiB
2026/05/29 06:37:28.852, 2628 MiB
2026/05/29 06:37:29.852, 2628 MiB
2026/05/29 06:37:30.853, 2628 MiB
2026/05/29 06:37:31.853, 2628 MiB
2026/05/29 06:37:32.853, 2629 MiB
2026/05/29 06:37:33.854, 2629 MiB
2026/05/29 06:37:34.854, 2629 MiB
2026/05/29 06:37:35.854, 2629 MiB
2026/05/29 06:37:36.855, 2629 MiB
2026/05/29 06:37:37.855, 2629 MiB
2026/05/29 06:37:38.855, 2629 MiB
2026/05/29 06:37:39.856, 2629 MiB
2026/05/29 06:37:40.856, 2629 MiB
2026/05/29 06:37:41.856, 2629 MiB
2026/05/29 06:37:42.857, 2629 MiB
2026/05/29 06:37:43.857, 2629 MiB
2026/05/29 06:37:44.857, 2629 MiB
2026/05/29 06:37:45.857, 2629 MiB
2026/05/29 06:37:46.858, 2629 MiB
2026/05/29 06:37:47.858, 2629 MiB
2026/05/29 06:37:48.858, 2629 MiB
2026/05/29 06:37:49.859, 2629 MiB
2026/05/29 06:37:50.859, 2629 MiB
2026/05/29 06:37:51.859, 2629 MiB
2026/05/29 06:37:52.860, 2829 MiB
2026/05/29 06:37:53.860, 6304 MiB
2026/05/29 06:37:54.860, 6304 MiB
2026/05/29 06:37:55.860, 2624 MiB
2026/05/29 06:37:56.861, 2624 MiB
2026/05/29 06:37:57.861, 2624 MiB
2026/05/29 06:37:58.861, 2624 MiB
2026/05/29 06:37:59.862, 2624 MiB
2026/05/29 06:38:00.862, 2624 MiB
2026/05/29 06:38:01.862, 2624 MiB
2026/05/29 06:38:02.863, 2624 MiB
2026/05/29 06:38:03.863, 2624 MiB
2026/05/29 06:38:04.863, 2624 MiB
2026/05/29 06:38:05.864, 2624 MiB
2026/05/29 06:38:06.864, 2624 MiB
2026/05/29 06:38:07.864, 2624 MiB
2026/05/29 06:38:08.867, 2624 MiB
2026/05/29 06:38:09.867, 2624 MiB
2026/05/29 06:38:10.867, 2624 MiB
2026/05/29 06:38:11.868, 2624 MiB
2026/05/29 06:38:12.868, 2624 MiB
2026/05/29 06:38:13.868, 2624 MiB
2026/05/29 06:38:14.868, 2624 MiB
2026/05/29 06:38:15.869, 2624 MiB
2026/05/29 06:38:16.869, 2624 MiB
2026/05/29 06:38:17.869, 2624 MiB
2026/05/29 06:38:18.870, 2624 MiB
2026/05/29 06:38:19.871, 2624 MiB
2026/05/29 06:38:20.871, 2624 MiB
2026/05/29 06:38:21.872, 2624 MiB
2026/05/29 06:38:22.872, 2624 MiB
2026/05/29 06:38:23.872, 2624 MiB
2026/05/29 06:38:24.873, 2624 MiB
2026/05/29 06:38:25.873, 2624 MiB
2026/05/29 06:38:26.874, 2624 MiB
2026/05/29 06:38:27.874, 2624 MiB
2026/05/29 06:38:28.875, 2624 MiB
2026/05/29 06:38:29.875, 2624 MiB
2026/05/29 06:38:30.875, 2624 MiB
2026/05/29 06:38:31.876, 2624 MiB
2026/05/29 06:38:32.877, 2624 MiB
2026/05/29 06:38:33.877, 2624 MiB
2026/05/29 06:38:34.878, 3064 MiB
2026/05/29 06:38:35.879, 6304 MiB
2026/05/29 06:38:36.879, 6304 MiB
2026/05/29 06:38:37.879, 6304 MiB
2026/05/29 06:38:38.880, 2624 MiB
2026/05/29 06:38:39.880, 2624 MiB
2026/05/29 06:38:40.881, 2624 MiB
2026/05/29 06:38:41.881, 2624 MiB
2026/05/29 06:38:42.883, 2624 MiB
2026/05/29 06:38:43.884, 2624 MiB
2026/05/29 06:38:44.884, 2624 MiB
2026/05/29 06:38:45.884, 2624 MiB
2026/05/29 06:38:46.884, 2624 MiB
2026/05/29 06:38:47.885, 2624 MiB
2026/05/29 06:38:48.885, 2624 MiB
2026/05/29 06:38:49.886, 2624 MiB
2026/05/29 06:38:50.886, 2624 MiB
2026/05/29 06:38:51.886, 2624 MiB
2026/05/29 06:38:52.887, 2624 MiB
2026/05/29 06:38:53.888, 2624 MiB
2026/05/29 06:38:54.888, 2624 MiB
2026/05/29 06:38:55.888, 2624 MiB
2026/05/29 06:38:56.889, 2624 MiB
2026/05/29 06:38:57.889, 2624 MiB
2026/05/29 06:38:58.890, 2624 MiB
2026/05/29 06:38:59.890, 2624 MiB
2026/05/29 06:39:00.891, 2624 MiB
2026/05/29 06:39:01.891, 2624 MiB
2026/05/29 06:39:02.891, 2624 MiB
2026/05/29 06:39:03.892, 2624 MiB
2026/05/29 06:39:04.892, 2624 MiB
2026/05/29 06:39:05.892, 2624 MiB
2026/05/29 06:39:06.893, 2624 MiB
2026/05/29 06:39:07.893, 2624 MiB
2026/05/29 06:39:08.893, 2624 MiB
2026/05/29 06:39:09.894, 2624 MiB
2026/05/29 06:39:10.894, 2624 MiB
2026/05/29 06:39:11.894, 2624 MiB
2026/05/29 06:39:12.895, 2624 MiB
2026/05/29 06:39:13.896, 2624 MiB
2026/05/29 06:39:14.896, 2624 MiB
2026/05/29 06:39:15.897, 2624 MiB
2026/05/29 06:39:16.897, 2624 MiB
2026/05/29 06:39:17.897, 4704 MiB
2026/05/29 06:39:18.898, 6304 MiB
2026/05/29 06:39:19.898, 6304 MiB
2026/05/29 06:39:20.899, 6304 MiB
2026/05/29 06:39:21.900, 2624 MiB
2026/05/29 06:39:22.900, 2624 MiB
2026/05/29 06:39:23.900, 2624 MiB
2026/05/29 06:39:24.901, 2624 MiB
2026/05/29 06:39:25.901, 2624 MiB
2026/05/29 06:39:26.901, 2624 MiB
2026/05/29 06:39:27.902, 2624 MiB
2026/05/29 06:39:28.902, 2624 MiB
2026/05/29 06:39:29.902, 2624 MiB
2026/05/29 06:39:30.902, 2624 MiB
2026/05/29 06:39:31.903, 2624 MiB
2026/05/29 06:39:32.903, 2624 MiB
2026/05/29 06:39:33.903, 2624 MiB
2026/05/29 06:39:34.904, 2624 MiB
2026/05/29 06:39:35.904, 2624 MiB
2026/05/29 06:39:36.904, 2624 MiB
2026/05/29 06:39:37.905, 2624 MiB
2026/05/29 06:39:38.906, 2624 MiB
2026/05/29 06:39:39.906, 2631 MiB
2026/05/29 06:39:40.908, 2628 MiB
2026/05/29 06:39:41.908, 2628 MiB
2026/05/29 06:39:42.908, 2628 MiB
2026/05/29 06:39:43.909, 2628 MiB
2026/05/29 06:39:44.910, 2629 MiB
2026/05/29 06:39:45.910, 2629 MiB
2026/05/29 06:39:46.911, 2629 MiB
2026/05/29 06:39:47.911, 2629 MiB
2026/05/29 06:39:48.911, 2629 MiB
2026/05/29 06:39:49.911, 2629 MiB
2026/05/29 06:39:50.912, 2629 MiB
2026/05/29 06:39:51.912, 2629 MiB
2026/05/29 06:39:52.928, 2629 MiB
2026/05/29 06:39:53.928, 2629 MiB
2026/05/29 06:39:54.928, 2629 MiB
2026/05/29 06:39:55.929, 2629 MiB
2026/05/29 06:39:56.929, 2629 MiB
2026/05/29 06:39:57.929, 2629 MiB
2026/05/29 06:39:58.930, 2629 MiB
2026/05/29 06:39:59.930, 2829 MiB
2026/05/29 06:40:00.930, 6309 MiB
2026/05/29 06:40:01.931, 6309 MiB
2026/05/29 06:40:02.931, 6308 MiB
2026/05/29 06:40:03.931, 2628 MiB
2026/05/29 06:40:04.931, 2624 MiB
2026/05/29 06:40:05.932, 2624 MiB
2026/05/29 06:40:06.932, 2624 MiB
2026/05/29 06:40:07.932, 2624 MiB
2026/05/29 06:40:08.932, 2624 MiB
2026/05/29 06:40:09.933, 2624 MiB
2026/05/29 06:40:10.933, 2624 MiB
2026/05/29 06:40:11.933, 2621 MiB
2026/05/29 06:40:12.934, 2621 MiB
2026/05/29 06:40:13.934, 2621 MiB
2026/05/29 06:40:14.934, 2621 MiB
2026/05/29 06:40:15.935, 2621 MiB
2026/05/29 06:40:16.936, 2628 MiB
2026/05/29 06:40:17.937, 2628 MiB
2026/05/29 06:40:18.938, 2628 MiB
2026/05/29 06:40:19.938, 2628 MiB
2026/05/29 06:40:20.939, 2628 MiB
2026/05/29 06:40:21.939, 2629 MiB
2026/05/29 06:40:22.939, 2629 MiB
2026/05/29 06:40:23.941, 2629 MiB
2026/05/29 06:40:24.942, 2629 MiB
2026/05/29 06:40:25.942, 2629 MiB
2026/05/29 06:40:26.942, 2629 MiB
2026/05/29 06:40:27.942, 2629 MiB
2026/05/29 06:40:28.943, 2629 MiB
2026/05/29 06:40:29.943, 2629 MiB
2026/05/29 06:40:30.943, 2629 MiB
2026/05/29 06:40:31.944, 2629 MiB
2026/05/29 06:40:32.944, 2628 MiB
2026/05/29 06:40:33.944, 2628 MiB
2026/05/29 06:40:34.945, 2625 MiB
2026/05/29 06:40:35.945, 2628 MiB
2026/05/29 06:40:36.945, 2628 MiB
2026/05/29 06:40:37.946, 2628 MiB
2026/05/29 06:40:38.947, 2628 MiB
2026/05/29 06:40:39.947, 2628 MiB
2026/05/29 06:40:40.947, 2629 MiB
2026/05/29 06:40:41.948, 2829 MiB
2026/05/29 06:40:42.948, 6309 MiB
2026/05/29 06:40:43.948, 6309 MiB
2026/05/29 06:40:44.949, 6309 MiB
2026/05/29 06:40:45.949, 2648 MiB
2026/05/29 06:40:46.949, 2648 MiB
2026/05/29 06:40:47.949, 2644 MiB
2026/05/29 06:40:48.950, 2644 MiB
2026/05/29 06:40:49.950, 2644 MiB
2026/05/29 06:40:50.950, 2644 MiB
2026/05/29 06:40:51.951, 2644 MiB
2026/05/29 06:40:52.956, 2644 MiB
2026/05/29 06:40:53.957, 2644 MiB
2026/05/29 06:40:54.957, 2644 MiB
2026/05/29 06:40:55.957, 2644 MiB
2026/05/29 06:40:56.957, 2644 MiB
2026/05/29 06:40:57.958, 2644 MiB
2026/05/29 06:40:58.958, 2644 MiB
2026/05/29 06:40:59.958, 2644 MiB
2026/05/29 06:41:00.959, 2644 MiB
2026/05/29 06:41:01.959, 2644 MiB
2026/05/29 06:41:02.959, 2641 MiB
2026/05/29 06:41:03.960, 2641 MiB
2026/05/29 06:41:04.960, 2641 MiB
2026/05/29 06:41:05.960, 2641 MiB
2026/05/29 06:41:06.961, 2641 MiB
2026/05/29 06:41:07.961, 2641 MiB
2026/05/29 06:41:08.962, 2648 MiB
2026/05/29 06:41:09.963, 2648 MiB
2026/05/29 06:41:10.964, 2648 MiB
2026/05/29 06:41:11.964, 2648 MiB
2026/05/29 06:41:12.965, 2648 MiB
2026/05/29 06:41:13.965, 2649 MiB
2026/05/29 06:41:14.965, 2649 MiB
2026/05/29 06:41:15.966, 2649 MiB
2026/05/29 06:41:16.967, 2649 MiB
2026/05/29 06:41:17.967, 2649 MiB
2026/05/29 06:41:18.967, 2649 MiB
2026/05/29 06:41:19.968, 2649 MiB
2026/05/29 06:41:20.968, 2649 MiB
2026/05/29 06:41:21.968, 2649 MiB
2026/05/29 06:41:22.969, 2649 MiB
2026/05/29 06:41:23.970, 2849 MiB
2026/05/29 06:41:24.970, 6009 MiB
2026/05/29 06:41:25.970, 6009 MiB
2026/05/29 06:41:26.971, 6008 MiB
2026/05/29 06:41:27.971, 5928 MiB
2026/05/29 06:41:28.971, 2628 MiB
2026/05/29 06:41:29.971, 2621 MiB
2026/05/29 06:41:30.972, 2621 MiB
2026/05/29 06:41:31.972, 2621 MiB
2026/05/29 06:41:32.972, 2628 MiB
2026/05/29 06:41:33.973, 2628 MiB
2026/05/29 06:41:34.973, 2628 MiB
2026/05/29 06:41:35.973, 2628 MiB
2026/05/29 06:41:36.974, 2628 MiB
2026/05/29 06:41:37.974, 2628 MiB
2026/05/29 06:41:38.974, 2628 MiB
2026/05/29 06:41:39.975, 2625 MiB
2026/05/29 06:41:40.975, 2625 MiB
2026/05/29 06:41:41.975, 2625 MiB
2026/05/29 06:41:42.976, 2625 MiB
2026/05/29 06:41:43.976, 2625 MiB
2026/05/29 06:41:44.976, 2625 MiB
2026/05/29 06:41:45.977, 2625 MiB
2026/05/29 06:41:46.977, 2625 MiB
2026/05/29 06:41:47.977, 2628 MiB
2026/05/29 06:41:48.978, 2628 MiB
2026/05/29 06:41:49.978, 2628 MiB
2026/05/29 06:41:50.978, 2628 MiB
2026/05/29 06:41:51.979, 2628 MiB
2026/05/29 06:41:52.990, 2629 MiB
2026/05/29 06:41:53.990, 2629 MiB
2026/05/29 06:41:54.991, 2629 MiB
2026/05/29 06:41:55.991, 2629 MiB
2026/05/29 06:41:56.991, 2629 MiB
2026/05/29 06:41:57.992, 2629 MiB
2026/05/29 06:41:58.993, 2628 MiB
2026/05/29 06:41:59.993, 2628 MiB
2026/05/29 06:42:00.993, 2628 MiB
2026/05/29 06:42:01.994, 2628 MiB
2026/05/29 06:42:02.994, 2628 MiB
2026/05/29 06:42:03.994, 2628 MiB
2026/05/29 06:42:04.995, 2628 MiB
2026/05/29 06:42:05.996, 2628 MiB
2026/05/29 06:42:06.997, 2628 MiB
2026/05/29 06:42:07.997, 2649 MiB
2026/05/29 06:42:08.997, 6309 MiB
2026/05/29 06:42:09.998, 6309 MiB
2026/05/29 06:42:10.998, 6308 MiB
2026/05/29 06:42:11.998, 8425 MiB
2026/05/29 06:42:12.998, 2625 MiB
2026/05/29 06:42:13.999, 2629 MiB
2026/05/29 06:42:14.999, 2629 MiB
2026/05/29 06:42:15.999, 2629 MiB
2026/05/29 06:42:17.000, 2629 MiB
2026/05/29 06:42:18.000, 2629 MiB
2026/05/29 06:42:19.000, 2629 MiB
2026/05/29 06:42:20.001, 2628 MiB
2026/05/29 06:42:21.001, 2625 MiB
2026/05/29 06:42:22.001, 2625 MiB
2026/05/29 06:42:23.001, 2625 MiB
2026/05/29 06:42:24.002, 2625 MiB
2026/05/29 06:42:25.002, 2625 MiB
2026/05/29 06:42:26.002, 2628 MiB
2026/05/29 06:42:27.003, 2628 MiB
2026/05/29 06:42:28.003, 2628 MiB
2026/05/29 06:42:29.003, 2628 MiB
2026/05/29 06:42:30.003, 2628 MiB
2026/05/29 06:42:31.004, 2628 MiB
2026/05/29 06:42:32.004, 2628 MiB
2026/05/29 06:42:33.004, 2625 MiB
2026/05/29 06:42:34.005, 2628 MiB
2026/05/29 06:42:35.005, 2628 MiB
2026/05/29 06:42:36.005, 2628 MiB
2026/05/29 06:42:37.022, 2628 MiB
2026/05/29 06:42:38.024, 2628 MiB
2026/05/29 06:42:39.025, 2629 MiB
2026/05/29 06:42:40.026, 2629 MiB
2026/05/29 06:42:41.026, 2629 MiB
2026/05/29 06:42:42.026, 2629 MiB
2026/05/29 06:42:43.026, 2629 MiB
2026/05/29 06:42:44.027, 2629 MiB
2026/05/29 06:42:45.027, 2628 MiB
2026/05/29 06:42:46.028, 2628 MiB
2026/05/29 06:42:47.028, 2628 MiB
2026/05/29 06:42:48.029, 2628 MiB
2026/05/29 06:42:49.029, 2628 MiB
2026/05/29 06:42:50.030, 2628 MiB
2026/05/29 06:42:51.030, 4709 MiB
2026/05/29 06:42:52.031, 6309 MiB
2026/05/29 06:42:53.031, 6309 MiB
2026/05/29 06:42:54.031, 6309 MiB
2026/05/29 06:42:55.031, 2628 MiB
2026/05/29 06:42:56.032, 2628 MiB
2026/05/29 06:42:57.032, 2624 MiB
2026/05/29 06:42:58.032, 2624 MiB
2026/05/29 06:42:59.032, 2624 MiB
2026/05/29 06:43:00.033, 2624 MiB
2026/05/29 06:43:01.033, 2624 MiB
2026/05/29 06:43:02.033, 2624 MiB
2026/05/29 06:43:03.033, 2624 MiB
2026/05/29 06:43:04.034, 2624 MiB
2026/05/29 06:43:05.034, 2624 MiB
2026/05/29 06:43:06.034, 2624 MiB
2026/05/29 06:43:07.034, 2624 MiB
2026/05/29 06:43:08.035, 2624 MiB
2026/05/29 06:43:09.035, 2624 MiB
2026/05/29 06:43:10.035, 2624 MiB
2026/05/29 06:43:11.036, 2624 MiB
2026/05/29 06:43:12.036, 2624 MiB
2026/05/29 06:43:13.036, 2624 MiB
2026/05/29 06:43:14.037, 2624 MiB
2026/05/29 06:43:15.037, 2624 MiB
2026/05/29 06:43:16.037, 2624 MiB
2026/05/29 06:43:17.038, 2624 MiB
2026/05/29 06:43:18.038, 2624 MiB
2026/05/29 06:43:19.038, 2624 MiB
2026/05/29 06:43:20.038, 2624 MiB
2026/05/29 06:43:21.039, 2624 MiB
2026/05/29 06:43:22.039, 2624 MiB
2026/05/29 06:43:23.047, 2624 MiB
2026/05/29 06:43:24.047, 2624 MiB
2026/05/29 06:43:25.048, 2624 MiB
2026/05/29 06:43:26.048, 2624 MiB
2026/05/29 06:43:27.048, 2624 MiB
2026/05/29 06:43:28.050, 2624 MiB
2026/05/29 06:43:29.050, 2624 MiB
2026/05/29 06:43:30.051, 2624 MiB
2026/05/29 06:43:31.052, 2624 MiB
2026/05/29 06:43:32.052, 2624 MiB
2026/05/29 06:43:33.052, 2824 MiB
2026/05/29 06:43:34.053, 6304 MiB
2026/05/29 06:43:35.054, 6304 MiB
2026/05/29 06:43:36.054, 6304 MiB
2026/05/29 06:43:37.056, 2648 MiB
2026/05/29 06:43:38.056, 2648 MiB
2026/05/29 06:43:39.057, 2644 MiB
2026/05/29 06:43:40.057, 2644 MiB
2026/05/29 06:43:41.057, 2644 MiB
2026/05/29 06:43:42.058, 2644 MiB
2026/05/29 06:43:43.058, 2644 MiB
2026/05/29 06:43:44.058, 2644 MiB
2026/05/29 06:43:45.059, 2644 MiB
2026/05/29 06:43:46.059, 2644 MiB
2026/05/29 06:43:47.059, 2644 MiB
2026/05/29 06:43:48.059, 2644 MiB
2026/05/29 06:43:49.060, 2644 MiB
2026/05/29 06:43:50.060, 2644 MiB
2026/05/29 06:43:51.060, 2644 MiB
2026/05/29 06:43:52.060, 2644 MiB
2026/05/29 06:43:53.061, 2644 MiB
2026/05/29 06:43:54.061, 2644 MiB
2026/05/29 06:43:55.061, 2644 MiB
2026/05/29 06:43:56.062, 2644 MiB
2026/05/29 06:43:57.062, 2644 MiB
2026/05/29 06:43:58.063, 2644 MiB
2026/05/29 06:43:59.064, 2644 MiB
2026/05/29 06:44:00.064, 2644 MiB
2026/05/29 06:44:01.064, 2644 MiB
2026/05/29 06:44:02.065, 2644 MiB
2026/05/29 06:44:03.065, 2644 MiB
2026/05/29 06:44:04.065, 2644 MiB
2026/05/29 06:44:05.066, 2644 MiB
2026/05/29 06:44:06.066, 2644 MiB
2026/05/29 06:44:07.080, 2644 MiB
2026/05/29 06:44:08.080, 2644 MiB
2026/05/29 06:44:09.081, 2644 MiB
2026/05/29 06:44:10.081, 2644 MiB
2026/05/29 06:44:11.081, 2644 MiB
2026/05/29 06:44:12.082, 2644 MiB
2026/05/29 06:44:13.082, 2644 MiB
2026/05/29 06:44:14.082, 2644 MiB
2026/05/29 06:44:15.083, 2644 MiB
2026/05/29 06:44:16.083, 2644 MiB
2026/05/29 06:44:17.084, 6004 MiB
2026/05/29 06:44:18.084, 6004 MiB
2026/05/29 06:44:19.084, 6004 MiB
2026/05/29 06:44:20.085, 2624 MiB
2026/05/29 06:44:21.085, 2624 MiB
2026/05/29 06:44:22.085, 2624 MiB
2026/05/29 06:44:23.090, 2624 MiB
2026/05/29 06:44:24.090, 2624 MiB
2026/05/29 06:44:25.091, 2624 MiB
2026/05/29 06:44:26.091, 2624 MiB
2026/05/29 06:44:27.091, 2624 MiB
2026/05/29 06:44:28.092, 2624 MiB
2026/05/29 06:44:29.092, 2624 MiB
2026/05/29 06:44:30.092, 2624 MiB
2026/05/29 06:44:31.093, 2624 MiB
2026/05/29 06:44:32.093, 2624 MiB
2026/05/29 06:44:33.093, 2624 MiB
2026/05/29 06:44:34.094, 2624 MiB
2026/05/29 06:44:35.094, 2624 MiB
2026/05/29 06:44:36.094, 2624 MiB
2026/05/29 06:44:37.094, 2624 MiB
2026/05/29 06:44:38.096, 2624 MiB
2026/05/29 06:44:39.097, 2624 MiB
2026/05/29 06:44:40.097, 2624 MiB
2026/05/29 06:44:41.098, 2624 MiB
2026/05/29 06:44:42.098, 2624 MiB
2026/05/29 06:44:43.098, 2624 MiB
2026/05/29 06:44:44.098, 2624 MiB
2026/05/29 06:44:45.099, 2624 MiB
2026/05/29 06:44:46.099, 2624 MiB
2026/05/29 06:44:47.099, 2624 MiB
2026/05/29 06:44:48.100, 2624 MiB
2026/05/29 06:44:49.100, 2624 MiB
2026/05/29 06:44:50.100, 2624 MiB
2026/05/29 06:44:51.101, 2624 MiB
2026/05/29 06:44:52.101, 2624 MiB
2026/05/29 06:44:53.101, 2624 MiB
2026/05/29 06:44:54.102, 2628 MiB
2026/05/29 06:44:55.102, 2628 MiB
2026/05/29 06:44:56.103, 2628 MiB
2026/05/29 06:44:57.104, 2628 MiB
2026/05/29 06:44:58.104, 2809 MiB
2026/05/29 06:44:59.104, 6305 MiB
2026/05/29 06:45:00.105, 6305 MiB
2026/05/29 06:45:01.105, 6305 MiB
2026/05/29 06:45:02.105, 8789 MiB
2026/05/29 06:45:03.105, 2649 MiB
2026/05/29 06:45:04.106, 2649 MiB
2026/05/29 06:45:05.106, 2649 MiB
2026/05/29 06:45:06.106, 2649 MiB
2026/05/29 06:45:07.107, 2649 MiB
2026/05/29 06:45:08.107, 2649 MiB
2026/05/29 06:45:09.107, 2649 MiB
2026/05/29 06:45:10.108, 2649 MiB
2026/05/29 06:45:11.108, 2649 MiB
2026/05/29 06:45:12.108, 2649 MiB
2026/05/29 06:45:13.109, 2648 MiB
2026/05/29 06:45:14.109, 2648 MiB
2026/05/29 06:45:15.110, 2648 MiB
2026/05/29 06:45:16.110, 2648 MiB
2026/05/29 06:45:17.111, 2648 MiB
2026/05/29 06:45:18.111, 2648 MiB
2026/05/29 06:45:19.111, 2648 MiB
2026/05/29 06:45:20.111, 2649 MiB
2026/05/29 06:45:21.112, 2649 MiB
2026/05/29 06:45:22.112, 2649 MiB
2026/05/29 06:45:23.112, 2649 MiB
2026/05/29 06:45:24.113, 2649 MiB
2026/05/29 06:45:25.113, 2649 MiB
2026/05/29 06:45:26.113, 2649 MiB
2026/05/29 06:45:27.114, 2649 MiB
2026/05/29 06:45:28.114, 2649 MiB
2026/05/29 06:45:29.114, 2649 MiB
2026/05/29 06:45:30.115, 2649 MiB
2026/05/29 06:45:31.115, 2649 MiB
2026/05/29 06:45:32.116, 2649 MiB
2026/05/29 06:45:33.117, 2649 MiB
2026/05/29 06:45:34.118, 2649 MiB
2026/05/29 06:45:35.118, 2649 MiB
2026/05/29 06:45:36.119, 2649 MiB
2026/05/29 06:45:37.119, 2649 MiB
2026/05/29 06:45:38.120, 2649 MiB
2026/05/29 06:45:39.121, 2649 MiB
2026/05/29 06:45:40.121, 2649 MiB
2026/05/29 06:45:41.121, 6044 MiB
2026/05/29 06:45:42.122, 6044 MiB
2026/05/29 06:45:43.122, 6044 MiB
2026/05/29 06:45:44.122, 5604 MiB
2026/05/29 06:45:45.123, 2624 MiB
2026/05/29 06:45:46.123, 2624 MiB
2026/05/29 06:45:47.123, 2624 MiB
2026/05/29 06:45:48.123, 2624 MiB
2026/05/29 06:45:49.124, 2624 MiB
2026/05/29 06:45:50.124, 2624 MiB
2026/05/29 06:45:51.124, 2624 MiB
2026/05/29 06:45:52.125, 2624 MiB
2026/05/29 06:45:53.125, 2624 MiB
2026/05/29 06:45:54.125, 2624 MiB
2026/05/29 06:45:55.125, 2624 MiB
2026/05/29 06:45:56.126, 2624 MiB
2026/05/29 06:45:57.126, 2621 MiB
2026/05/29 06:45:58.127, 2628 MiB
2026/05/29 06:45:59.128, 2628 MiB
2026/05/29 06:46:00.128, 2628 MiB
2026/05/29 06:46:01.128, 2628 MiB
2026/05/29 06:46:02.129, 2628 MiB
2026/05/29 06:46:03.130, 2629 MiB
2026/05/29 06:46:04.130, 2629 MiB
2026/05/29 06:46:05.130, 2629 MiB
2026/05/29 06:46:06.130, 2629 MiB
2026/05/29 06:46:07.131, 2629 MiB
2026/05/29 06:46:08.131, 2629 MiB
2026/05/29 06:46:09.131, 2629 MiB
2026/05/29 06:46:10.132, 2629 MiB
2026/05/29 06:46:11.133, 2629 MiB
2026/05/29 06:46:12.134, 2629 MiB
2026/05/29 06:46:13.134, 2629 MiB
2026/05/29 06:46:14.135, 2629 MiB
2026/05/29 06:46:15.135, 2629 MiB
2026/05/29 06:46:16.135, 2629 MiB
2026/05/29 06:46:17.136, 2629 MiB
2026/05/29 06:46:18.136, 2629 MiB
2026/05/29 06:46:19.136, 2628 MiB
2026/05/29 06:46:20.136, 2628 MiB
2026/05/29 06:46:21.137, 2625 MiB
2026/05/29 06:46:22.137, 2628 MiB
2026/05/29 06:46:23.137, 2628 MiB
2026/05/29 06:46:24.138, 6289 MiB
2026/05/29 06:46:25.138, 6309 MiB
2026/05/29 06:46:26.138, 6309 MiB
2026/05/29 06:46:27.139, 5408 MiB
2026/05/29 06:46:28.139, 2648 MiB
2026/05/29 06:46:29.140, 2644 MiB
2026/05/29 06:46:30.140, 2644 MiB
2026/05/29 06:46:31.140, 2644 MiB
2026/05/29 06:46:32.141, 2644 MiB
2026/05/29 06:46:33.141, 2644 MiB
2026/05/29 06:46:34.141, 2641 MiB
2026/05/29 06:46:35.141, 2641 MiB
2026/05/29 06:46:36.142, 2641 MiB
2026/05/29 06:46:37.142, 2641 MiB
2026/05/29 06:46:38.142, 2641 MiB
2026/05/29 06:46:39.143, 2641 MiB
2026/05/29 06:46:40.143, 2641 MiB
2026/05/29 06:46:41.144, 2648 MiB
2026/05/29 06:46:42.144, 2648 MiB
2026/05/29 06:46:43.144, 2648 MiB
2026/05/29 06:46:44.144, 2648 MiB
2026/05/29 06:46:45.145, 2648 MiB
2026/05/29 06:46:46.145, 2649 MiB
2026/05/29 06:46:47.145, 2649 MiB
2026/05/29 06:46:48.147, 2649 MiB
2026/05/29 06:46:49.147, 2649 MiB
2026/05/29 06:46:50.147, 2649 MiB
2026/05/29 06:46:51.148, 2649 MiB
2026/05/29 06:46:52.149, 2649 MiB
2026/05/29 06:46:53.149, 2649 MiB
2026/05/29 06:46:54.149, 2649 MiB
2026/05/29 06:46:55.150, 2649 MiB
2026/05/29 06:46:56.150, 2649 MiB
2026/05/29 06:46:57.150, 2648 MiB
2026/05/29 06:46:58.151, 2648 MiB
2026/05/29 06:46:59.151, 2645 MiB
2026/05/29 06:47:00.151, 2645 MiB
2026/05/29 06:47:01.151, 2645 MiB
2026/05/29 06:47:02.152, 2645 MiB
2026/05/29 06:47:03.152, 2645 MiB
2026/05/29 06:47:04.153, 2648 MiB
2026/05/29 06:47:05.154, 2648 MiB
2026/05/29 06:47:06.154, 2649 MiB
2026/05/29 06:47:07.154, 6009 MiB
2026/05/29 06:47:08.155, 6009 MiB
2026/05/29 06:47:09.155, 6009 MiB
2026/05/29 06:47:10.155, 8648 MiB
2026/05/29 06:47:11.156, 2629 MiB
2026/05/29 06:47:12.157, 2629 MiB
2026/05/29 06:47:13.157, 2629 MiB
2026/05/29 06:47:14.157, 2629 MiB
2026/05/29 06:47:15.158, 2629 MiB
2026/05/29 06:47:16.158, 2629 MiB
2026/05/29 06:47:17.158, 2629 MiB
2026/05/29 06:47:18.159, 2629 MiB
2026/05/29 06:47:19.159, 2629 MiB
2026/05/29 06:47:20.159, 2629 MiB
2026/05/29 06:47:21.160, 2629 MiB
2026/05/29 06:47:22.160, 2629 MiB
2026/05/29 06:47:23.160, 2629 MiB
2026/05/29 06:47:24.161, 2629 MiB
2026/05/29 06:47:25.162, 2629 MiB
2026/05/29 06:47:26.162, 2629 MiB
2026/05/29 06:47:27.164, 2629 MiB
2026/05/29 06:47:28.164, 2629 MiB
2026/05/29 06:47:29.165, 2629 MiB
2026/05/29 06:47:30.165, 2629 MiB
2026/05/29 06:47:31.166, 2629 MiB
2026/05/29 06:47:32.167, 2629 MiB
2026/05/29 06:47:33.167, 2629 MiB
2026/05/29 06:47:34.167, 2629 MiB
2026/05/29 06:47:35.169, 2629 MiB
2026/05/29 06:47:36.169, 2628 MiB
2026/05/29 06:47:37.169, 2628 MiB
2026/05/29 06:47:38.170, 2624 MiB
2026/05/29 06:47:39.170, 2624 MiB
2026/05/29 06:47:40.170, 2624 MiB
2026/05/29 06:47:41.171, 2624 MiB
2026/05/29 06:47:42.171, 2624 MiB
2026/05/29 06:47:43.171, 2624 MiB
2026/05/29 06:47:44.192, 2624 MiB
2026/05/29 06:47:45.192, 2624 MiB
2026/05/29 06:47:46.192, 2624 MiB
2026/05/29 06:47:47.192, 2624 MiB
2026/05/29 06:47:48.194, 2624 MiB
2026/05/29 06:47:49.194, 6284 MiB
2026/05/29 06:47:50.195, 6304 MiB
2026/05/29 06:47:51.195, 6304 MiB
2026/05/29 06:47:52.195, 6304 MiB
2026/05/29 06:47:53.196, 2644 MiB
2026/05/29 06:47:54.196, 2644 MiB
2026/05/29 06:47:55.196, 2644 MiB
2026/05/29 06:47:56.196, 2644 MiB
2026/05/29 06:47:57.197, 2644 MiB
2026/05/29 06:47:58.197, 2644 MiB
2026/05/29 06:47:59.197, 2644 MiB
2026/05/29 06:48:00.198, 2644 MiB
2026/05/29 06:48:01.198, 2644 MiB
2026/05/29 06:48:02.198, 2644 MiB
2026/05/29 06:48:03.198, 2644 MiB
2026/05/29 06:48:04.199, 2644 MiB
2026/05/29 06:48:05.199, 2644 MiB
2026/05/29 06:48:06.199, 2644 MiB
2026/05/29 06:48:07.200, 2644 MiB
2026/05/29 06:48:08.200, 2644 MiB
2026/05/29 06:48:09.200, 2644 MiB
2026/05/29 06:48:10.201, 2644 MiB
2026/05/29 06:48:11.201, 2644 MiB
2026/05/29 06:48:12.201, 2644 MiB
2026/05/29 06:48:13.202, 2644 MiB
2026/05/29 06:48:14.203, 2644 MiB
2026/05/29 06:48:15.203, 2644 MiB
2026/05/29 06:48:16.203, 2644 MiB
2026/05/29 06:48:17.204, 2644 MiB
2026/05/29 06:48:18.204, 2644 MiB
2026/05/29 06:48:19.205, 2644 MiB
2026/05/29 06:48:20.205, 2644 MiB
2026/05/29 06:48:21.206, 2644 MiB
2026/05/29 06:48:22.208, 2644 MiB
2026/05/29 06:48:23.209, 2644 MiB
2026/05/29 06:48:24.210, 2644 MiB
2026/05/29 06:48:25.210, 2644 MiB
2026/05/29 06:48:26.211, 2644 MiB
2026/05/29 06:48:27.211, 2644 MiB
2026/05/29 06:48:28.211, 2644 MiB
2026/05/29 06:48:29.213, 2644 MiB
2026/05/29 06:48:30.213, 2644 MiB
2026/05/29 06:48:31.213, 2644 MiB
2026/05/29 06:48:32.213, 6044 MiB
2026/05/29 06:48:33.214, 6044 MiB
2026/05/29 06:48:34.214, 7904 MiB
2026/05/29 06:48:35.214, 2644 MiB
2026/05/29 06:48:36.215, 2644 MiB
2026/05/29 06:48:37.215, 2644 MiB
2026/05/29 06:48:38.215, 2644 MiB
2026/05/29 06:48:39.216, 2644 MiB
2026/05/29 06:48:40.216, 2644 MiB
2026/05/29 06:48:41.216, 2644 MiB
2026/05/29 06:48:42.216, 2644 MiB
2026/05/29 06:48:43.217, 2644 MiB
2026/05/29 06:48:44.217, 2644 MiB
2026/05/29 06:48:45.217, 2644 MiB
2026/05/29 06:48:46.218, 2644 MiB
2026/05/29 06:48:47.218, 2644 MiB
2026/05/29 06:48:48.218, 2644 MiB
2026/05/29 06:48:49.219, 2644 MiB
2026/05/29 06:48:50.219, 2644 MiB
2026/05/29 06:48:51.219, 2644 MiB
2026/05/29 06:48:52.219, 2644 MiB
2026/05/29 06:48:53.220, 2648 MiB
2026/05/29 06:48:54.220, 2648 MiB
2026/05/29 06:48:55.221, 2648 MiB
2026/05/29 06:48:56.226, 2648 MiB
2026/05/29 06:48:57.226, 2648 MiB
2026/05/29 06:48:58.226, 2649 MiB
2026/05/29 06:48:59.227, 2649 MiB
2026/05/29 06:49:00.227, 2649 MiB
2026/05/29 06:49:01.227, 2649 MiB
2026/05/29 06:49:02.228, 2649 MiB
2026/05/29 06:49:03.228, 2649 MiB
2026/05/29 06:49:04.229, 2649 MiB
2026/05/29 06:49:05.230, 2649 MiB
2026/05/29 06:49:06.231, 2649 MiB
2026/05/29 06:49:07.231, 2649 MiB
2026/05/29 06:49:08.231, 2649 MiB
2026/05/29 06:49:09.231, 2649 MiB
2026/05/29 06:49:10.232, 2649 MiB
2026/05/29 06:49:11.232, 2649 MiB
2026/05/29 06:49:12.232, 2649 MiB
2026/05/29 06:49:13.233, 6309 MiB
2026/05/29 06:49:14.233, 6329 MiB
2026/05/29 06:49:15.233, 6329 MiB
2026/05/29 06:49:16.234, 6328 MiB
2026/05/29 06:49:17.234, 2668 MiB
2026/05/29 06:49:18.235, 2664 MiB
2026/05/29 06:49:19.235, 2661 MiB
2026/05/29 06:49:20.235, 2661 MiB
2026/05/29 06:49:21.236, 2661 MiB
2026/05/29 06:49:22.236, 2661 MiB
2026/05/29 06:49:23.236, 2661 MiB
2026/05/29 06:49:24.236, 2661 MiB
2026/05/29 06:49:25.237, 2661 MiB
2026/05/29 06:49:26.237, 2668 MiB
2026/05/29 06:49:27.237, 2668 MiB
2026/05/29 06:49:28.237, 2668 MiB
2026/05/29 06:49:29.238, 2668 MiB
2026/05/29 06:49:30.238, 2668 MiB
2026/05/29 06:49:31.238, 2668 MiB
2026/05/29 06:49:32.239, 2666 MiB
2026/05/29 06:49:33.240, 2666 MiB
2026/05/29 06:49:34.240, 2666 MiB
2026/05/29 06:49:35.240, 2666 MiB
2026/05/29 06:49:36.241, 2666 MiB
2026/05/29 06:49:37.241, 2666 MiB
2026/05/29 06:49:38.241, 2666 MiB
2026/05/29 06:49:39.242, 2666 MiB
2026/05/29 06:49:40.242, 2666 MiB
2026/05/29 06:49:41.242, 2666 MiB
2026/05/29 06:49:42.242, 2666 MiB
2026/05/29 06:49:43.243, 2666 MiB
2026/05/29 06:49:44.243, 2666 MiB
2026/05/29 06:49:45.243, 2666 MiB
2026/05/29 06:49:46.244, 2666 MiB
2026/05/29 06:49:47.244, 2666 MiB
2026/05/29 06:49:48.244, 2666 MiB
2026/05/29 06:49:49.245, 2668 MiB
2026/05/29 06:49:50.245, 2668 MiB
2026/05/29 06:49:51.245, 2668 MiB
2026/05/29 06:49:52.246, 2668 MiB
2026/05/29 06:49:53.246, 2668 MiB
2026/05/29 06:49:54.246, 2669 MiB
2026/05/29 06:49:55.247, 2669 MiB
2026/05/29 06:49:56.247, 6029 MiB
2026/05/29 06:49:57.247, 6029 MiB
2026/05/29 06:49:58.247, 6029 MiB
2026/05/29 06:49:59.248, 5828 MiB
2026/05/29 06:50:00.248, 2648 MiB
2026/05/29 06:50:01.248, 2644 MiB
2026/05/29 06:50:02.248, 2644 MiB
2026/05/29 06:50:03.249, 2644 MiB
2026/05/29 06:50:04.249, 2644 MiB
2026/05/29 06:50:05.249, 2644 MiB
2026/05/29 06:50:06.254, 2644 MiB
2026/05/29 06:50:07.255, 2644 MiB
2026/05/29 06:50:08.255, 2644 MiB
2026/05/29 06:50:09.256, 2644 MiB
2026/05/29 06:50:10.256, 2644 MiB
2026/05/29 06:50:11.256, 2644 MiB
2026/05/29 06:50:12.257, 2644 MiB
2026/05/29 06:50:13.257, 2644 MiB
2026/05/29 06:50:14.257, 2644 MiB
2026/05/29 06:50:15.257, 2644 MiB
2026/05/29 06:50:16.258, 2648 MiB
2026/05/29 06:50:17.259, 2648 MiB
2026/05/29 06:50:18.260, 2648 MiB
2026/05/29 06:50:19.261, 2648 MiB
2026/05/29 06:50:20.261, 2648 MiB
2026/05/29 06:50:21.261, 2649 MiB
2026/05/29 06:50:22.262, 2649 MiB
2026/05/29 06:50:23.263, 2649 MiB
2026/05/29 06:50:24.263, 2649 MiB
2026/05/29 06:50:25.264, 2649 MiB
2026/05/29 06:50:26.268, 2649 MiB
2026/05/29 06:50:27.268, 2649 MiB
2026/05/29 06:50:28.268, 2649 MiB
2026/05/29 06:50:29.269, 2649 MiB
2026/05/29 06:50:30.269, 2649 MiB
2026/05/29 06:50:31.269, 2649 MiB
2026/05/29 06:50:32.269, 2648 MiB
2026/05/29 06:50:33.270, 2645 MiB
2026/05/29 06:50:34.270, 2646 MiB
2026/05/29 06:50:35.271, 2646 MiB
2026/05/29 06:50:36.272, 2646 MiB
2026/05/29 06:50:37.273, 2646 MiB
2026/05/29 06:50:38.273, 2666 MiB
2026/05/29 06:50:39.273, 6326 MiB
2026/05/29 06:50:40.274, 6326 MiB
2026/05/29 06:50:41.274, 6326 MiB
2026/05/29 06:50:42.274, 5886 MiB
2026/05/29 06:50:43.274, 2646 MiB
2026/05/29 06:50:44.275, 2646 MiB
2026/05/29 06:50:45.275, 2646 MiB
2026/05/29 06:50:46.275, 2646 MiB
2026/05/29 06:50:47.276, 2646 MiB
2026/05/29 06:50:48.276, 2646 MiB
2026/05/29 06:50:49.276, 2649 MiB
2026/05/29 06:50:50.277, 2649 MiB
2026/05/29 06:50:51.277, 2649 MiB
2026/05/29 06:50:52.277, 2649 MiB
2026/05/29 06:50:53.277, 2649 MiB
2026/05/29 06:50:54.278, 2649 MiB
2026/05/29 06:50:55.278, 2649 MiB
2026/05/29 06:50:56.278, 2648 MiB
2026/05/29 06:50:57.279, 2645 MiB
2026/05/29 06:50:58.279, 2645 MiB
2026/05/29 06:50:59.279, 2645 MiB
2026/05/29 06:51:00.279, 2645 MiB
2026/05/29 06:51:01.280, 2646 MiB
2026/05/29 06:51:02.280, 2646 MiB
2026/05/29 06:51:03.281, 2646 MiB
2026/05/29 06:51:04.281, 2646 MiB
2026/05/29 06:51:05.282, 2646 MiB
2026/05/29 06:51:06.283, 2646 MiB
2026/05/29 06:51:07.283, 2646 MiB
2026/05/29 06:51:08.283, 2646 MiB
2026/05/29 06:51:09.284, 2646 MiB
2026/05/29 06:51:10.284, 2646 MiB
2026/05/29 06:51:11.284, 2646 MiB
2026/05/29 06:51:12.285, 2646 MiB
2026/05/29 06:51:13.286, 2646 MiB
2026/05/29 06:51:14.286, 2646 MiB
2026/05/29 06:51:15.286, 2646 MiB
2026/05/29 06:51:16.286, 2646 MiB
2026/05/29 06:51:17.287, 2646 MiB
2026/05/29 06:51:18.287, 2646 MiB
2026/05/29 06:51:19.288, 2646 MiB
2026/05/29 06:51:20.290, 2646 MiB
2026/05/29 06:51:21.290, 2646 MiB
2026/05/29 06:51:22.291, 2846 MiB
2026/05/29 06:51:23.291, 6326 MiB
2026/05/29 06:51:24.291, 6329 MiB
2026/05/29 06:51:25.292, 6329 MiB
2026/05/29 06:51:26.292, 5529 MiB
2026/05/29 06:51:27.292, 2649 MiB
2026/05/29 06:51:28.292, 2649 MiB
2026/05/29 06:51:29.293, 2649 MiB
2026/05/29 06:51:30.293, 2649 MiB
2026/05/29 06:51:31.293, 2649 MiB
2026/05/29 06:51:32.294, 2649 MiB
2026/05/29 06:51:33.294, 2649 MiB
2026/05/29 06:51:34.294, 2649 MiB
2026/05/29 06:51:35.294, 2649 MiB
2026/05/29 06:51:36.295, 2649 MiB
2026/05/29 06:51:37.295, 2649 MiB
2026/05/29 06:51:38.295, 2649 MiB
2026/05/29 06:51:39.296, 2649 MiB
2026/05/29 06:51:40.296, 2646 MiB
2026/05/29 06:51:41.296, 2646 MiB
2026/05/29 06:51:42.297, 2646 MiB
2026/05/29 06:51:43.297, 2646 MiB
2026/05/29 06:51:44.297, 2646 MiB
2026/05/29 06:51:45.298, 2646 MiB
2026/05/29 06:51:46.298, 2646 MiB
2026/05/29 06:51:47.298, 2646 MiB
2026/05/29 06:51:48.299, 2646 MiB
2026/05/29 06:51:49.300, 2646 MiB
2026/05/29 06:51:50.300, 2649 MiB
2026/05/29 06:51:51.300, 2649 MiB
2026/05/29 06:51:52.301, 2649 MiB
2026/05/29 06:51:53.301, 2649 MiB
2026/05/29 06:51:54.301, 2649 MiB
2026/05/29 06:51:55.302, 2649 MiB
2026/05/29 06:51:56.302, 2649 MiB
2026/05/29 06:51:57.303, 2649 MiB
2026/05/29 06:51:58.303, 2649 MiB
2026/05/29 06:51:59.304, 2649 MiB
2026/05/29 06:52:00.304, 2649 MiB
2026/05/29 06:52:01.304, 2649 MiB
2026/05/29 06:52:02.305, 2649 MiB
2026/05/29 06:52:03.306, 2649 MiB
2026/05/29 06:52:04.306, 2649 MiB
2026/05/29 06:52:05.307, 2849 MiB
2026/05/29 06:52:06.307, 6329 MiB
2026/05/29 06:52:07.308, 6329 MiB
2026/05/29 06:52:08.309, 2648 MiB
2026/05/29 06:52:09.309, 2648 MiB
2026/05/29 06:52:10.309, 2644 MiB
2026/05/29 06:52:11.310, 2644 MiB
2026/05/29 06:52:12.312, 2644 MiB
2026/05/29 06:52:13.312, 2644 MiB
2026/05/29 06:52:14.312, 2644 MiB
2026/05/29 06:52:15.313, 2644 MiB
2026/05/29 06:52:16.313, 2644 MiB
2026/05/29 06:52:17.314, 2644 MiB
2026/05/29 06:52:18.314, 2644 MiB
2026/05/29 06:52:19.314, 2644 MiB
2026/05/29 06:52:20.315, 2644 MiB
2026/05/29 06:52:21.315, 2644 MiB
2026/05/29 06:52:22.315, 2641 MiB
2026/05/29 06:52:23.316, 2641 MiB
2026/05/29 06:52:24.316, 2641 MiB
2026/05/29 06:52:25.316, 2646 MiB
2026/05/29 06:52:26.317, 2646 MiB
2026/05/29 06:52:27.317, 2646 MiB
2026/05/29 06:52:28.317, 2646 MiB
2026/05/29 06:52:29.318, 2646 MiB
2026/05/29 06:52:30.318, 2646 MiB
2026/05/29 06:52:31.328, 2646 MiB
2026/05/29 06:52:32.328, 2646 MiB
2026/05/29 06:52:33.329, 2646 MiB
2026/05/29 06:52:34.329, 2646 MiB
2026/05/29 06:52:35.330, 2649 MiB
2026/05/29 06:52:36.330, 2649 MiB
2026/05/29 06:52:37.330, 2649 MiB
2026/05/29 06:52:38.331, 2649 MiB
2026/05/29 06:52:39.332, 2649 MiB
2026/05/29 06:52:40.333, 2649 MiB
2026/05/29 06:52:41.333, 2649 MiB
2026/05/29 06:52:42.333, 2649 MiB
2026/05/29 06:52:43.334, 2649 MiB
2026/05/29 06:52:44.335, 2649 MiB
2026/05/29 06:52:45.335, 2649 MiB
2026/05/29 06:52:46.335, 2649 MiB
2026/05/29 06:52:47.337, 2649 MiB
2026/05/29 06:52:48.337, 6009 MiB
2026/05/29 06:52:49.337, 6009 MiB
2026/05/29 06:52:50.338, 6013 MiB
2026/05/29 06:52:51.338, 2624 MiB
2026/05/29 06:52:52.339, 2624 MiB
2026/05/29 06:52:53.339, 2624 MiB
2026/05/29 06:52:54.339, 2620 MiB
2026/05/29 06:52:55.340, 2624 MiB
2026/05/29 06:52:56.340, 2624 MiB
2026/05/29 06:52:57.340, 2624 MiB
2026/05/29 06:52:58.341, 2624 MiB
2026/05/29 06:52:59.341, 2624 MiB
2026/05/29 06:53:00.341, 2624 MiB
2026/05/29 06:53:01.342, 2624 MiB
2026/05/29 06:53:02.342, 2624 MiB
2026/05/29 06:53:03.342, 2624 MiB
2026/05/29 06:53:04.343, 2624 MiB
2026/05/29 06:53:05.343, 2624 MiB
2026/05/29 06:53:06.343, 2626 MiB
2026/05/29 06:53:07.344, 2626 MiB
2026/05/29 06:53:08.344, 2626 MiB
2026/05/29 06:53:09.344, 2626 MiB
2026/05/29 06:53:10.345, 2626 MiB
2026/05/29 06:53:11.346, 2629 MiB
2026/05/29 06:53:12.346, 2629 MiB
2026/05/29 06:53:13.347, 2629 MiB
2026/05/29 06:53:14.348, 2629 MiB
2026/05/29 06:53:15.348, 2629 MiB
2026/05/29 06:53:16.348, 2629 MiB
2026/05/29 06:53:17.351, 2629 MiB
2026/05/29 06:53:18.351, 2629 MiB
2026/05/29 06:53:19.352, 2629 MiB
2026/05/29 06:53:20.353, 2629 MiB
2026/05/29 06:53:21.353, 2629 MiB
2026/05/29 06:53:22.354, 2629 MiB
2026/05/29 06:53:23.354, 2629 MiB
2026/05/29 06:53:24.355, 2629 MiB
2026/05/29 06:53:25.355, 2629 MiB
2026/05/29 06:53:26.355, 2629 MiB
2026/05/29 06:53:27.356, 2629 MiB
2026/05/29 06:53:28.356, 2629 MiB
2026/05/29 06:53:29.356, 2629 MiB
2026/05/29 06:53:30.357, 6309 MiB
2026/05/29 06:53:31.357, 6309 MiB
2026/05/29 06:53:32.359, 6308 MiB
2026/05/29 06:53:33.359, 8648 MiB
2026/05/29 06:53:34.359, 2644 MiB
2026/05/29 06:53:35.359, 2644 MiB
2026/05/29 06:53:36.360, 2644 MiB
2026/05/29 06:53:37.360, 2644 MiB
2026/05/29 06:53:38.360, 2644 MiB
2026/05/29 06:53:39.361, 2644 MiB
2026/05/29 06:53:40.361, 2644 MiB
2026/05/29 06:53:41.361, 2644 MiB
2026/05/29 06:53:42.362, 2644 MiB
2026/05/29 06:53:43.362, 2644 MiB
2026/05/29 06:53:44.362, 2644 MiB
2026/05/29 06:53:45.363, 2644 MiB
2026/05/29 06:53:46.364, 2644 MiB
2026/05/29 06:53:47.365, 2644 MiB
2026/05/29 06:53:48.365, 2644 MiB
2026/05/29 06:53:49.365, 2644 MiB
2026/05/29 06:53:50.366, 2644 MiB
2026/05/29 06:53:51.367, 2644 MiB
2026/05/29 06:53:52.368, 2644 MiB
2026/05/29 06:53:53.368, 2644 MiB
2026/05/29 06:53:54.369, 2644 MiB
2026/05/29 06:53:55.369, 2644 MiB
2026/05/29 06:53:56.370, 2644 MiB
2026/05/29 06:53:57.370, 2644 MiB
2026/05/29 06:53:58.370, 2644 MiB
2026/05/29 06:53:59.371, 2644 MiB
2026/05/29 06:54:00.372, 2644 MiB
2026/05/29 06:54:01.372, 2644 MiB
2026/05/29 06:54:02.373, 2644 MiB
2026/05/29 06:54:03.374, 2644 MiB
2026/05/29 06:54:04.375, 2644 MiB
2026/05/29 06:54:05.375, 2644 MiB
2026/05/29 06:54:06.376, 2644 MiB
2026/05/29 06:54:07.377, 2644 MiB
2026/05/29 06:54:08.377, 2644 MiB
2026/05/29 06:54:09.378, 2644 MiB
2026/05/29 06:54:10.378, 2644 MiB
2026/05/29 06:54:11.378, 2644 MiB
2026/05/29 06:54:12.379, 6324 MiB
2026/05/29 06:54:13.379, 6324 MiB
2026/05/29 06:54:14.379, 6324 MiB
2026/05/29 06:54:15.380, 8804 MiB
2026/05/29 06:54:16.380, 2644 MiB
2026/05/29 06:54:17.380, 2644 MiB
2026/05/29 06:54:18.380, 2641 MiB
2026/05/29 06:54:19.381, 2641 MiB
2026/05/29 06:54:20.381, 2641 MiB
2026/05/29 06:54:21.381, 2641 MiB
2026/05/29 06:54:22.382, 2641 MiB
2026/05/29 06:54:23.382, 2641 MiB
2026/05/29 06:54:24.383, 2641 MiB
2026/05/29 06:54:25.383, 2641 MiB
2026/05/29 06:54:26.383, 2646 MiB
2026/05/29 06:54:27.383, 2646 MiB
2026/05/29 06:54:28.384, 2646 MiB
2026/05/29 06:54:29.384, 2646 MiB
2026/05/29 06:54:30.385, 2646 MiB
2026/05/29 06:54:31.385, 2649 MiB
2026/05/29 06:54:32.385, 2649 MiB
2026/05/29 06:54:33.386, 2649 MiB
2026/05/29 06:54:34.386, 2649 MiB
2026/05/29 06:54:35.386, 2649 MiB
2026/05/29 06:54:36.387, 2649 MiB
2026/05/29 06:54:37.388, 2649 MiB
2026/05/29 06:54:38.388, 2649 MiB
2026/05/29 06:54:39.388, 2649 MiB
2026/05/29 06:54:40.389, 2649 MiB
2026/05/29 06:54:41.389, 2649 MiB
2026/05/29 06:54:42.406, 2649 MiB
2026/05/29 06:54:43.406, 2649 MiB
2026/05/29 06:54:44.407, 2649 MiB
2026/05/29 06:54:45.408, 2649 MiB
2026/05/29 06:54:46.408, 2649 MiB
2026/05/29 06:54:47.409, 2649 MiB
2026/05/29 06:54:48.410, 2649 MiB
2026/05/29 06:54:49.410, 2649 MiB
2026/05/29 06:54:50.410, 2649 MiB
2026/05/29 06:54:51.411, 2649 MiB
2026/05/29 06:54:52.411, 2649 MiB
2026/05/29 06:54:53.411, 2649 MiB
2026/05/29 06:54:54.412, 6049 MiB
2026/05/29 06:54:55.412, 6049 MiB
2026/05/29 06:54:56.413, 6048 MiB
2026/05/29 06:54:57.414, 8648 MiB
2026/05/29 06:54:58.415, 2628 MiB
2026/05/29 06:54:59.416, 2624 MiB
2026/05/29 06:55:00.416, 2624 MiB
2026/05/29 06:55:01.416, 2624 MiB
2026/05/29 06:55:02.417, 2624 MiB
2026/05/29 06:55:03.417, 2624 MiB
2026/05/29 06:55:04.417, 2624 MiB
2026/05/29 06:55:05.418, 2624 MiB
2026/05/29 06:55:06.418, 2624 MiB
2026/05/29 06:55:07.418, 2624 MiB
2026/05/29 06:55:08.419, 2624 MiB
2026/05/29 06:55:09.419, 2624 MiB
2026/05/29 06:55:10.419, 2624 MiB
2026/05/29 06:55:11.420, 2624 MiB
2026/05/29 06:55:12.421, 2624 MiB
2026/05/29 06:55:13.421, 2624 MiB
2026/05/29 06:55:14.421, 2624 MiB
2026/05/29 06:55:15.422, 2624 MiB
2026/05/29 06:55:16.422, 2624 MiB
2026/05/29 06:55:17.422, 2624 MiB
2026/05/29 06:55:18.424, 2624 MiB
2026/05/29 06:55:19.425, 2624 MiB
2026/05/29 06:55:20.425, 2624 MiB
2026/05/29 06:55:21.425, 2624 MiB
2026/05/29 06:55:22.426, 2624 MiB
2026/05/29 06:55:23.426, 2624 MiB
2026/05/29 06:55:24.427, 2624 MiB
2026/05/29 06:55:25.428, 2624 MiB
2026/05/29 06:55:26.428, 2624 MiB
2026/05/29 06:55:27.429, 2624 MiB
2026/05/29 06:55:28.430, 2624 MiB
2026/05/29 06:55:29.430, 2624 MiB
2026/05/29 06:55:30.430, 2624 MiB
2026/05/29 06:55:31.432, 2624 MiB
2026/05/29 06:55:32.432, 2624 MiB
2026/05/29 06:55:33.433, 2624 MiB
2026/05/29 06:55:34.434, 2624 MiB
2026/05/29 06:55:35.434, 2624 MiB
2026/05/29 06:55:36.435, 2824 MiB
2026/05/29 06:55:37.436, 6304 MiB
2026/05/29 06:55:38.436, 6304 MiB
2026/05/29 06:55:39.436, 6304 MiB
2026/05/29 06:55:40.436, 3664 MiB
2026/05/29 06:55:41.437, 2644 MiB
2026/05/29 06:55:42.437, 2644 MiB
2026/05/29 06:55:43.437, 2644 MiB
2026/05/29 06:55:44.437, 2641 MiB
2026/05/29 06:55:45.438, 2649 MiB
2026/05/29 06:55:46.438, 2649 MiB
2026/05/29 06:55:47.438, 2649 MiB
2026/05/29 06:55:48.439, 2649 MiB
2026/05/29 06:55:49.439, 2649 MiB
2026/05/29 06:55:50.439, 2649 MiB
2026/05/29 06:55:51.439, 2649 MiB
2026/05/29 06:55:52.440, 2649 MiB
2026/05/29 06:55:53.443, 2649 MiB
2026/05/29 06:55:54.443, 2649 MiB
2026/05/29 06:55:55.444, 2649 MiB
2026/05/29 06:55:56.445, 2649 MiB
2026/05/29 06:55:57.445, 2649 MiB
2026/05/29 06:55:58.458, 2649 MiB
2026/05/29 06:55:59.459, 2649 MiB
2026/05/29 06:56:00.459, 2649 MiB
2026/05/29 06:56:01.459, 2649 MiB
2026/05/29 06:56:02.460, 2649 MiB
2026/05/29 06:56:03.461, 2649 MiB
2026/05/29 06:56:04.462, 2649 MiB
2026/05/29 06:56:05.462, 2649 MiB
2026/05/29 06:56:06.462, 2649 MiB
2026/05/29 06:56:07.463, 2649 MiB
2026/05/29 06:56:08.464, 2649 MiB
2026/05/29 06:56:09.465, 2649 MiB
2026/05/29 06:56:10.465, 2649 MiB
2026/05/29 06:56:11.465, 2649 MiB
2026/05/29 06:56:12.466, 2648 MiB
2026/05/29 06:56:13.466, 2648 MiB
2026/05/29 06:56:14.466, 2648 MiB
2026/05/29 06:56:15.466, 2644 MiB
2026/05/29 06:56:16.467, 2644 MiB
2026/05/29 06:56:17.467, 2644 MiB
2026/05/29 06:56:18.467, 2644 MiB
2026/05/29 06:56:19.467, 6004 MiB
2026/05/29 06:56:20.468, 6004 MiB
2026/05/29 06:56:21.468, 6004 MiB
2026/05/29 06:56:22.468, 2841 MiB
2026/05/29 06:56:23.468, 2621 MiB
2026/05/29 06:56:24.469, 2629 MiB
2026/05/29 06:56:25.469, 2629 MiB
2026/05/29 06:56:26.469, 2629 MiB
2026/05/29 06:56:27.471, 2629 MiB
2026/05/29 06:56:28.471, 2629 MiB
2026/05/29 06:56:29.471, 2629 MiB
2026/05/29 06:56:30.471, 2629 MiB
2026/05/29 06:56:31.472, 2629 MiB
2026/05/29 06:56:32.472, 2629 MiB
2026/05/29 06:56:33.472, 2629 MiB
2026/05/29 06:56:34.473, 2629 MiB
2026/05/29 06:56:35.473, 2629 MiB
2026/05/29 06:56:36.481, 2629 MiB
2026/05/29 06:56:37.481, 2629 MiB
2026/05/29 06:56:38.482, 2629 MiB
2026/05/29 06:56:39.483, 2629 MiB
2026/05/29 06:56:40.483, 2629 MiB
2026/05/29 06:56:41.483, 2629 MiB
2026/05/29 06:56:42.484, 2629 MiB
2026/05/29 06:56:43.484, 2629 MiB
2026/05/29 06:56:44.484, 2629 MiB
2026/05/29 06:56:45.499, 2629 MiB
2026/05/29 06:56:46.499, 2629 MiB
2026/05/29 06:56:47.500, 2629 MiB
2026/05/29 06:56:48.501, 2629 MiB
2026/05/29 06:56:49.502, 2629 MiB
2026/05/29 06:56:50.502, 2629 MiB
2026/05/29 06:56:51.503, 2629 MiB
2026/05/29 06:56:52.504, 2629 MiB
2026/05/29 06:56:53.504, 2629 MiB
2026/05/29 06:56:54.505, 2629 MiB
2026/05/29 06:56:55.505, 2629 MiB
2026/05/29 06:56:56.506, 2629 MiB
2026/05/29 06:56:57.506, 2629 MiB
2026/05/29 06:56:58.506, 2629 MiB
2026/05/29 06:56:59.506, 2629 MiB
2026/05/29 06:57:00.507, 2629 MiB
2026/05/29 06:57:01.507, 2829 MiB
2026/05/29 06:57:02.507, 6309 MiB
2026/05/29 06:57:03.507, 6309 MiB
2026/05/29 06:57:04.508, 6309 MiB
2026/05/29 06:57:05.508, 2648 MiB
2026/05/29 06:57:06.508, 2644 MiB
2026/05/29 06:57:07.508, 2644 MiB
2026/05/29 06:57:08.509, 2644 MiB
2026/05/29 06:57:09.509, 2644 MiB
2026/05/29 06:57:10.509, 2644 MiB
2026/05/29 06:57:11.510, 2644 MiB
2026/05/29 06:57:12.510, 2644 MiB
2026/05/29 06:57:13.510, 2644 MiB
2026/05/29 06:57:14.510, 2644 MiB
2026/05/29 06:57:15.511, 2644 MiB
2026/05/29 06:57:16.511, 2644 MiB
2026/05/29 06:57:17.511, 2644 MiB
2026/05/29 06:57:18.512, 2644 MiB
2026/05/29 06:57:19.512, 2644 MiB
2026/05/29 06:57:20.513, 2644 MiB
2026/05/29 06:57:21.513, 2644 MiB
2026/05/29 06:57:22.513, 2644 MiB
2026/05/29 06:57:23.514, 2644 MiB
2026/05/29 06:57:24.514, 2644 MiB
2026/05/29 06:57:25.514, 2644 MiB
2026/05/29 06:57:26.516, 2644 MiB
2026/05/29 06:57:27.516, 2644 MiB
2026/05/29 06:57:28.517, 2644 MiB
2026/05/29 06:57:29.518, 2644 MiB
2026/05/29 06:57:30.518, 2644 MiB
2026/05/29 06:57:31.519, 2644 MiB
2026/05/29 06:57:32.519, 2644 MiB
2026/05/29 06:57:33.519, 2644 MiB
2026/05/29 06:57:34.521, 2641 MiB
2026/05/29 06:57:35.521, 2642 MiB
2026/05/29 06:57:36.522, 2641 MiB
2026/05/29 06:57:37.522, 2641 MiB
2026/05/29 06:57:38.522, 2641 MiB
2026/05/29 06:57:39.522, 2641 MiB
2026/05/29 06:57:40.523, 2641 MiB
2026/05/29 06:57:41.528, 2641 MiB
2026/05/29 06:57:42.528, 2641 MiB
2026/05/29 06:57:43.529, 2641 MiB
2026/05/29 06:57:44.529, 3381 MiB
2026/05/29 06:57:45.529, 6001 MiB
2026/05/29 06:57:46.529, 6001 MiB
2026/05/29 06:57:47.530, 6001 MiB
2026/05/29 06:57:48.531, 2621 MiB
2026/05/29 06:57:49.532, 2621 MiB
2026/05/29 06:57:50.532, 2621 MiB
2026/05/29 06:57:51.532, 2621 MiB
2026/05/29 06:57:52.533, 2621 MiB
2026/05/29 06:57:53.533, 2621 MiB
2026/05/29 06:57:54.533, 2621 MiB
2026/05/29 06:57:55.534, 2621 MiB
2026/05/29 06:57:56.535, 2621 MiB
2026/05/29 06:57:57.535, 2626 MiB
2026/05/29 06:57:58.535, 2626 MiB
2026/05/29 06:57:59.536, 2626 MiB
2026/05/29 06:58:00.536, 2626 MiB
2026/05/29 06:58:01.536, 2626 MiB
2026/05/29 06:58:02.537, 2626 MiB
2026/05/29 06:58:03.537, 2626 MiB
2026/05/29 06:58:04.537, 2626 MiB
2026/05/29 06:58:05.540, 2626 MiB
2026/05/29 06:58:06.541, 2626 MiB
2026/05/29 06:58:07.541, 2626 MiB
2026/05/29 06:58:08.541, 2626 MiB
2026/05/29 06:58:09.542, 2626 MiB
2026/05/29 06:58:10.542, 2626 MiB
2026/05/29 06:58:11.542, 2626 MiB
2026/05/29 06:58:12.544, 2626 MiB
2026/05/29 06:58:13.544, 2626 MiB
2026/05/29 06:58:14.544, 2626 MiB
2026/05/29 06:58:15.545, 2626 MiB
2026/05/29 06:58:16.545, 2626 MiB
2026/05/29 06:58:17.546, 2626 MiB
2026/05/29 06:58:18.547, 2626 MiB
2026/05/29 06:58:19.547, 2626 MiB
2026/05/29 06:58:20.548, 2626 MiB
2026/05/29 06:58:21.548, 2626 MiB
2026/05/29 06:58:22.548, 2626 MiB
2026/05/29 06:58:23.555, 2626 MiB
2026/05/29 06:58:24.556, 2625 MiB
2026/05/29 06:58:25.557, 2625 MiB
2026/05/29 06:58:26.557, 2621 MiB
2026/05/29 06:58:27.558, 2621 MiB
2026/05/29 06:58:28.558, 2621 MiB
2026/05/29 06:58:29.558, 6301 MiB
2026/05/29 06:58:30.558, 6301 MiB
2026/05/29 06:58:31.559, 8781 MiB
2026/05/29 06:58:32.559, 2641 MiB
2026/05/29 06:58:33.560, 2641 MiB
2026/05/29 06:58:34.560, 2641 MiB
2026/05/29 06:58:35.560, 2641 MiB
2026/05/29 06:58:36.561, 2641 MiB
2026/05/29 06:58:37.561, 2641 MiB
2026/05/29 06:58:38.562, 2641 MiB
2026/05/29 06:58:39.562, 2641 MiB
2026/05/29 06:58:40.562, 2641 MiB
2026/05/29 06:58:41.563, 2641 MiB
2026/05/29 06:58:42.563, 2641 MiB
2026/05/29 06:58:43.563, 2641 MiB
2026/05/29 06:58:44.565, 2641 MiB
2026/05/29 06:58:45.565, 2641 MiB
2026/05/29 06:58:46.566, 2641 MiB
2026/05/29 06:58:47.566, 2641 MiB
2026/05/29 06:58:48.567, 2641 MiB
2026/05/29 06:58:49.567, 2641 MiB
2026/05/29 06:58:50.567, 2641 MiB
2026/05/29 06:58:51.568, 2641 MiB
2026/05/29 06:58:52.569, 2641 MiB
2026/05/29 06:58:53.569, 2641 MiB
2026/05/29 06:58:54.571, 2641 MiB
2026/05/29 06:58:55.571, 2641 MiB
2026/05/29 06:58:56.572, 2641 MiB
2026/05/29 06:58:57.572, 2641 MiB
2026/05/29 06:58:58.572, 2641 MiB
2026/05/29 06:58:59.572, 2641 MiB
2026/05/29 06:59:00.573, 2641 MiB
2026/05/29 06:59:01.574, 2641 MiB
2026/05/29 06:59:02.575, 2641 MiB
2026/05/29 06:59:03.576, 2641 MiB
2026/05/29 06:59:04.576, 2641 MiB
2026/05/29 06:59:05.576, 2641 MiB
2026/05/29 06:59:06.576, 2641 MiB
2026/05/29 06:59:07.577, 2641 MiB
2026/05/29 06:59:08.577, 2641 MiB
2026/05/29 06:59:09.577, 2641 MiB
2026/05/29 06:59:10.578, 6041 MiB
2026/05/29 06:59:11.578, 6041 MiB
2026/05/29 06:59:12.578, 6041 MiB
2026/05/29 06:59:13.578, 2641 MiB
2026/05/29 06:59:14.579, 2621 MiB
2026/05/29 06:59:15.579, 2621 MiB
2026/05/29 06:59:16.579, 2621 MiB
2026/05/29 06:59:17.580, 2621 MiB
2026/05/29 06:59:18.580, 2621 MiB
2026/05/29 06:59:19.580, 2621 MiB
2026/05/29 06:59:20.581, 2621 MiB
2026/05/29 06:59:21.581, 2621 MiB
2026/05/29 06:59:22.581, 2621 MiB
2026/05/29 06:59:23.582, 2621 MiB
2026/05/29 06:59:24.582, 2621 MiB
2026/05/29 06:59:25.582, 2621 MiB
2026/05/29 06:59:26.582, 2621 MiB
2026/05/29 06:59:27.583, 2621 MiB
2026/05/29 06:59:28.583, 2621 MiB
2026/05/29 06:59:29.583, 2621 MiB
2026/05/29 06:59:30.584, 2621 MiB
2026/05/29 06:59:31.592, 2621 MiB
2026/05/29 06:59:32.592, 2621 MiB
2026/05/29 06:59:33.593, 2621 MiB
2026/05/29 06:59:34.594, 2621 MiB
2026/05/29 06:59:35.594, 2621 MiB
2026/05/29 06:59:36.595, 2621 MiB
2026/05/29 06:59:37.595, 2621 MiB
2026/05/29 06:59:38.595, 2621 MiB
2026/05/29 06:59:39.595, 2621 MiB
2026/05/29 06:59:40.596, 2621 MiB
2026/05/29 06:59:41.596, 2621 MiB
2026/05/29 06:59:42.598, 2621 MiB
2026/05/29 06:59:43.598, 2621 MiB
2026/05/29 06:59:44.598, 2621 MiB
2026/05/29 06:59:45.599, 2621 MiB
2026/05/29 06:59:46.599, 2621 MiB
2026/05/29 06:59:47.599, 2621 MiB
2026/05/29 06:59:48.600, 2621 MiB
2026/05/29 06:59:49.619, 2621 MiB
2026/05/29 06:59:50.619, 2621 MiB
2026/05/29 06:59:51.620, 2621 MiB
2026/05/29 06:59:52.620, 2821 MiB
2026/05/29 06:59:53.620, 6301 MiB
2026/05/29 06:59:54.621, 6661 MiB
2026/05/29 06:59:55.622, 2641 MiB
2026/05/29 06:59:56.623, 2641 MiB
2026/05/29 06:59:57.623, 2641 MiB
2026/05/29 06:59:58.649, 2641 MiB
2026/05/29 06:59:59.649, 2641 MiB
2026/05/29 07:00:00.650, 2641 MiB
2026/05/29 07:00:01.650, 2641 MiB
2026/05/29 07:00:02.650, 2641 MiB
2026/05/29 07:00:03.651, 2641 MiB
2026/05/29 07:00:04.651, 2641 MiB
2026/05/29 07:00:05.651, 2641 MiB
2026/05/29 07:00:06.651, 2641 MiB
2026/05/29 07:00:07.652, 2641 MiB
2026/05/29 07:00:08.652, 2641 MiB
2026/05/29 07:00:09.652, 2646 MiB
2026/05/29 07:00:10.653, 2646 MiB
2026/05/29 07:00:11.653, 2646 MiB
2026/05/29 07:00:12.654, 2646 MiB
2026/05/29 07:00:13.654, 2646 MiB
2026/05/29 07:00:14.655, 2646 MiB
2026/05/29 07:00:15.655, 2646 MiB
2026/05/29 07:00:16.656, 2646 MiB
2026/05/29 07:00:17.656, 2646 MiB
2026/05/29 07:00:18.656, 2646 MiB
2026/05/29 07:00:19.659, 2646 MiB
2026/05/29 07:00:20.659, 2646 MiB
2026/05/29 07:00:21.662, 2646 MiB
2026/05/29 07:00:22.662, 2646 MiB
2026/05/29 07:00:23.663, 2646 MiB
2026/05/29 07:00:24.663, 2646 MiB
2026/05/29 07:00:25.664, 2646 MiB
2026/05/29 07:00:26.665, 2646 MiB
2026/05/29 07:00:27.665, 2646 MiB
2026/05/29 07:00:28.666, 2646 MiB
2026/05/29 07:00:29.666, 2646 MiB
2026/05/29 07:00:30.666, 2646 MiB
2026/05/29 07:00:31.666, 2646 MiB
2026/05/29 07:00:32.667, 2646 MiB
2026/05/29 07:00:33.668, 3086 MiB
2026/05/29 07:00:34.668, 6046 MiB
2026/05/29 07:00:35.668, 6046 MiB
2026/05/29 07:00:36.668, 6045 MiB
2026/05/29 07:00:37.669, 2625 MiB
2026/05/29 07:00:38.669, 2621 MiB
2026/05/29 07:00:39.669, 2621 MiB
2026/05/29 07:00:40.669, 2621 MiB
2026/05/29 07:00:41.670, 2621 MiB
2026/05/29 07:00:42.670, 2621 MiB
2026/05/29 07:00:43.670, 2621 MiB
2026/05/29 07:00:44.671, 2621 MiB
2026/05/29 07:00:45.671, 2621 MiB
2026/05/29 07:00:46.671, 2621 MiB
2026/05/29 07:00:47.671, 2621 MiB
2026/05/29 07:00:48.672, 2621 MiB
2026/05/29 07:00:49.672, 2621 MiB
2026/05/29 07:00:50.673, 2621 MiB
2026/05/29 07:00:51.674, 2621 MiB
2026/05/29 07:00:52.675, 2621 MiB
2026/05/29 07:00:53.675, 2621 MiB
2026/05/29 07:00:54.675, 2621 MiB
2026/05/29 07:00:55.675, 2621 MiB
2026/05/29 07:00:56.676, 2621 MiB
2026/05/29 07:00:57.676, 2621 MiB
2026/05/29 07:00:58.676, 2621 MiB
2026/05/29 07:00:59.678, 2621 MiB
2026/05/29 07:01:00.679, 2621 MiB
2026/05/29 07:01:01.679, 2621 MiB
2026/05/29 07:01:02.679, 2621 MiB
2026/05/29 07:01:03.680, 2621 MiB
2026/05/29 07:01:04.680, 2621 MiB
2026/05/29 07:01:05.681, 2621 MiB
2026/05/29 07:01:06.681, 2621 MiB
2026/05/29 07:01:07.682, 2621 MiB
2026/05/29 07:01:08.682, 2621 MiB
2026/05/29 07:01:09.683, 2621 MiB
2026/05/29 07:01:10.683, 2621 MiB
2026/05/29 07:01:11.683, 2621 MiB
2026/05/29 07:01:12.684, 2621 MiB
2026/05/29 07:01:13.684, 2621 MiB
2026/05/29 07:01:14.685, 2621 MiB
2026/05/29 07:01:15.685, 2821 MiB
2026/05/29 07:01:16.686, 6301 MiB
2026/05/29 07:01:17.686, 6301 MiB
2026/05/29 07:01:18.686, 2641 MiB
2026/05/29 07:01:19.687, 2641 MiB
2026/05/29 07:01:20.687, 2641 MiB
2026/05/29 07:01:21.687, 2641 MiB
2026/05/29 07:01:22.688, 2641 MiB
2026/05/29 07:01:23.688, 2641 MiB
2026/05/29 07:01:24.689, 2641 MiB
2026/05/29 07:01:25.689, 2641 MiB
2026/05/29 07:01:26.689, 2646 MiB
2026/05/29 07:01:27.690, 2646 MiB
2026/05/29 07:01:28.690, 2646 MiB
2026/05/29 07:01:29.690, 2646 MiB
2026/05/29 07:01:30.690, 2646 MiB
2026/05/29 07:01:31.692, 2646 MiB
2026/05/29 07:01:32.692, 2646 MiB
2026/05/29 07:01:33.692, 2646 MiB
2026/05/29 07:01:34.693, 2646 MiB
2026/05/29 07:01:35.693, 2646 MiB
2026/05/29 07:01:36.695, 2646 MiB
2026/05/29 07:01:37.695, 2646 MiB
2026/05/29 07:01:38.695, 2646 MiB
2026/05/29 07:01:39.697, 2646 MiB
2026/05/29 07:01:40.697, 2646 MiB
2026/05/29 07:01:41.698, 2646 MiB
2026/05/29 07:01:42.698, 2646 MiB
2026/05/29 07:01:43.698, 2646 MiB
2026/05/29 07:01:44.699, 2646 MiB
2026/05/29 07:01:45.699, 2646 MiB
2026/05/29 07:01:46.699, 2646 MiB
2026/05/29 07:01:47.701, 2646 MiB
2026/05/29 07:01:48.701, 2646 MiB
2026/05/29 07:01:49.701, 2646 MiB
2026/05/29 07:01:50.702, 2646 MiB
2026/05/29 07:01:51.702, 2646 MiB
2026/05/29 07:01:52.703, 2646 MiB
2026/05/29 07:01:53.703, 2646 MiB
2026/05/29 07:01:54.703, 2646 MiB
2026/05/29 07:01:55.704, 2646 MiB
2026/05/29 07:01:56.705, 2646 MiB
2026/05/29 07:01:57.705, 6006 MiB
2026/05/29 07:01:58.706, 6006 MiB
2026/05/29 07:01:59.706, 2646 MiB
2026/05/29 07:02:00.706, 2625 MiB
2026/05/29 07:02:01.706, 2621 MiB
2026/05/29 07:02:02.707, 2621 MiB
2026/05/29 07:02:03.707, 2621 MiB
2026/05/29 07:02:04.707, 2621 MiB
2026/05/29 07:02:05.708, 2621 MiB
2026/05/29 07:02:06.708, 2621 MiB
2026/05/29 07:02:07.709, 2621 MiB
2026/05/29 07:02:08.709, 2621 MiB
2026/05/29 07:02:09.709, 2621 MiB
2026/05/29 07:02:10.710, 2621 MiB
2026/05/29 07:02:11.710, 2621 MiB
2026/05/29 07:02:12.710, 2621 MiB
2026/05/29 07:02:13.711, 2621 MiB
2026/05/29 07:02:14.712, 2621 MiB
2026/05/29 07:02:15.713, 2621 MiB
2026/05/29 07:02:16.713, 2621 MiB
2026/05/29 07:02:17.713, 2621 MiB
2026/05/29 07:02:18.714, 2621 MiB
2026/05/29 07:02:19.714, 2621 MiB
2026/05/29 07:02:20.715, 2621 MiB
2026/05/29 07:02:21.716, 2621 MiB
2026/05/29 07:02:22.716, 2621 MiB
2026/05/29 07:02:23.716, 2621 MiB
2026/05/29 07:02:24.716, 2621 MiB
2026/05/29 07:02:25.717, 2621 MiB
2026/05/29 07:02:26.717, 2621 MiB
2026/05/29 07:02:27.717, 2621 MiB
2026/05/29 07:02:28.718, 2621 MiB
2026/05/29 07:02:29.718, 2621 MiB
2026/05/29 07:02:30.718, 2621 MiB
2026/05/29 07:02:31.719, 2621 MiB
2026/05/29 07:02:32.719, 2621 MiB
2026/05/29 07:02:33.719, 2621 MiB
2026/05/29 07:02:34.719, 2621 MiB
2026/05/29 07:02:35.720, 2621 MiB
2026/05/29 07:02:36.721, 2621 MiB
2026/05/29 07:02:37.722, 2621 MiB
2026/05/29 07:02:38.723, 2621 MiB
2026/05/29 07:02:39.723, 6301 MiB
2026/05/29 07:02:40.723, 6301 MiB
2026/05/29 07:02:41.724, 6301 MiB
2026/05/29 07:02:42.724, 8641 MiB
2026/05/29 07:02:43.724, 2621 MiB
2026/05/29 07:02:44.724, 2621 MiB
2026/05/29 07:02:45.725, 2621 MiB
2026/05/29 07:02:46.725, 2621 MiB
2026/05/29 07:02:47.725, 2621 MiB
2026/05/29 07:02:48.725, 2621 MiB
2026/05/29 07:02:49.726, 2621 MiB
2026/05/29 07:02:50.726, 2621 MiB
2026/05/29 07:02:51.726, 2621 MiB
2026/05/29 07:02:52.726, 2621 MiB
2026/05/29 07:02:53.727, 2621 MiB
2026/05/29 07:02:54.727, 2621 MiB
2026/05/29 07:02:55.727, 2621 MiB
2026/05/29 07:02:56.728, 2621 MiB
2026/05/29 07:02:57.728, 2621 MiB
2026/05/29 07:02:58.728, 2621 MiB
2026/05/29 07:02:59.728, 2621 MiB
2026/05/29 07:03:00.729, 2621 MiB
2026/05/29 07:03:01.729, 2621 MiB
2026/05/29 07:03:02.729, 2621 MiB
2026/05/29 07:03:03.730, 2621 MiB
2026/05/29 07:03:04.730, 2621 MiB
2026/05/29 07:03:05.730, 2621 MiB
2026/05/29 07:03:06.731, 2621 MiB
2026/05/29 07:03:07.731, 2621 MiB
2026/05/29 07:03:08.731, 2621 MiB
2026/05/29 07:03:09.731, 2621 MiB
2026/05/29 07:03:10.732, 2621 MiB
2026/05/29 07:03:11.733, 2621 MiB
2026/05/29 07:03:12.734, 2621 MiB
2026/05/29 07:03:13.734, 2621 MiB
2026/05/29 07:03:14.734, 2621 MiB
2026/05/29 07:03:15.734, 2621 MiB
2026/05/29 07:03:16.735, 2621 MiB
2026/05/29 07:03:17.735, 2621 MiB
2026/05/29 07:03:18.735, 2621 MiB
2026/05/29 07:03:19.735, 2621 MiB
2026/05/29 07:03:20.737, 2626 MiB
2026/05/29 07:03:21.737, 6286 MiB
2026/05/29 07:03:22.737, 6306 MiB
2026/05/29 07:03:23.738, 6306 MiB
2026/05/29 07:03:24.738, 6306 MiB
2026/05/29 07:03:25.738, 2645 MiB
2026/05/29 07:03:26.738, 2642 MiB
2026/05/29 07:03:27.739, 2634 MiB
2026/05/29 07:03:28.739, 2634 MiB
2026/05/29 07:03:29.739, 2646 MiB
2026/05/29 07:03:30.743, 2646 MiB
2026/05/29 07:03:31.744, 2646 MiB
2026/05/29 07:03:32.744, 2646 MiB
2026/05/29 07:03:33.745, 2646 MiB
2026/05/29 07:03:34.745, 2646 MiB
2026/05/29 07:03:35.745, 2646 MiB
2026/05/29 07:03:36.746, 2646 MiB
2026/05/29 07:03:37.746, 2646 MiB
2026/05/29 07:03:38.747, 2646 MiB
2026/05/29 07:03:39.747, 2646 MiB
2026/05/29 07:03:40.747, 2646 MiB
2026/05/29 07:03:41.748, 2646 MiB
2026/05/29 07:03:42.749, 2646 MiB
2026/05/29 07:03:43.750, 2646 MiB
2026/05/29 07:03:44.750, 2646 MiB
2026/05/29 07:03:45.750, 2646 MiB
2026/05/29 07:03:46.751, 2646 MiB
2026/05/29 07:03:47.751, 2646 MiB
2026/05/29 07:03:48.752, 2646 MiB
2026/05/29 07:03:49.752, 2646 MiB
2026/05/29 07:03:50.752, 2646 MiB
2026/05/29 07:03:51.753, 2646 MiB
2026/05/29 07:03:52.754, 2646 MiB
2026/05/29 07:03:53.754, 2646 MiB
2026/05/29 07:03:54.754, 2645 MiB
2026/05/29 07:03:55.754, 2645 MiB
2026/05/29 07:03:56.756, 2641 MiB
2026/05/29 07:03:57.756, 2641 MiB
2026/05/29 07:03:58.757, 2641 MiB
2026/05/29 07:03:59.757, 2641 MiB
2026/05/29 07:04:00.757, 2641 MiB
2026/05/29 07:04:01.760, 2641 MiB
2026/05/29 07:04:02.760, 2641 MiB
2026/05/29 07:04:03.762, 2641 MiB
2026/05/29 07:04:04.762, 6321 MiB
2026/05/29 07:04:05.762, 6321 MiB
2026/05/29 07:04:06.772, 6321 MiB
2026/05/29 07:04:07.772, 8701 MiB
2026/05/29 07:04:08.773, 2621 MiB
2026/05/29 07:04:09.773, 2621 MiB
2026/05/29 07:04:10.773, 2621 MiB
2026/05/29 07:04:11.774, 2621 MiB
2026/05/29 07:04:12.774, 2621 MiB
2026/05/29 07:04:13.774, 2621 MiB
2026/05/29 07:04:14.774, 2621 MiB
2026/05/29 07:04:15.775, 2621 MiB
2026/05/29 07:04:16.775, 2621 MiB
2026/05/29 07:04:17.775, 2621 MiB
2026/05/29 07:04:18.776, 2621 MiB
2026/05/29 07:04:19.776, 2621 MiB
2026/05/29 07:04:20.776, 2626 MiB
2026/05/29 07:04:21.777, 2626 MiB
2026/05/29 07:04:22.777, 2626 MiB
2026/05/29 07:04:23.777, 2626 MiB
2026/05/29 07:04:24.778, 2626 MiB
2026/05/29 07:04:25.778, 2626 MiB
2026/05/29 07:04:26.780, 2626 MiB
2026/05/29 07:04:27.780, 2626 MiB
2026/05/29 07:04:28.780, 2626 MiB
2026/05/29 07:04:29.781, 2626 MiB
2026/05/29 07:04:30.781, 2626 MiB
2026/05/29 07:04:31.782, 2626 MiB
2026/05/29 07:04:32.783, 2626 MiB
2026/05/29 07:04:33.783, 2626 MiB
2026/05/29 07:04:34.783, 2626 MiB
2026/05/29 07:04:35.784, 2626 MiB
2026/05/29 07:04:36.785, 2626 MiB
2026/05/29 07:04:37.786, 2626 MiB
2026/05/29 07:04:38.786, 2626 MiB
2026/05/29 07:04:39.792, 2626 MiB
2026/05/29 07:04:40.792, 2626 MiB
2026/05/29 07:04:41.794, 2626 MiB
2026/05/29 07:04:42.794, 2626 MiB
2026/05/29 07:04:43.795, 2626 MiB
2026/05/29 07:04:44.796, 2626 MiB
2026/05/29 07:04:45.796, 2626 MiB
2026/05/29 07:04:46.797, 3061 MiB
2026/05/29 07:04:47.797, 6301 MiB
2026/05/29 07:04:48.797, 6301 MiB
2026/05/29 07:04:49.797, 6301 MiB
2026/05/29 07:04:50.798, 2641 MiB
2026/05/29 07:04:51.799, 2641 MiB
2026/05/29 07:04:52.799, 2641 MiB
2026/05/29 07:04:53.800, 2641 MiB
2026/05/29 07:04:54.800, 2641 MiB
2026/05/29 07:04:55.800, 2641 MiB
2026/05/29 07:04:56.800, 2641 MiB
2026/05/29 07:04:57.800, 2641 MiB
2026/05/29 07:04:58.801, 2641 MiB
2026/05/29 07:04:59.801, 2641 MiB
2026/05/29 07:05:00.801, 2641 MiB
2026/05/29 07:05:01.802, 2641 MiB
2026/05/29 07:05:02.802, 2641 MiB
2026/05/29 07:05:03.802, 2641 MiB
2026/05/29 07:05:04.803, 2641 MiB
2026/05/29 07:05:05.803, 2641 MiB
2026/05/29 07:05:06.804, 2641 MiB
2026/05/29 07:05:07.804, 2641 MiB
2026/05/29 07:05:08.805, 2641 MiB
2026/05/29 07:05:09.805, 2641 MiB
2026/05/29 07:05:10.805, 2641 MiB
2026/05/29 07:05:11.807, 2641 MiB
2026/05/29 07:05:12.808, 2641 MiB
2026/05/29 07:05:13.808, 2641 MiB
2026/05/29 07:05:14.811, 2641 MiB
2026/05/29 07:05:15.811, 2641 MiB
2026/05/29 07:05:16.812, 2641 MiB
2026/05/29 07:05:17.812, 2641 MiB
2026/05/29 07:05:18.813, 2641 MiB
2026/05/29 07:05:19.813, 2641 MiB
2026/05/29 07:05:20.813, 2641 MiB
2026/05/29 07:05:21.813, 2641 MiB
2026/05/29 07:05:22.814, 2638 MiB
2026/05/29 07:05:23.815, 2646 MiB
2026/05/29 07:05:24.815, 2646 MiB
2026/05/29 07:05:25.817, 2646 MiB
2026/05/29 07:05:26.817, 2646 MiB
2026/05/29 07:05:27.817, 2646 MiB
2026/05/29 07:05:28.818, 2646 MiB
2026/05/29 07:05:29.818, 2646 MiB
2026/05/29 07:05:30.818, 4786 MiB
2026/05/29 07:05:31.819, 6006 MiB
2026/05/29 07:05:32.819, 6006 MiB
2026/05/29 07:05:33.819, 6005 MiB
2026/05/29 07:05:34.820, 2625 MiB
2026/05/29 07:05:35.820, 2621 MiB
2026/05/29 07:05:36.821, 2621 MiB
2026/05/29 07:05:37.821, 2621 MiB
2026/05/29 07:05:38.822, 2621 MiB
2026/05/29 07:05:39.822, 2621 MiB
2026/05/29 07:05:40.822, 2621 MiB
2026/05/29 07:05:41.823, 2621 MiB
2026/05/29 07:05:42.823, 2621 MiB
2026/05/29 07:05:43.823, 2621 MiB
2026/05/29 07:05:44.823, 2626 MiB
2026/05/29 07:05:45.824, 2626 MiB
2026/05/29 07:05:46.824, 2626 MiB
2026/05/29 07:05:47.824, 2626 MiB
2026/05/29 07:05:48.825, 2626 MiB
2026/05/29 07:05:49.825, 2626 MiB
2026/05/29 07:05:50.826, 2626 MiB
2026/05/29 07:05:51.826, 2626 MiB
2026/05/29 07:05:52.827, 2626 MiB
2026/05/29 07:05:53.827, 2626 MiB
2026/05/29 07:05:54.850, 2626 MiB
2026/05/29 07:05:55.851, 2626 MiB
2026/05/29 07:05:56.852, 2626 MiB
2026/05/29 07:05:57.853, 2626 MiB
2026/05/29 07:05:58.853, 2626 MiB
2026/05/29 07:05:59.853, 2626 MiB
2026/05/29 07:06:00.854, 2626 MiB
2026/05/29 07:06:01.854, 2626 MiB
2026/05/29 07:06:02.854, 2626 MiB
2026/05/29 07:06:03.855, 2626 MiB
2026/05/29 07:06:04.856, 2626 MiB
2026/05/29 07:06:05.856, 2626 MiB
2026/05/29 07:06:06.856, 2626 MiB
2026/05/29 07:06:07.857, 2626 MiB
2026/05/29 07:06:08.857, 2626 MiB
2026/05/29 07:06:09.857, 2625 MiB
2026/05/29 07:06:10.858, 2625 MiB
2026/05/29 07:06:11.858, 2621 MiB
2026/05/29 07:06:12.859, 2621 MiB
2026/05/29 07:06:13.859, 6281 MiB
2026/05/29 07:06:14.860, 6301 MiB
2026/05/29 07:06:15.860, 6301 MiB
2026/05/29 07:06:16.861, 2621 MiB
2026/05/29 07:06:17.861, 2641 MiB
2026/05/29 07:06:18.861, 2641 MiB
2026/05/29 07:06:19.862, 2641 MiB
2026/05/29 07:06:20.864, 2641 MiB
2026/05/29 07:06:21.864, 2641 MiB
2026/05/29 07:06:22.865, 2641 MiB
2026/05/29 07:06:23.865, 2641 MiB
2026/05/29 07:06:24.865, 2641 MiB
2026/05/29 07:06:25.866, 2641 MiB
2026/05/29 07:06:26.866, 2641 MiB
2026/05/29 07:06:27.866, 2641 MiB
2026/05/29 07:06:28.867, 2641 MiB
2026/05/29 07:06:29.867, 2641 MiB
2026/05/29 07:06:30.868, 2641 MiB
2026/05/29 07:06:31.868, 2641 MiB
2026/05/29 07:06:32.868, 2641 MiB
2026/05/29 07:06:33.868, 2641 MiB
2026/05/29 07:06:34.870, 2641 MiB
2026/05/29 07:06:35.870, 2641 MiB
2026/05/29 07:06:36.870, 2641 MiB
2026/05/29 07:06:37.871, 2641 MiB
2026/05/29 07:06:38.871, 2641 MiB
2026/05/29 07:06:39.871, 2641 MiB
2026/05/29 07:06:40.872, 2641 MiB
2026/05/29 07:06:41.873, 2641 MiB
2026/05/29 07:06:42.873, 2641 MiB
2026/05/29 07:06:43.873, 2641 MiB
2026/05/29 07:06:44.873, 2641 MiB
2026/05/29 07:06:45.874, 2641 MiB
2026/05/29 07:06:46.874, 2641 MiB
2026/05/29 07:06:47.874, 2641 MiB
2026/05/29 07:06:48.874, 2641 MiB
2026/05/29 07:06:49.876, 2641 MiB
2026/05/29 07:06:50.876, 2641 MiB
2026/05/29 07:06:51.876, 2641 MiB
2026/05/29 07:06:52.877, 2641 MiB
2026/05/29 07:06:53.877, 2641 MiB
2026/05/29 07:06:54.878, 2641 MiB
2026/05/29 07:06:55.878, 2641 MiB
2026/05/29 07:06:56.879, 6041 MiB
2026/05/29 07:06:57.879, 6041 MiB
2026/05/29 07:06:58.879, 6041 MiB
2026/05/29 07:06:59.879, 8681 MiB
2026/05/29 07:07:00.880, 2621 MiB
2026/05/29 07:07:01.880, 2621 MiB
2026/05/29 07:07:02.882, 2621 MiB
2026/05/29 07:07:03.882, 2621 MiB
2026/05/29 07:07:04.882, 2621 MiB
2026/05/29 07:07:05.882, 2621 MiB
2026/05/29 07:07:06.883, 2621 MiB
2026/05/29 07:07:07.883, 2621 MiB
2026/05/29 07:07:08.883, 2621 MiB
2026/05/29 07:07:09.884, 2621 MiB
2026/05/29 07:07:10.884, 2621 MiB
2026/05/29 07:07:11.884, 2621 MiB
2026/05/29 07:07:12.884, 2621 MiB
2026/05/29 07:07:13.886, 2621 MiB
2026/05/29 07:07:14.886, 2621 MiB
2026/05/29 07:07:15.886, 2621 MiB
2026/05/29 07:07:16.887, 2621 MiB
2026/05/29 07:07:17.887, 2621 MiB
2026/05/29 07:07:18.887, 2621 MiB
2026/05/29 07:07:19.887, 2621 MiB
2026/05/29 07:07:20.888, 2621 MiB
2026/05/29 07:07:21.888, 2621 MiB
2026/05/29 07:07:22.888, 2621 MiB
2026/05/29 07:07:23.889, 2621 MiB
2026/05/29 07:07:24.889, 2621 MiB
2026/05/29 07:07:25.889, 2621 MiB
2026/05/29 07:07:26.890, 2621 MiB
2026/05/29 07:07:27.890, 2621 MiB
2026/05/29 07:07:28.891, 2621 MiB
2026/05/29 07:07:29.891, 2621 MiB
2026/05/29 07:07:30.891, 2621 MiB
2026/05/29 07:07:31.892, 2621 MiB
2026/05/29 07:07:32.892, 2621 MiB
2026/05/29 07:07:33.892, 2621 MiB
2026/05/29 07:07:34.893, 2621 MiB
2026/05/29 07:07:35.893, 2621 MiB
2026/05/29 07:07:36.894, 2621 MiB
2026/05/29 07:07:37.894, 2621 MiB
2026/05/29 07:07:38.894, 6281 MiB
2026/05/29 07:07:39.895, 6301 MiB
2026/05/29 07:07:40.895, 6305 MiB
2026/05/29 07:07:41.895, 3745 MiB
2026/05/29 07:07:42.896, 2641 MiB
2026/05/29 07:07:43.896, 2641 MiB
2026/05/29 07:07:44.896, 2641 MiB
2026/05/29 07:07:45.897, 2637 MiB
2026/05/29 07:07:46.897, 2637 MiB
2026/05/29 07:07:47.898, 2646 MiB
2026/05/29 07:07:48.898, 2646 MiB
2026/05/29 07:07:49.899, 2646 MiB
2026/05/29 07:07:50.899, 2646 MiB
2026/05/29 07:07:51.899, 2646 MiB
2026/05/29 07:07:52.900, 2646 MiB
2026/05/29 07:07:53.900, 2646 MiB
2026/05/29 07:07:54.900, 2646 MiB
2026/05/29 07:07:55.901, 2646 MiB
2026/05/29 07:07:56.901, 2646 MiB
2026/05/29 07:07:57.901, 2646 MiB
2026/05/29 07:07:58.902, 2646 MiB
2026/05/29 07:07:59.902, 2646 MiB
2026/05/29 07:08:00.902, 2646 MiB
2026/05/29 07:08:01.903, 2646 MiB
2026/05/29 07:08:02.903, 2646 MiB
2026/05/29 07:08:03.904, 2646 MiB
2026/05/29 07:08:04.904, 2646 MiB
2026/05/29 07:08:05.905, 2646 MiB
2026/05/29 07:08:06.906, 2646 MiB
2026/05/29 07:08:07.906, 2646 MiB
2026/05/29 07:08:08.906, 2646 MiB
2026/05/29 07:08:09.907, 2646 MiB
2026/05/29 07:08:10.908, 2646 MiB
2026/05/29 07:08:11.908, 2646 MiB
2026/05/29 07:08:12.908, 2646 MiB
2026/05/29 07:08:13.909, 2645 MiB
2026/05/29 07:08:14.910, 2645 MiB
2026/05/29 07:08:15.910, 2641 MiB
2026/05/29 07:08:16.912, 2641 MiB
2026/05/29 07:08:17.913, 2641 MiB
2026/05/29 07:08:18.914, 2641 MiB
2026/05/29 07:08:19.914, 2641 MiB
2026/05/29 07:08:20.915, 6001 MiB
2026/05/29 07:08:21.916, 6001 MiB
2026/05/29 07:08:22.916, 6001 MiB
2026/05/29 07:08:23.916, 4381 MiB
2026/05/29 07:08:24.916, 2621 MiB
2026/05/29 07:08:25.917, 2621 MiB
2026/05/29 07:08:26.918, 2621 MiB
2026/05/29 07:08:27.918, 2621 MiB
2026/05/29 07:08:28.939, 2621 MiB
2026/05/29 07:08:29.939, 2621 MiB
2026/05/29 07:08:30.939, 2621 MiB
2026/05/29 07:08:31.940, 2621 MiB
2026/05/29 07:08:32.940, 2621 MiB
2026/05/29 07:08:33.940, 2621 MiB
2026/05/29 07:08:34.941, 2621 MiB
2026/05/29 07:08:35.941, 2621 MiB
2026/05/29 07:08:36.941, 2621 MiB
2026/05/29 07:08:37.942, 2621 MiB
2026/05/29 07:08:38.942, 2621 MiB
2026/05/29 07:08:39.943, 2621 MiB
2026/05/29 07:08:40.947, 2621 MiB
2026/05/29 07:08:41.950, 2621 MiB
2026/05/29 07:08:42.950, 2621 MiB
2026/05/29 07:08:43.950, 2621 MiB
2026/05/29 07:08:44.951, 2621 MiB
2026/05/29 07:08:45.951, 2621 MiB
2026/05/29 07:08:46.951, 2621 MiB
2026/05/29 07:08:47.953, 2621 MiB
2026/05/29 07:08:48.955, 2626 MiB
2026/05/29 07:08:49.955, 2626 MiB
2026/05/29 07:08:50.956, 2626 MiB
2026/05/29 07:08:51.956, 2626 MiB
2026/05/29 07:08:52.956, 2626 MiB
2026/05/29 07:08:53.957, 2626 MiB
2026/05/29 07:08:54.957, 2625 MiB
2026/05/29 07:08:55.958, 2622 MiB
2026/05/29 07:08:56.960, 2626 MiB
2026/05/29 07:08:57.960, 2626 MiB
2026/05/29 07:08:58.962, 2626 MiB
2026/05/29 07:08:59.963, 2626 MiB
2026/05/29 07:09:00.964, 2626 MiB
2026/05/29 07:09:01.964, 2626 MiB
2026/05/29 07:09:02.964, 6286 MiB
2026/05/29 07:09:03.964, 6306 MiB
2026/05/29 07:09:04.965, 6306 MiB
2026/05/29 07:09:05.965, 2626 MiB
2026/05/29 07:09:06.965, 2645 MiB
2026/05/29 07:09:07.966, 2641 MiB
2026/05/29 07:09:08.966, 2641 MiB
2026/05/29 07:09:09.970, 2641 MiB
2026/05/29 07:09:10.970, 2641 MiB
2026/05/29 07:09:11.970, 2641 MiB
2026/05/29 07:09:12.971, 2641 MiB
2026/05/29 07:09:13.971, 2641 MiB
2026/05/29 07:09:14.971, 2641 MiB
2026/05/29 07:09:15.971, 2641 MiB
2026/05/29 07:09:16.972, 2641 MiB
2026/05/29 07:09:17.972, 2641 MiB
2026/05/29 07:09:18.972, 2641 MiB
2026/05/29 07:09:19.973, 2641 MiB
2026/05/29 07:09:20.973, 2641 MiB
2026/05/29 07:09:21.973, 2641 MiB
2026/05/29 07:09:22.975, 2641 MiB
2026/05/29 07:09:23.976, 2641 MiB
2026/05/29 07:09:24.976, 2641 MiB
2026/05/29 07:09:25.978, 2641 MiB
2026/05/29 07:09:26.978, 2641 MiB
2026/05/29 07:09:27.979, 2641 MiB
2026/05/29 07:09:28.980, 2641 MiB
2026/05/29 07:09:29.981, 2641 MiB
2026/05/29 07:09:30.981, 2641 MiB
2026/05/29 07:09:31.981, 2641 MiB
2026/05/29 07:09:32.982, 2641 MiB
2026/05/29 07:09:33.982, 2641 MiB
2026/05/29 07:09:34.982, 2641 MiB
2026/05/29 07:09:35.983, 2641 MiB
2026/05/29 07:09:36.983, 2641 MiB
2026/05/29 07:09:37.984, 2641 MiB
2026/05/29 07:09:38.984, 2641 MiB
2026/05/29 07:09:39.985, 2641 MiB
2026/05/29 07:09:40.986, 2641 MiB
2026/05/29 07:09:41.987, 2641 MiB
2026/05/29 07:09:42.987, 2641 MiB
2026/05/29 07:09:43.988, 2641 MiB
2026/05/29 07:09:44.988, 2641 MiB
2026/05/29 07:09:45.988, 6001 MiB
2026/05/29 07:09:46.989, 6001 MiB
2026/05/29 07:09:47.989, 6001 MiB
2026/05/29 07:09:48.989, 3241 MiB
2026/05/29 07:09:49.990, 2641 MiB
2026/05/29 07:09:50.990, 2641 MiB
2026/05/29 07:09:51.990, 2641 MiB
2026/05/29 07:09:52.991, 2641 MiB
2026/05/29 07:09:53.991, 2641 MiB
2026/05/29 07:09:54.991, 2641 MiB
2026/05/29 07:09:55.992, 2641 MiB
2026/05/29 07:09:56.992, 2641 MiB
2026/05/29 07:09:57.992, 2641 MiB
2026/05/29 07:09:58.993, 2641 MiB
2026/05/29 07:09:59.993, 2641 MiB
2026/05/29 07:10:00.993, 2641 MiB
2026/05/29 07:10:01.994, 2641 MiB
2026/05/29 07:10:02.996, 2641 MiB
2026/05/29 07:10:03.996, 2641 MiB
2026/05/29 07:10:04.996, 2641 MiB
2026/05/29 07:10:05.997, 2641 MiB
2026/05/29 07:10:06.997, 2641 MiB
2026/05/29 07:10:07.998, 2641 MiB
2026/05/29 07:10:08.999, 2641 MiB
2026/05/29 07:10:10.000, 2641 MiB
2026/05/29 07:10:11.000, 2641 MiB
2026/05/29 07:10:12.002, 2641 MiB
2026/05/29 07:10:13.002, 2641 MiB
2026/05/29 07:10:14.002, 2641 MiB
2026/05/29 07:10:15.002, 2641 MiB
2026/05/29 07:10:16.003, 2641 MiB
2026/05/29 07:10:17.003, 2641 MiB
2026/05/29 07:10:18.003, 2641 MiB
2026/05/29 07:10:19.004, 2641 MiB
2026/05/29 07:10:20.005, 2641 MiB
2026/05/29 07:10:21.005, 2641 MiB
2026/05/29 07:10:22.006, 2641 MiB
2026/05/29 07:10:23.006, 2641 MiB
2026/05/29 07:10:24.006, 2641 MiB
2026/05/29 07:10:25.007, 2641 MiB
2026/05/29 07:10:26.007, 2641 MiB
2026/05/29 07:10:27.008, 2641 MiB
2026/05/29 07:10:28.009, 2641 MiB
2026/05/29 07:10:29.009, 6321 MiB
2026/05/29 07:10:30.009, 6321 MiB
2026/05/29 07:10:31.010, 6321 MiB
2026/05/29 07:10:32.010, 8161 MiB
2026/05/29 07:10:33.010, 2661 MiB
2026/05/29 07:10:34.010, 2661 MiB
2026/05/29 07:10:35.011, 2661 MiB
2026/05/29 07:10:36.011, 2661 MiB
2026/05/29 07:10:37.011, 2661 MiB
2026/05/29 07:10:38.012, 2661 MiB
2026/05/29 07:10:39.012, 2661 MiB
2026/05/29 07:10:40.012, 2658 MiB
2026/05/29 07:10:41.013, 2658 MiB
2026/05/29 07:10:42.013, 2658 MiB
2026/05/29 07:10:43.013, 2658 MiB
2026/05/29 07:10:44.013, 2658 MiB
2026/05/29 07:10:45.014, 2658 MiB
2026/05/29 07:10:46.014, 2658 MiB
2026/05/29 07:10:47.015, 2666 MiB
2026/05/29 07:10:48.015, 2666 MiB
2026/05/29 07:10:49.020, 2666 MiB
2026/05/29 07:10:50.021, 2666 MiB
2026/05/29 07:10:51.021, 2666 MiB
2026/05/29 07:10:52.021, 2666 MiB
2026/05/29 07:10:53.022, 2666 MiB
2026/05/29 07:10:54.022, 2666 MiB
2026/05/29 07:10:55.022, 2666 MiB
2026/05/29 07:10:56.024, 2666 MiB
2026/05/29 07:10:57.025, 2666 MiB
2026/05/29 07:10:58.026, 2666 MiB
2026/05/29 07:10:59.026, 2666 MiB
2026/05/29 07:11:00.026, 2666 MiB
2026/05/29 07:11:01.027, 2666 MiB
2026/05/29 07:11:02.027, 2666 MiB
2026/05/29 07:11:03.028, 2666 MiB
2026/05/29 07:11:04.061, 2666 MiB
2026/05/29 07:11:05.062, 2666 MiB
2026/05/29 07:11:06.062, 2666 MiB
2026/05/29 07:11:07.062, 2666 MiB
2026/05/29 07:11:08.063, 2666 MiB
2026/05/29 07:11:09.063, 2666 MiB
2026/05/29 07:11:10.063, 2666 MiB
2026/05/29 07:11:11.063, 2926 MiB
2026/05/29 07:11:12.064, 6341 MiB
2026/05/29 07:11:13.064, 6341 MiB
2026/05/29 07:11:14.064, 6341 MiB
2026/05/29 07:11:15.065, 2621 MiB
2026/05/29 07:11:16.065, 2621 MiB
2026/05/29 07:11:17.065, 2621 MiB
2026/05/29 07:11:18.066, 2621 MiB
2026/05/29 07:11:19.066, 2618 MiB
2026/05/29 07:11:20.066, 2618 MiB
2026/05/29 07:11:21.066, 2618 MiB
2026/05/29 07:11:22.067, 2626 MiB
2026/05/29 07:11:23.068, 2626 MiB
2026/05/29 07:11:24.068, 2626 MiB
2026/05/29 07:11:25.068, 2626 MiB
2026/05/29 07:11:26.068, 2626 MiB
2026/05/29 07:11:27.069, 2626 MiB
2026/05/29 07:11:28.070, 2625 MiB
2026/05/29 07:11:29.070, 2622 MiB
2026/05/29 07:11:30.070, 2622 MiB
2026/05/29 07:11:31.070, 2622 MiB
2026/05/29 07:11:32.071, 2626 MiB
2026/05/29 07:11:33.071, 2626 MiB
2026/05/29 07:11:34.072, 2626 MiB
2026/05/29 07:11:35.072, 2626 MiB
2026/05/29 07:11:36.072, 2626 MiB
2026/05/29 07:11:37.074, 2626 MiB
2026/05/29 07:11:38.075, 2626 MiB
2026/05/29 07:11:39.075, 2626 MiB
2026/05/29 07:11:40.075, 2626 MiB
2026/05/29 07:11:41.075, 2626 MiB
2026/05/29 07:11:42.076, 2626 MiB
2026/05/29 07:11:43.077, 2626 MiB
2026/05/29 07:11:44.077, 2626 MiB
2026/05/29 07:11:45.078, 2626 MiB
2026/05/29 07:11:46.078, 2626 MiB
2026/05/29 07:11:47.078, 2626 MiB
2026/05/29 07:11:48.079, 2626 MiB
2026/05/29 07:11:49.079, 2626 MiB
2026/05/29 07:11:50.079, 2626 MiB
2026/05/29 07:11:51.079, 2626 MiB
2026/05/29 07:11:52.081, 2626 MiB
2026/05/29 07:11:53.081, 3886 MiB
2026/05/29 07:11:54.081, 6306 MiB
2026/05/29 07:11:55.081, 6306 MiB
2026/05/29 07:11:56.082, 6305 MiB
2026/05/29 07:11:57.092, 2625 MiB
2026/05/29 07:11:58.092, 2621 MiB
2026/05/29 07:11:59.092, 2621 MiB
2026/05/29 07:12:00.093, 2621 MiB
2026/05/29 07:12:01.093, 2621 MiB
2026/05/29 07:12:02.094, 2621 MiB
2026/05/29 07:12:03.094, 2621 MiB
2026/05/29 07:12:04.094, 2621 MiB
2026/05/29 07:12:05.094, 2621 MiB
2026/05/29 07:12:06.095, 2621 MiB
2026/05/29 07:12:07.095, 2621 MiB
2026/05/29 07:12:08.096, 2621 MiB
2026/05/29 07:12:09.096, 2621 MiB
2026/05/29 07:12:10.096, 2621 MiB
2026/05/29 07:12:11.097, 2621 MiB
2026/05/29 07:12:12.099, 2621 MiB
2026/05/29 07:12:13.099, 2621 MiB
2026/05/29 07:12:14.099, 2621 MiB
2026/05/29 07:12:15.100, 2621 MiB
2026/05/29 07:12:16.100, 2621 MiB
2026/05/29 07:12:17.100, 2621 MiB
2026/05/29 07:12:18.101, 2621 MiB
2026/05/29 07:12:19.101, 2621 MiB
2026/05/29 07:12:20.101, 2621 MiB
2026/05/29 07:12:21.102, 2621 MiB
2026/05/29 07:12:22.102, 2621 MiB
2026/05/29 07:12:23.103, 2626 MiB
2026/05/29 07:12:24.103, 2626 MiB
2026/05/29 07:12:25.104, 2626 MiB
2026/05/29 07:12:26.104, 2626 MiB
2026/05/29 07:12:27.106, 2626 MiB
2026/05/29 07:12:28.106, 2626 MiB
2026/05/29 07:12:29.108, 2626 MiB
2026/05/29 07:12:30.108, 2626 MiB
2026/05/29 07:12:31.108, 2626 MiB
2026/05/29 07:12:32.110, 2626 MiB
2026/05/29 07:12:33.110, 2626 MiB
2026/05/29 07:12:34.110, 2626 MiB
2026/05/29 07:12:35.111, 2626 MiB
2026/05/29 07:12:36.111, 2806 MiB
2026/05/29 07:12:37.112, 6306 MiB
2026/05/29 07:12:38.112, 6306 MiB
2026/05/29 07:12:39.112, 6306 MiB
2026/05/29 07:12:40.112, 4405 MiB
2026/05/29 07:12:41.113, 2625 MiB
2026/05/29 07:12:42.113, 2621 MiB
2026/05/29 07:12:43.113, 2621 MiB
2026/05/29 07:12:44.128, 2621 MiB
2026/05/29 07:12:45.128, 2621 MiB
2026/05/29 07:12:46.128, 2621 MiB
2026/05/29 07:12:47.129, 2621 MiB
2026/05/29 07:12:48.129, 2621 MiB
2026/05/29 07:12:49.129, 2621 MiB
2026/05/29 07:12:50.129, 2621 MiB
2026/05/29 07:12:51.130, 2621 MiB
2026/05/29 07:12:52.130, 2621 MiB
2026/05/29 07:12:53.130, 2626 MiB
2026/05/29 07:12:54.131, 2626 MiB
2026/05/29 07:12:55.131, 2626 MiB
2026/05/29 07:12:56.131, 2626 MiB
2026/05/29 07:12:57.137, 2626 MiB
2026/05/29 07:12:58.137, 2626 MiB
2026/05/29 07:12:59.138, 2626 MiB
2026/05/29 07:13:00.138, 2626 MiB
2026/05/29 07:13:01.139, 2626 MiB
2026/05/29 07:13:02.140, 2626 MiB
2026/05/29 07:13:03.140, 2626 MiB
2026/05/29 07:13:04.141, 2626 MiB
2026/05/29 07:13:05.141, 2626 MiB
2026/05/29 07:13:06.141, 2626 MiB
2026/05/29 07:13:07.141, 2626 MiB
2026/05/29 07:13:08.142, 2626 MiB
2026/05/29 07:13:09.142, 2626 MiB
2026/05/29 07:13:10.142, 2626 MiB
2026/05/29 07:13:11.143, 2626 MiB
2026/05/29 07:13:12.147, 2626 MiB
2026/05/29 07:13:13.148, 2626 MiB
2026/05/29 07:13:14.148, 2626 MiB
2026/05/29 07:13:15.148, 2626 MiB
2026/05/29 07:13:16.150, 2626 MiB
2026/05/29 07:13:17.151, 2626 MiB
2026/05/29 07:13:18.151, 6282 MiB
2026/05/29 07:13:19.151, 6302 MiB
2026/05/29 07:13:20.152, 6302 MiB
2026/05/29 07:13:21.152, 6302 MiB
2026/05/29 07:13:22.152, 2642 MiB
2026/05/29 07:13:23.152, 2642 MiB
2026/05/29 07:13:24.153, 2642 MiB
2026/05/29 07:13:25.153, 2642 MiB
2026/05/29 07:13:26.153, 2642 MiB
2026/05/29 07:13:27.153, 2642 MiB
2026/05/29 07:13:28.154, 2642 MiB
2026/05/29 07:13:29.154, 2642 MiB
2026/05/29 07:13:30.154, 2642 MiB
2026/05/29 07:13:31.154, 2642 MiB
2026/05/29 07:13:32.155, 2642 MiB
2026/05/29 07:13:33.155, 2642 MiB
2026/05/29 07:13:34.155, 2642 MiB
2026/05/29 07:13:35.155, 2642 MiB
2026/05/29 07:13:36.155, 2642 MiB
2026/05/29 07:13:37.156, 2642 MiB
2026/05/29 07:13:38.156, 2642 MiB
2026/05/29 07:13:39.156, 2642 MiB
2026/05/29 07:13:40.156, 2642 MiB
2026/05/29 07:13:41.157, 2642 MiB
2026/05/29 07:13:42.157, 2642 MiB
2026/05/29 07:13:43.157, 2642 MiB
2026/05/29 07:13:44.159, 2642 MiB
2026/05/29 07:13:45.160, 2642 MiB
2026/05/29 07:13:46.161, 2642 MiB
2026/05/29 07:13:47.161, 2642 MiB
2026/05/29 07:13:48.162, 2642 MiB
2026/05/29 07:13:49.162, 2642 MiB
2026/05/29 07:13:50.162, 2642 MiB
2026/05/29 07:13:51.162, 2642 MiB
2026/05/29 07:13:52.163, 2642 MiB
2026/05/29 07:13:53.163, 2642 MiB
2026/05/29 07:13:54.163, 2642 MiB
2026/05/29 07:13:55.164, 2647 MiB
2026/05/29 07:13:56.164, 2647 MiB
2026/05/29 07:13:57.164, 2647 MiB
2026/05/29 07:13:58.165, 2647 MiB
2026/05/29 07:13:59.173, 2647 MiB
2026/05/29 07:14:00.174, 6307 MiB
2026/05/29 07:14:01.174, 6327 MiB
2026/05/29 07:14:02.175, 6327 MiB
2026/05/29 07:14:03.176, 6327 MiB
2026/05/29 07:14:04.176, 2666 MiB
2026/05/29 07:14:05.176, 2665 MiB
2026/05/29 07:14:06.177, 2666 MiB
2026/05/29 07:14:07.177, 2666 MiB
2026/05/29 07:14:08.178, 2666 MiB
2026/05/29 07:14:09.178, 2666 MiB
2026/05/29 07:14:10.178, 2666 MiB
2026/05/29 07:14:11.179, 2666 MiB
2026/05/29 07:14:12.180, 2666 MiB
2026/05/29 07:14:13.180, 2666 MiB
2026/05/29 07:14:14.180, 2666 MiB
2026/05/29 07:14:15.181, 2666 MiB
2026/05/29 07:14:16.181, 2666 MiB
2026/05/29 07:14:17.182, 2666 MiB
2026/05/29 07:14:18.182, 2666 MiB
2026/05/29 07:14:19.182, 2666 MiB
2026/05/29 07:14:20.183, 2666 MiB
2026/05/29 07:14:21.183, 2666 MiB
2026/05/29 07:14:22.184, 2666 MiB
2026/05/29 07:14:23.184, 2666 MiB
2026/05/29 07:14:24.184, 2666 MiB
2026/05/29 07:14:25.185, 2666 MiB
2026/05/29 07:14:26.185, 2666 MiB
2026/05/29 07:14:27.185, 2666 MiB
2026/05/29 07:14:28.186, 2666 MiB
2026/05/29 07:14:29.187, 2666 MiB
2026/05/29 07:14:30.187, 2666 MiB
2026/05/29 07:14:31.187, 2666 MiB
2026/05/29 07:14:32.188, 2666 MiB
2026/05/29 07:14:33.188, 2666 MiB
2026/05/29 07:14:34.188, 2666 MiB
2026/05/29 07:14:35.188, 2666 MiB
2026/05/29 07:14:36.189, 2666 MiB
2026/05/29 07:14:37.190, 2666 MiB
2026/05/29 07:14:38.190, 2666 MiB
2026/05/29 07:14:39.191, 2666 MiB
2026/05/29 07:14:40.191, 2666 MiB
2026/05/29 07:14:41.191, 2666 MiB
2026/05/29 07:14:42.191, 6326 MiB
2026/05/29 07:14:43.192, 6346 MiB
2026/05/29 07:14:44.193, 6346 MiB
2026/05/29 07:14:45.201, 6345 MiB
2026/05/29 07:14:46.202, 2625 MiB
2026/05/29 07:14:47.202, 2621 MiB
2026/05/29 07:14:48.202, 2621 MiB
2026/05/29 07:14:49.203, 2621 MiB
2026/05/29 07:14:50.215, 2621 MiB
2026/05/29 07:14:51.215, 2621 MiB
2026/05/29 07:14:52.217, 2621 MiB
2026/05/29 07:14:53.217, 2621 MiB
2026/05/29 07:14:54.217, 2621 MiB
2026/05/29 07:14:55.218, 2621 MiB
2026/05/29 07:14:56.219, 2621 MiB
2026/05/29 07:14:57.219, 2621 MiB
2026/05/29 07:14:58.219, 2621 MiB
2026/05/29 07:14:59.220, 2621 MiB
2026/05/29 07:15:00.220, 2621 MiB
2026/05/29 07:15:01.221, 2621 MiB
2026/05/29 07:15:02.221, 2621 MiB
2026/05/29 07:15:03.221, 2621 MiB
2026/05/29 07:15:04.222, 2621 MiB
2026/05/29 07:15:05.222, 2621 MiB
2026/05/29 07:15:06.222, 2621 MiB
2026/05/29 07:15:07.223, 2621 MiB
2026/05/29 07:15:08.224, 2621 MiB
2026/05/29 07:15:09.225, 2621 MiB
2026/05/29 07:15:10.225, 2621 MiB
2026/05/29 07:15:11.225, 2621 MiB
2026/05/29 07:15:12.225, 2621 MiB
2026/05/29 07:15:13.226, 2621 MiB
2026/05/29 07:15:14.226, 2621 MiB
2026/05/29 07:15:15.226, 2621 MiB
2026/05/29 07:15:16.227, 2621 MiB
2026/05/29 07:15:17.227, 2621 MiB
2026/05/29 07:15:18.229, 2621 MiB
2026/05/29 07:15:19.229, 2621 MiB
2026/05/29 07:15:20.229, 2621 MiB
2026/05/29 07:15:21.229, 2621 MiB
2026/05/29 07:15:22.230, 2621 MiB
2026/05/29 07:15:23.231, 2621 MiB
2026/05/29 07:15:24.231, 6281 MiB
2026/05/29 07:15:25.232, 6301 MiB
2026/05/29 07:15:26.232, 8081 MiB
2026/05/29 07:15:27.232, 2621 MiB
2026/05/29 07:15:28.232, 2621 MiB
2026/05/29 07:15:29.233, 2621 MiB
2026/05/29 07:15:30.233, 2621 MiB
2026/05/29 07:15:31.233, 2621 MiB
2026/05/29 07:15:32.234, 2621 MiB
2026/05/29 07:15:33.234, 2621 MiB
2026/05/29 07:15:34.234, 2621 MiB
2026/05/29 07:15:35.235, 2621 MiB
2026/05/29 07:15:36.235, 2621 MiB
2026/05/29 07:15:37.235, 2621 MiB
2026/05/29 07:15:38.235, 2621 MiB
2026/05/29 07:15:39.236, 2621 MiB
2026/05/29 07:15:40.236, 2621 MiB
2026/05/29 07:15:41.237, 2621 MiB
2026/05/29 07:15:42.237, 2621 MiB
2026/05/29 07:15:43.238, 2621 MiB
2026/05/29 07:15:44.238, 2621 MiB
2026/05/29 07:15:45.239, 2621 MiB
2026/05/29 07:15:46.240, 2621 MiB
2026/05/29 07:15:47.240, 2621 MiB
2026/05/29 07:15:48.241, 2621 MiB
2026/05/29 07:15:49.242, 2621 MiB
2026/05/29 07:15:50.243, 2621 MiB
2026/05/29 07:15:51.243, 2621 MiB
2026/05/29 07:15:52.243, 2621 MiB
2026/05/29 07:15:53.243, 2621 MiB
2026/05/29 07:15:54.244, 2621 MiB
2026/05/29 07:15:55.245, 2621 MiB
2026/05/29 07:15:56.245, 2621 MiB
2026/05/29 07:15:57.246, 2621 MiB
2026/05/29 07:15:58.247, 2621 MiB
2026/05/29 07:15:59.247, 2621 MiB
2026/05/29 07:16:00.247, 2621 MiB
2026/05/29 07:16:01.247, 2621 MiB
2026/05/29 07:16:02.248, 2621 MiB
2026/05/29 07:16:03.248, 2621 MiB
2026/05/29 07:16:04.248, 6281 MiB
2026/05/29 07:16:05.249, 6301 MiB
2026/05/29 07:16:06.249, 6301 MiB
2026/05/29 07:16:07.249, 2621 MiB
2026/05/29 07:16:08.250, 2621 MiB
2026/05/29 07:16:09.250, 2618 MiB
2026/05/29 07:16:10.250, 2614 MiB
2026/05/29 07:16:11.250, 2623 MiB
2026/05/29 07:16:12.251, 2623 MiB
2026/05/29 07:16:13.251, 2623 MiB
2026/05/29 07:16:14.251, 2623 MiB
2026/05/29 07:16:15.252, 2623 MiB
2026/05/29 07:16:16.252, 2623 MiB
2026/05/29 07:16:17.252, 2623 MiB
2026/05/29 07:16:18.252, 2623 MiB
2026/05/29 07:16:19.253, 2623 MiB
2026/05/29 07:16:20.253, 2623 MiB
2026/05/29 07:16:21.253, 2623 MiB
2026/05/29 07:16:22.255, 2623 MiB
2026/05/29 07:16:23.255, 2623 MiB
2026/05/29 07:16:24.255, 2623 MiB
2026/05/29 07:16:25.257, 2623 MiB
2026/05/29 07:16:26.257, 2626 MiB
2026/05/29 07:16:27.258, 2626 MiB
2026/05/29 07:16:28.258, 2626 MiB
2026/05/29 07:16:29.259, 2626 MiB
2026/05/29 07:16:30.259, 2626 MiB
2026/05/29 07:16:31.260, 2626 MiB
2026/05/29 07:16:32.260, 2626 MiB
2026/05/29 07:16:33.260, 2626 MiB
2026/05/29 07:16:34.261, 2626 MiB
2026/05/29 07:16:35.261, 2626 MiB
2026/05/29 07:16:36.261, 2626 MiB
2026/05/29 07:16:37.262, 2626 MiB
2026/05/29 07:16:38.262, 2625 MiB
2026/05/29 07:16:39.263, 2622 MiB
2026/05/29 07:16:40.263, 2622 MiB
2026/05/29 07:16:41.263, 2623 MiB
2026/05/29 07:16:42.264, 2623 MiB
2026/05/29 07:16:43.265, 2623 MiB
2026/05/29 07:16:44.266, 2643 MiB
2026/05/29 07:16:45.267, 6303 MiB
2026/05/29 07:16:46.267, 6303 MiB
2026/05/29 07:16:47.267, 6303 MiB
2026/05/29 07:16:48.267, 2623 MiB
2026/05/29 07:16:49.268, 2623 MiB
2026/05/29 07:16:50.268, 2623 MiB
2026/05/29 07:16:51.268, 2626 MiB
2026/05/29 07:16:52.268, 2626 MiB
2026/05/29 07:16:53.269, 2626 MiB
2026/05/29 07:16:54.269, 2626 MiB
2026/05/29 07:16:55.269, 2626 MiB
2026/05/29 07:16:56.269, 2626 MiB
2026/05/29 07:16:57.270, 2626 MiB
2026/05/29 07:16:58.270, 2626 MiB
2026/05/29 07:16:59.270, 2626 MiB
2026/05/29 07:17:00.271, 2626 MiB
2026/05/29 07:17:01.271, 2626 MiB
2026/05/29 07:17:02.271, 2626 MiB
2026/05/29 07:17:03.271, 2626 MiB
2026/05/29 07:17:04.272, 2626 MiB
2026/05/29 07:17:05.274, 2626 MiB
2026/05/29 07:17:06.274, 2626 MiB
2026/05/29 07:17:07.274, 2626 MiB
2026/05/29 07:17:08.274, 2626 MiB
2026/05/29 07:17:09.275, 2626 MiB
2026/05/29 07:17:10.275, 2626 MiB
2026/05/29 07:17:11.276, 2626 MiB
2026/05/29 07:17:12.277, 2626 MiB
2026/05/29 07:17:13.277, 2626 MiB
2026/05/29 07:17:14.277, 2626 MiB
2026/05/29 07:17:15.279, 2626 MiB
2026/05/29 07:17:16.279, 2626 MiB
2026/05/29 07:17:17.279, 2626 MiB
2026/05/29 07:17:18.279, 2626 MiB
2026/05/29 07:17:19.280, 2625 MiB
2026/05/29 07:17:20.280, 2621 MiB
2026/05/29 07:17:21.280, 2621 MiB
2026/05/29 07:17:22.281, 2621 MiB
2026/05/29 07:17:23.281, 2621 MiB
2026/05/29 07:17:24.281, 2621 MiB
2026/05/29 07:17:25.281, 2621 MiB
2026/05/29 07:17:26.282, 6281 MiB
2026/05/29 07:17:27.282, 6301 MiB
2026/05/29 07:17:28.282, 6301 MiB
2026/05/29 07:17:29.283, 2641 MiB
2026/05/29 07:17:30.283, 2641 MiB
2026/05/29 07:17:31.283, 2641 MiB
2026/05/29 07:17:32.284, 2641 MiB
2026/05/29 07:17:33.284, 2641 MiB
2026/05/29 07:17:34.284, 2641 MiB
2026/05/29 07:17:35.285, 2641 MiB
2026/05/29 07:17:36.285, 2641 MiB
2026/05/29 07:17:37.285, 2641 MiB
2026/05/29 07:17:38.286, 2641 MiB
2026/05/29 07:17:39.286, 2641 MiB
2026/05/29 07:17:40.286, 2641 MiB
2026/05/29 07:17:41.287, 2641 MiB
2026/05/29 07:17:42.287, 2641 MiB
2026/05/29 07:17:43.287, 2641 MiB
2026/05/29 07:17:44.289, 2641 MiB
2026/05/29 07:17:45.289, 2641 MiB
2026/05/29 07:17:46.290, 2641 MiB
2026/05/29 07:17:47.290, 2641 MiB
2026/05/29 07:17:48.291, 2641 MiB
2026/05/29 07:17:49.292, 2641 MiB
2026/05/29 07:17:50.292, 2641 MiB
2026/05/29 07:17:51.293, 2641 MiB
2026/05/29 07:17:52.294, 2641 MiB
2026/05/29 07:17:53.294, 2641 MiB
2026/05/29 07:17:54.294, 2641 MiB
2026/05/29 07:17:55.295, 2641 MiB
2026/05/29 07:17:56.295, 2641 MiB
2026/05/29 07:17:57.296, 2641 MiB
2026/05/29 07:17:58.296, 2641 MiB
2026/05/29 07:17:59.297, 2641 MiB
2026/05/29 07:18:00.297, 2641 MiB
2026/05/29 07:18:01.297, 2641 MiB
2026/05/29 07:18:02.297, 2641 MiB
2026/05/29 07:18:03.298, 2641 MiB
2026/05/29 07:18:04.299, 2641 MiB
2026/05/29 07:18:05.299, 2641 MiB
2026/05/29 07:18:06.302, 2641 MiB
2026/05/29 07:18:07.302, 2641 MiB
2026/05/29 07:18:08.302, 6001 MiB
2026/05/29 07:18:09.303, 8101 MiB
2026/05/29 07:18:10.303, 2621 MiB
2026/05/29 07:18:11.303, 2621 MiB
2026/05/29 07:18:12.304, 2625 MiB
2026/05/29 07:18:13.304, 2625 MiB
2026/05/29 07:18:14.304, 2621 MiB
2026/05/29 07:18:15.304, 2621 MiB
2026/05/29 07:18:16.305, 2621 MiB
2026/05/29 07:18:17.305, 2621 MiB
2026/05/29 07:18:18.305, 2621 MiB
2026/05/29 07:18:19.306, 2621 MiB
2026/05/29 07:18:20.306, 2621 MiB
2026/05/29 07:18:21.306, 2621 MiB
2026/05/29 07:18:22.309, 2621 MiB
2026/05/29 07:18:23.309, 2621 MiB
2026/05/29 07:18:24.310, 2621 MiB
2026/05/29 07:18:25.311, 2621 MiB
2026/05/29 07:18:26.311, 2621 MiB
2026/05/29 07:18:27.312, 2621 MiB
2026/05/29 07:18:28.312, 2621 MiB
2026/05/29 07:18:29.312, 2621 MiB
2026/05/29 07:18:30.314, 2621 MiB
2026/05/29 07:18:31.314, 2621 MiB
2026/05/29 07:18:32.316, 2621 MiB
2026/05/29 07:18:33.316, 2621 MiB
2026/05/29 07:18:34.318, 2621 MiB
2026/05/29 07:18:35.318, 2621 MiB
2026/05/29 07:18:36.320, 2621 MiB
2026/05/29 07:18:37.320, 2621 MiB
2026/05/29 07:18:38.320, 2621 MiB
2026/05/29 07:18:39.321, 2621 MiB
2026/05/29 07:18:40.321, 2621 MiB
2026/05/29 07:18:41.321, 2621 MiB
2026/05/29 07:18:42.322, 2621 MiB
2026/05/29 07:18:43.322, 2621 MiB
2026/05/29 07:18:44.322, 2621 MiB
2026/05/29 07:18:45.323, 2621 MiB
2026/05/29 07:18:46.323, 2621 MiB
2026/05/29 07:18:47.323, 2621 MiB
2026/05/29 07:18:48.325, 6281 MiB
2026/05/29 07:18:49.325, 6301 MiB
2026/05/29 07:18:50.325, 6301 MiB
2026/05/29 07:18:51.325, 6301 MiB
2026/05/29 07:18:52.325, 2641 MiB
2026/05/29 07:18:53.326, 2641 MiB
2026/05/29 07:18:54.326, 2641 MiB
2026/05/29 07:18:55.326, 2641 MiB
2026/05/29 07:18:56.327, 2641 MiB
2026/05/29 07:18:57.327, 2641 MiB
2026/05/29 07:18:58.327, 2641 MiB
2026/05/29 07:18:59.327, 2641 MiB
2026/05/29 07:19:00.328, 2641 MiB
2026/05/29 07:19:01.328, 2641 MiB
2026/05/29 07:19:02.328, 2641 MiB
2026/05/29 07:19:03.328, 2641 MiB
2026/05/29 07:19:04.329, 2641 MiB
2026/05/29 07:19:05.329, 2641 MiB
2026/05/29 07:19:06.330, 2641 MiB
2026/05/29 07:19:07.330, 2641 MiB
2026/05/29 07:19:08.331, 2641 MiB
2026/05/29 07:19:09.331, 2641 MiB
2026/05/29 07:19:10.332, 2641 MiB
2026/05/29 07:19:11.332, 2641 MiB
2026/05/29 07:19:12.333, 2641 MiB
2026/05/29 07:19:13.333, 2641 MiB
2026/05/29 07:19:14.333, 2641 MiB
2026/05/29 07:19:15.333, 2641 MiB
2026/05/29 07:19:16.334, 2641 MiB
2026/05/29 07:19:17.334, 2641 MiB
2026/05/29 07:19:18.335, 2641 MiB
2026/05/29 07:19:19.336, 2641 MiB
2026/05/29 07:19:20.337, 2641 MiB
2026/05/29 07:19:21.337, 2641 MiB
2026/05/29 07:19:22.337, 2641 MiB
2026/05/29 07:19:23.337, 2641 MiB
2026/05/29 07:19:24.338, 2641 MiB
2026/05/29 07:19:25.338, 2641 MiB
2026/05/29 07:19:26.338, 2641 MiB
2026/05/29 07:19:27.339, 2641 MiB
2026/05/29 07:19:28.339, 2641 MiB
2026/05/29 07:19:29.340, 2641 MiB
2026/05/29 07:19:30.341, 2641 MiB
2026/05/29 07:19:31.341, 2641 MiB
2026/05/29 07:19:32.341, 6001 MiB
2026/05/29 07:19:33.341, 6001 MiB
2026/05/29 07:19:34.342, 6001 MiB
2026/05/29 07:19:35.342, 3761 MiB
2026/05/29 07:19:36.342, 2641 MiB
2026/05/29 07:19:37.343, 2641 MiB
2026/05/29 07:19:38.343, 2641 MiB
2026/05/29 07:19:39.343, 2641 MiB
2026/05/29 07:19:40.344, 2641 MiB
2026/05/29 07:19:41.344, 2641 MiB
2026/05/29 07:19:42.344, 2641 MiB
2026/05/29 07:19:43.344, 2641 MiB
2026/05/29 07:19:44.345, 2641 MiB
2026/05/29 07:19:45.345, 2641 MiB
2026/05/29 07:19:46.345, 2641 MiB
2026/05/29 07:19:47.346, 2641 MiB
2026/05/29 07:19:48.346, 2641 MiB
2026/05/29 07:19:49.348, 2641 MiB
2026/05/29 07:19:50.349, 2641 MiB
2026/05/29 07:19:51.349, 2641 MiB
2026/05/29 07:19:52.350, 2641 MiB
2026/05/29 07:19:53.350, 2641 MiB
2026/05/29 07:19:54.350, 2641 MiB
2026/05/29 07:19:55.351, 2641 MiB
2026/05/29 07:19:56.351, 2641 MiB
2026/05/29 07:19:57.352, 2641 MiB
2026/05/29 07:19:58.352, 2641 MiB
2026/05/29 07:19:59.352, 2641 MiB
2026/05/29 07:20:00.358, 2641 MiB
2026/05/29 07:20:01.370, 2641 MiB
2026/05/29 07:20:02.371, 2643 MiB
2026/05/29 07:20:03.371, 2643 MiB
2026/05/29 07:20:04.372, 2643 MiB
2026/05/29 07:20:05.372, 2643 MiB
2026/05/29 07:20:06.372, 2643 MiB
2026/05/29 07:20:07.373, 2643 MiB
2026/05/29 07:20:08.373, 2643 MiB
2026/05/29 07:20:09.373, 2643 MiB
2026/05/29 07:20:10.375, 2643 MiB
2026/05/29 07:20:11.375, 2643 MiB
2026/05/29 07:20:12.376, 2643 MiB
2026/05/29 07:20:13.376, 2643 MiB
2026/05/29 07:20:14.376, 2643 MiB
2026/05/29 07:20:15.377, 6323 MiB
2026/05/29 07:20:16.378, 6323 MiB
2026/05/29 07:20:17.379, 6323 MiB
2026/05/29 07:20:18.379, 8783 MiB
2026/05/29 07:20:19.379, 2643 MiB
2026/05/29 07:20:20.380, 2643 MiB
2026/05/29 07:20:21.380, 2643 MiB
2026/05/29 07:20:22.380, 2643 MiB
2026/05/29 07:20:23.381, 2643 MiB
2026/05/29 07:20:24.381, 2643 MiB
2026/05/29 07:20:25.382, 2643 MiB
2026/05/29 07:20:26.382, 2643 MiB
2026/05/29 07:20:27.382, 2643 MiB
2026/05/29 07:20:28.383, 2643 MiB
2026/05/29 07:20:29.383, 2643 MiB
2026/05/29 07:20:30.383, 2643 MiB
2026/05/29 07:20:31.384, 2643 MiB
2026/05/29 07:20:32.384, 2643 MiB
2026/05/29 07:20:33.384, 2643 MiB
2026/05/29 07:20:34.385, 2643 MiB
2026/05/29 07:20:35.385, 2643 MiB
2026/05/29 07:20:36.386, 2643 MiB
2026/05/29 07:20:37.386, 2643 MiB
2026/05/29 07:20:38.386, 2643 MiB
2026/05/29 07:20:39.386, 2643 MiB
2026/05/29 07:20:40.387, 2643 MiB
2026/05/29 07:20:41.387, 2643 MiB
2026/05/29 07:20:42.388, 2643 MiB
2026/05/29 07:20:43.389, 2643 MiB
2026/05/29 07:20:44.389, 2643 MiB
2026/05/29 07:20:45.390, 2643 MiB
2026/05/29 07:20:46.390, 2643 MiB
2026/05/29 07:20:47.391, 2643 MiB
2026/05/29 07:20:48.391, 2643 MiB
2026/05/29 07:20:49.392, 2643 MiB
2026/05/29 07:20:50.393, 2643 MiB
2026/05/29 07:20:51.406, 2643 MiB
2026/05/29 07:20:52.406, 2643 MiB
2026/05/29 07:20:53.407, 2643 MiB
2026/05/29 07:20:54.407, 2643 MiB
2026/05/29 07:20:55.408, 2643 MiB
2026/05/29 07:20:56.409, 2643 MiB
2026/05/29 07:20:57.409, 6323 MiB
2026/05/29 07:20:58.409, 6323 MiB
2026/05/29 07:20:59.410, 6323 MiB
2026/05/29 07:21:00.410, 6283 MiB
2026/05/29 07:21:01.410, 2623 MiB
2026/05/29 07:21:02.410, 2623 MiB
2026/05/29 07:21:03.411, 2623 MiB
2026/05/29 07:21:04.411, 2623 MiB
2026/05/29 07:21:05.412, 2623 MiB
2026/05/29 07:21:06.412, 2623 MiB
2026/05/29 07:21:07.413, 2623 MiB
2026/05/29 07:21:08.413, 2623 MiB
2026/05/29 07:21:09.413, 2623 MiB
2026/05/29 07:21:10.414, 2623 MiB
2026/05/29 07:21:11.414, 2623 MiB
2026/05/29 07:21:12.415, 2623 MiB
2026/05/29 07:21:13.415, 2623 MiB
2026/05/29 07:21:14.416, 2623 MiB
2026/05/29 07:21:15.416, 2623 MiB
2026/05/29 07:21:16.417, 2623 MiB
2026/05/29 07:21:17.417, 2623 MiB
2026/05/29 07:21:18.418, 2623 MiB
2026/05/29 07:21:19.419, 2623 MiB
2026/05/29 07:21:20.419, 2623 MiB
2026/05/29 07:21:21.420, 2623 MiB
2026/05/29 07:21:22.420, 2623 MiB
2026/05/29 07:21:23.420, 2623 MiB
2026/05/29 07:21:24.421, 2623 MiB
2026/05/29 07:21:25.421, 2623 MiB
2026/05/29 07:21:26.421, 2623 MiB
2026/05/29 07:21:27.421, 2623 MiB
2026/05/29 07:21:28.423, 2623 MiB
2026/05/29 07:21:29.423, 2623 MiB
2026/05/29 07:21:30.424, 2623 MiB
2026/05/29 07:21:31.425, 2623 MiB
2026/05/29 07:21:32.426, 2623 MiB
2026/05/29 07:21:33.426, 2623 MiB
2026/05/29 07:21:34.427, 2623 MiB
2026/05/29 07:21:35.428, 2623 MiB
2026/05/29 07:21:36.428, 2623 MiB
2026/05/29 07:21:37.428, 2623 MiB
2026/05/29 07:21:38.429, 2623 MiB
2026/05/29 07:21:39.429, 6283 MiB
2026/05/29 07:21:40.429, 6303 MiB
2026/05/29 07:21:41.430, 6303 MiB
2026/05/29 07:21:42.430, 6303 MiB
2026/05/29 07:21:43.430, 2623 MiB
2026/05/29 07:21:44.431, 2623 MiB
2026/05/29 07:21:45.432, 2623 MiB
2026/05/29 07:21:46.432, 2623 MiB
2026/05/29 07:21:47.432, 2623 MiB
2026/05/29 07:21:48.432, 2623 MiB
2026/05/29 07:21:49.433, 2623 MiB
2026/05/29 07:21:50.434, 2623 MiB
2026/05/29 07:21:51.434, 2623 MiB
2026/05/29 07:21:52.434, 2623 MiB
2026/05/29 07:21:53.434, 2623 MiB
2026/05/29 07:21:54.435, 2623 MiB
2026/05/29 07:21:55.435, 2623 MiB
2026/05/29 07:21:56.436, 2623 MiB
2026/05/29 07:21:57.436, 2623 MiB
2026/05/29 07:21:58.436, 2623 MiB
2026/05/29 07:21:59.437, 2623 MiB
2026/05/29 07:22:00.438, 2623 MiB
2026/05/29 07:22:01.439, 2623 MiB
2026/05/29 07:22:02.439, 2623 MiB
2026/05/29 07:22:03.440, 2623 MiB
2026/05/29 07:22:04.440, 2623 MiB
2026/05/29 07:22:05.441, 2623 MiB
2026/05/29 07:22:06.442, 2623 MiB
2026/05/29 07:22:07.443, 2623 MiB
2026/05/29 07:22:08.443, 2623 MiB
2026/05/29 07:22:09.443, 2623 MiB
2026/05/29 07:22:10.444, 2623 MiB
2026/05/29 07:22:11.445, 2623 MiB
2026/05/29 07:22:12.445, 2620 MiB
2026/05/29 07:22:13.445, 2620 MiB
2026/05/29 07:22:14.446, 2628 MiB
2026/05/29 07:22:15.446, 2628 MiB
2026/05/29 07:22:16.447, 2628 MiB
2026/05/29 07:22:17.447, 2628 MiB
2026/05/29 07:22:18.447, 2628 MiB
2026/05/29 07:22:19.448, 2628 MiB
2026/05/29 07:22:20.449, 2628 MiB
2026/05/29 07:22:21.449, 2808 MiB
2026/05/29 07:22:22.449, 6308 MiB
2026/05/29 07:22:23.450, 6308 MiB
2026/05/29 07:22:24.450, 6308 MiB
2026/05/29 07:22:25.460, 8623 MiB
2026/05/29 07:22:26.460, 2643 MiB
2026/05/29 07:22:27.460, 2643 MiB
2026/05/29 07:22:28.461, 2643 MiB
2026/05/29 07:22:29.461, 2643 MiB
2026/05/29 07:22:30.462, 2643 MiB
2026/05/29 07:22:31.462, 2643 MiB
2026/05/29 07:22:32.463, 2643 MiB
2026/05/29 07:22:33.463, 2643 MiB
2026/05/29 07:22:34.463, 2643 MiB
2026/05/29 07:22:35.464, 2643 MiB
2026/05/29 07:22:36.464, 2643 MiB
2026/05/29 07:22:37.464, 2643 MiB
2026/05/29 07:22:38.464, 2643 MiB
2026/05/29 07:22:39.465, 2643 MiB
2026/05/29 07:22:40.465, 2643 MiB
2026/05/29 07:22:41.465, 2643 MiB
2026/05/29 07:22:42.466, 2643 MiB
2026/05/29 07:22:43.466, 2643 MiB
2026/05/29 07:22:44.466, 2643 MiB
2026/05/29 07:22:45.467, 2643 MiB
2026/05/29 07:22:46.468, 2643 MiB
2026/05/29 07:22:47.468, 2643 MiB
2026/05/29 07:22:48.469, 2643 MiB
2026/05/29 07:22:49.469, 2643 MiB
2026/05/29 07:22:50.471, 2643 MiB
2026/05/29 07:22:51.471, 2643 MiB
2026/05/29 07:22:52.471, 2643 MiB
2026/05/29 07:22:53.472, 2643 MiB
2026/05/29 07:22:54.472, 2643 MiB
2026/05/29 07:22:55.472, 2643 MiB
2026/05/29 07:22:56.474, 2643 MiB
2026/05/29 07:22:57.474, 2643 MiB
2026/05/29 07:22:58.475, 2643 MiB
2026/05/29 07:22:59.475, 2643 MiB
2026/05/29 07:23:00.475, 2643 MiB
2026/05/29 07:23:01.476, 2643 MiB
2026/05/29 07:23:02.476, 2643 MiB
2026/05/29 07:23:03.477, 2643 MiB
2026/05/29 07:23:04.477, 6003 MiB
2026/05/29 07:23:05.477, 6003 MiB
2026/05/29 07:23:06.478, 6003 MiB
2026/05/29 07:23:07.478, 5003 MiB
2026/05/29 07:23:08.479, 2643 MiB
2026/05/29 07:23:09.479, 2643 MiB
2026/05/29 07:23:10.479, 2643 MiB
2026/05/29 07:23:11.480, 2643 MiB
2026/05/29 07:23:12.480, 2643 MiB
2026/05/29 07:23:13.480, 2643 MiB
2026/05/29 07:23:14.481, 2643 MiB
2026/05/29 07:23:15.481, 2643 MiB
2026/05/29 07:23:16.490, 2643 MiB
2026/05/29 07:23:17.490, 2643 MiB
2026/05/29 07:23:18.491, 2643 MiB
2026/05/29 07:23:19.491, 2643 MiB
2026/05/29 07:23:20.491, 2643 MiB
2026/05/29 07:23:21.492, 2643 MiB
2026/05/29 07:23:22.493, 2643 MiB
2026/05/29 07:23:23.493, 2643 MiB
2026/05/29 07:23:24.493, 2643 MiB
2026/05/29 07:23:25.494, 2643 MiB
2026/05/29 07:23:26.494, 2643 MiB
2026/05/29 07:23:27.498, 2643 MiB
2026/05/29 07:23:28.499, 2643 MiB
2026/05/29 07:23:29.499, 2643 MiB
2026/05/29 07:23:30.499, 2643 MiB
2026/05/29 07:23:31.500, 2643 MiB
2026/05/29 07:23:32.500, 2643 MiB
2026/05/29 07:23:33.500, 2643 MiB
2026/05/29 07:23:34.501, 2643 MiB
2026/05/29 07:23:35.502, 2643 MiB
2026/05/29 07:23:36.502, 2643 MiB
2026/05/29 07:23:37.503, 2643 MiB
2026/05/29 07:23:38.503, 2643 MiB
2026/05/29 07:23:39.503, 2643 MiB
2026/05/29 07:23:40.504, 2643 MiB
2026/05/29 07:23:41.504, 2643 MiB
2026/05/29 07:23:42.504, 2643 MiB
2026/05/29 07:23:43.509, 2643 MiB
2026/05/29 07:23:44.509, 2643 MiB
2026/05/29 07:23:45.510, 2643 MiB
2026/05/29 07:23:46.511, 5663 MiB
2026/05/29 07:23:47.511, 6003 MiB
2026/05/29 07:23:48.511, 6003 MiB
2026/05/29 07:23:49.512, 6003 MiB
2026/05/29 07:23:50.512, 2643 MiB
2026/05/29 07:23:51.512, 2643 MiB
2026/05/29 07:23:52.512, 2643 MiB
2026/05/29 07:23:53.513, 2643 MiB
2026/05/29 07:23:54.513, 2643 MiB
2026/05/29 07:23:55.513, 2643 MiB
2026/05/29 07:23:56.514, 2643 MiB
2026/05/29 07:23:57.514, 2643 MiB
2026/05/29 07:23:58.514, 2643 MiB
2026/05/29 07:23:59.515, 2643 MiB
2026/05/29 07:24:00.515, 2643 MiB
2026/05/29 07:24:01.515, 2643 MiB
2026/05/29 07:24:02.516, 2643 MiB
2026/05/29 07:24:03.516, 2643 MiB
2026/05/29 07:24:04.517, 2643 MiB
2026/05/29 07:24:05.517, 2643 MiB
2026/05/29 07:24:06.517, 2643 MiB
2026/05/29 07:24:07.519, 2643 MiB
2026/05/29 07:24:08.519, 2643 MiB
2026/05/29 07:24:09.520, 2643 MiB
2026/05/29 07:24:10.521, 2643 MiB
2026/05/29 07:24:11.521, 2643 MiB
2026/05/29 07:24:12.521, 2643 MiB
2026/05/29 07:24:13.524, 2643 MiB
2026/05/29 07:24:14.524, 2643 MiB
2026/05/29 07:24:15.526, 2643 MiB
2026/05/29 07:24:16.526, 2643 MiB
2026/05/29 07:24:17.526, 2643 MiB
2026/05/29 07:24:18.526, 2643 MiB
2026/05/29 07:24:19.527, 2643 MiB
2026/05/29 07:24:20.528, 2643 MiB
2026/05/29 07:24:21.529, 2643 MiB
2026/05/29 07:24:22.529, 2643 MiB
2026/05/29 07:24:23.529, 2643 MiB
2026/05/29 07:24:24.530, 2643 MiB
2026/05/29 07:24:25.530, 2643 MiB
2026/05/29 07:24:26.530, 2643 MiB
2026/05/29 07:24:27.531, 2643 MiB
2026/05/29 07:24:28.532, 6003 MiB
2026/05/29 07:24:29.532, 6003 MiB
2026/05/29 07:24:30.532, 6003 MiB
2026/05/29 07:24:31.532, 6007 MiB
2026/05/29 07:24:32.533, 2627 MiB
2026/05/29 07:24:33.533, 2627 MiB
2026/05/29 07:24:34.533, 2623 MiB
2026/05/29 07:24:35.534, 2623 MiB
2026/05/29 07:24:36.534, 2623 MiB
2026/05/29 07:24:37.534, 2623 MiB
2026/05/29 07:24:38.535, 2623 MiB
2026/05/29 07:24:39.535, 2623 MiB
2026/05/29 07:24:40.535, 2623 MiB
2026/05/29 07:24:41.535, 2623 MiB
2026/05/29 07:24:42.536, 2623 MiB
2026/05/29 07:24:43.536, 2623 MiB
2026/05/29 07:24:44.536, 2623 MiB
2026/05/29 07:24:45.537, 2623 MiB
2026/05/29 07:24:46.537, 2623 MiB
2026/05/29 07:24:47.537, 2623 MiB
2026/05/29 07:24:48.538, 2623 MiB
2026/05/29 07:24:49.538, 2623 MiB
2026/05/29 07:24:50.538, 2623 MiB
2026/05/29 07:24:51.538, 2623 MiB
2026/05/29 07:24:52.539, 2623 MiB
2026/05/29 07:24:53.539, 2620 MiB
2026/05/29 07:24:54.540, 2620 MiB
2026/05/29 07:24:55.540, 2620 MiB
2026/05/29 07:24:56.541, 2620 MiB
2026/05/29 07:24:57.541, 2620 MiB
2026/05/29 07:24:58.541, 2620 MiB
2026/05/29 07:24:59.542, 2628 MiB
2026/05/29 07:25:00.542, 2628 MiB
2026/05/29 07:25:01.543, 2628 MiB
2026/05/29 07:25:02.544, 2628 MiB
2026/05/29 07:25:03.544, 2628 MiB
2026/05/29 07:25:04.545, 2628 MiB
2026/05/29 07:25:05.546, 2628 MiB
2026/05/29 07:25:06.548, 2628 MiB
2026/05/29 07:25:07.548, 2628 MiB
2026/05/29 07:25:08.548, 2628 MiB
2026/05/29 07:25:09.550, 2628 MiB
2026/05/29 07:25:10.550, 2628 MiB
2026/05/29 07:25:11.550, 2828 MiB
2026/05/29 07:25:12.550, 6308 MiB
2026/05/29 07:25:13.551, 6308 MiB
2026/05/29 07:25:14.551, 6307 MiB
2026/05/29 07:25:15.551, 8647 MiB
2026/05/29 07:25:16.551, 2643 MiB
2026/05/29 07:25:17.552, 2643 MiB
2026/05/29 07:25:18.552, 2643 MiB
2026/05/29 07:25:19.552, 2643 MiB
2026/05/29 07:25:20.553, 2648 MiB
2026/05/29 07:25:21.553, 2648 MiB
2026/05/29 07:25:22.553, 2648 MiB
2026/05/29 07:25:23.554, 2648 MiB
2026/05/29 07:25:24.554, 2648 MiB
2026/05/29 07:25:25.554, 2648 MiB
2026/05/29 07:25:26.554, 2648 MiB
2026/05/29 07:25:27.555, 2648 MiB
2026/05/29 07:25:28.555, 2648 MiB
2026/05/29 07:25:29.555, 2648 MiB
2026/05/29 07:25:30.556, 2648 MiB
2026/05/29 07:25:31.558, 2648 MiB
2026/05/29 07:25:32.559, 2648 MiB
2026/05/29 07:25:33.559, 2648 MiB
2026/05/29 07:25:34.559, 2648 MiB
2026/05/29 07:25:35.561, 2648 MiB
2026/05/29 07:25:36.561, 2648 MiB
2026/05/29 07:25:37.563, 2648 MiB
2026/05/29 07:25:38.563, 2648 MiB
2026/05/29 07:25:39.564, 2648 MiB
2026/05/29 07:25:40.565, 2648 MiB
2026/05/29 07:25:41.565, 2648 MiB
2026/05/29 07:25:42.565, 2648 MiB
2026/05/29 07:25:43.566, 2648 MiB
2026/05/29 07:25:44.566, 2648 MiB
2026/05/29 07:25:45.566, 2648 MiB
2026/05/29 07:25:46.566, 2647 MiB
2026/05/29 07:25:47.567, 2647 MiB
2026/05/29 07:25:48.567, 2643 MiB
2026/05/29 07:25:49.568, 2643 MiB
2026/05/29 07:25:50.568, 2643 MiB
2026/05/29 07:25:51.568, 2643 MiB
2026/05/29 07:25:52.568, 2643 MiB
2026/05/29 07:25:53.569, 2643 MiB
2026/05/29 07:25:54.569, 6303 MiB
2026/05/29 07:25:55.569, 6323 MiB
2026/05/29 07:25:56.570, 6323 MiB
2026/05/29 07:25:57.570, 6320 MiB
2026/05/29 07:25:58.570, 2648 MiB
2026/05/29 07:25:59.571, 2648 MiB
2026/05/29 07:26:00.571, 2648 MiB
2026/05/29 07:26:01.571, 2648 MiB
2026/05/29 07:26:02.572, 2648 MiB
2026/05/29 07:26:03.572, 2648 MiB
2026/05/29 07:26:04.572, 2648 MiB
2026/05/29 07:26:05.573, 2648 MiB
2026/05/29 07:26:06.573, 2648 MiB
2026/05/29 07:26:07.573, 2648 MiB
2026/05/29 07:26:08.574, 2648 MiB
2026/05/29 07:26:09.574, 2648 MiB
2026/05/29 07:26:10.574, 2648 MiB
2026/05/29 07:26:11.575, 2648 MiB
2026/05/29 07:26:12.575, 2648 MiB
2026/05/29 07:26:13.575, 2648 MiB
2026/05/29 07:26:14.576, 2648 MiB
2026/05/29 07:26:15.576, 2648 MiB
2026/05/29 07:26:16.576, 2648 MiB
2026/05/29 07:26:17.584, 2648 MiB
2026/05/29 07:26:18.584, 2648 MiB
2026/05/29 07:26:19.585, 2648 MiB
2026/05/29 07:26:20.586, 2648 MiB
2026/05/29 07:26:21.586, 2648 MiB
2026/05/29 07:26:22.586, 2648 MiB
2026/05/29 07:26:23.586, 2648 MiB
2026/05/29 07:26:24.588, 2648 MiB
2026/05/29 07:26:25.589, 2647 MiB
2026/05/29 07:26:26.590, 2647 MiB
2026/05/29 07:26:27.591, 2643 MiB
2026/05/29 07:26:28.592, 2643 MiB
2026/05/29 07:26:29.592, 2643 MiB
2026/05/29 07:26:30.592, 2643 MiB
2026/05/29 07:26:31.593, 2643 MiB
2026/05/29 07:26:32.593, 2643 MiB
2026/05/29 07:26:33.593, 2643 MiB
2026/05/29 07:26:34.593, 2643 MiB
2026/05/29 07:26:35.594, 2643 MiB
2026/05/29 07:26:36.594, 2643 MiB
2026/05/29 07:26:37.594, 2643 MiB
2026/05/29 07:26:38.594, 6003 MiB
2026/05/29 07:26:39.595, 6003 MiB
2026/05/29 07:26:40.595, 6003 MiB
2026/05/29 07:26:41.595, 5303 MiB
2026/05/29 07:26:42.604, 2643 MiB
2026/05/29 07:26:43.605, 2643 MiB
2026/05/29 07:26:44.605, 2643 MiB
2026/05/29 07:26:45.605, 2643 MiB
2026/05/29 07:26:46.605, 2943 MiB
2026/05/29 07:26:47.606, 6383 MiB
2026/05/29 07:26:48.606, 6383 MiB
2026/05/29 07:26:49.607, 6383 MiB
2026/05/29 07:26:50.607, 6383 MiB
2026/05/29 07:26:51.608, 6383 MiB
2026/05/29 07:26:52.609, 6379 MiB
2026/05/29 07:26:53.609, 6379 MiB
2026/05/29 07:26:54.610, 6383 MiB
2026/05/29 07:26:55.610, 6383 MiB
2026/05/29 07:26:56.610, 6383 MiB
2026/05/29 07:26:57.611, 2643 MiB
2026/05/29 07:26:58.611, 6379 MiB
2026/05/29 07:26:59.612, 2643 MiB
2026/05/29 07:27:00.612, 6383 MiB
2026/05/29 07:27:01.612, 2643 MiB
2026/05/29 07:27:02.613, 6383 MiB
2026/05/29 07:27:03.613, 6379 MiB
2026/05/29 07:27:04.613, 2639 MiB
2026/05/29 07:27:05.614, 6376 MiB
2026/05/29 07:27:06.614, 6376 MiB
2026/05/29 07:27:07.623, 6388 MiB
2026/05/29 07:27:08.623, 3348 MiB
2026/05/29 07:27:09.624, 6388 MiB
2026/05/29 07:27:10.624, 2648 MiB
2026/05/29 07:27:11.624, 6379 MiB
2026/05/29 07:27:12.625, 6379 MiB
2026/05/29 07:27:13.625, 6376 MiB
2026/05/29 07:27:14.626, 6376 MiB
2026/05/29 07:27:15.626, 6376 MiB
2026/05/29 07:27:16.626, 6376 MiB
2026/05/29 07:27:17.626, 6376 MiB
2026/05/29 07:27:18.627, 6376 MiB
2026/05/29 07:27:19.627, 2636 MiB
2026/05/29 07:27:20.628, 6376 MiB
2026/05/29 07:27:21.628, 6376 MiB
2026/05/29 07:27:22.628, 6388 MiB
2026/05/29 07:27:23.628, 6388 MiB
2026/05/29 07:27:24.629, 2648 MiB
2026/05/29 07:27:25.629, 6388 MiB
2026/05/29 07:27:26.629, 6379 MiB
2026/05/29 07:27:27.629, 5223 MiB
2026/05/29 07:27:28.630, 6383 MiB
2026/05/29 07:27:29.630, 6383 MiB
2026/05/29 07:27:30.631, 6383 MiB
2026/05/29 07:27:31.631, 6379 MiB
2026/05/29 07:27:32.632, 6376 MiB
2026/05/29 07:27:33.632, 5856 MiB
2026/05/29 07:27:34.632, 6371 MiB
2026/05/29 07:27:35.632, 6375 MiB
2026/05/29 07:27:36.633, 6386 MiB
2026/05/29 07:27:37.633, 6386 MiB
2026/05/29 07:27:38.633, 6386 MiB
2026/05/29 07:27:39.634, 6386 MiB
2026/05/29 07:27:40.634, 6386 MiB
2026/05/29 07:27:41.634, 6381 MiB
2026/05/29 07:27:42.634, 6381 MiB
2026/05/29 07:27:43.635, 2641 MiB
2026/05/29 07:27:44.635, 6381 MiB
2026/05/29 07:27:45.635, 6377 MiB
2026/05/29 07:27:46.636, 6374 MiB
2026/05/29 07:27:47.636, 6374 MiB
2026/05/29 07:27:48.636, 2634 MiB
2026/05/29 07:27:49.637, 6374 MiB
2026/05/29 07:27:50.637, 4014 MiB
2026/05/29 07:27:51.637, 6374 MiB
2026/05/29 07:27:52.637, 6374 MiB
2026/05/29 07:27:53.638, 6374 MiB
2026/05/29 07:27:54.638, 6374 MiB
2026/05/29 07:27:55.638, 2634 MiB
2026/05/29 07:27:56.639, 6374 MiB
2026/05/29 07:27:57.639, 6374 MiB
2026/05/29 07:27:58.639, 6374 MiB
2026/05/29 07:27:59.640, 6374 MiB
2026/05/29 07:28:00.640, 6374 MiB
2026/05/29 07:28:01.640, 6374 MiB
2026/05/29 07:28:02.640, 6374 MiB
2026/05/29 07:28:03.641, 6374 MiB
2026/05/29 07:28:04.641, 6374 MiB
2026/05/29 07:28:05.641, 2634 MiB
2026/05/29 07:28:06.641, 6374 MiB
2026/05/29 07:28:07.642, 5154 MiB
2026/05/29 07:28:08.642, 6374 MiB
2026/05/29 07:28:09.642, 6374 MiB
2026/05/29 07:28:10.643, 5114 MiB
2026/05/29 07:28:11.643, 6374 MiB
2026/05/29 07:28:12.643, 2714 MiB
2026/05/29 07:28:13.644, 6374 MiB
2026/05/29 07:28:14.644, 3114 MiB
2026/05/29 07:28:15.645, 6374 MiB
2026/05/29 07:28:16.645, 6374 MiB
2026/05/29 07:28:17.645, 6374 MiB
2026/05/29 07:28:18.645, 6386 MiB
2026/05/29 07:28:19.646, 6386 MiB
2026/05/29 07:28:20.646, 6386 MiB
2026/05/29 07:28:21.646, 6378 MiB
2026/05/29 07:28:22.647, 6378 MiB
2026/05/29 07:28:23.647, 6374 MiB
2026/05/29 07:28:24.647, 6386 MiB
2026/05/29 07:28:25.647, 2646 MiB
2026/05/29 07:28:26.648, 6386 MiB
2026/05/29 07:28:27.648, 2718 MiB
2026/05/29 07:28:28.648, 6378 MiB
2026/05/29 07:28:29.649, 6382 MiB
2026/05/29 07:28:30.649, 6382 MiB
2026/05/29 07:28:31.650, 6382 MiB
2026/05/29 07:28:32.650, 6382 MiB
2026/05/29 07:28:33.651, 6378 MiB
2026/05/29 07:28:34.651, 6062 MiB
2026/05/29 07:28:35.651, 6382 MiB
2026/05/29 07:28:36.652, 6382 MiB
2026/05/29 07:28:37.652, 2638 MiB
2026/05/29 07:28:38.652, 6378 MiB
2026/05/29 07:28:39.652, 4022 MiB
2026/05/29 07:28:40.653, 6382 MiB
2026/05/29 07:28:41.653, 2722 MiB
2026/05/29 07:28:42.653, 6382 MiB
2026/05/29 07:28:43.654, 6386 MiB
2026/05/29 07:28:44.654, 6395 MiB
2026/05/29 07:28:45.655, 6409 MiB
2026/05/29 07:28:46.655, 6409 MiB
2026/05/29 07:28:47.656, 6409 MiB
2026/05/29 07:28:48.656, 6409 MiB
2026/05/29 07:28:49.656, 2669 MiB
2026/05/29 07:28:50.657, 2668 MiB
2026/05/29 07:28:51.657, 2668 MiB
2026/05/29 07:28:52.658, 2664 MiB
2026/05/29 07:28:53.658, 2664 MiB
2026/05/29 07:28:54.658, 2660 MiB
2026/05/29 07:28:55.659, 2664 MiB
2026/05/29 07:28:56.659, 2664 MiB
2026/05/29 07:28:57.659, 2664 MiB
2026/05/29 07:28:58.660, 2664 MiB
2026/05/29 07:28:59.660, 2664 MiB
2026/05/29 07:29:00.661, 2664 MiB
2026/05/29 07:29:01.661, 2664 MiB
2026/05/29 07:29:02.662, 2664 MiB
2026/05/29 07:29:03.662, 2664 MiB
2026/05/29 07:29:04.662, 2660 MiB
2026/05/29 07:29:05.663, 2664 MiB
2026/05/29 07:29:06.663, 2664 MiB
2026/05/29 07:29:07.663, 2664 MiB
2026/05/29 07:29:08.664, 2664 MiB
2026/05/29 07:29:09.664, 2664 MiB
2026/05/29 07:29:10.664, 2664 MiB
2026/05/29 07:29:11.665, 2664 MiB
2026/05/29 07:29:12.665, 2664 MiB
2026/05/29 07:29:13.665, 2664 MiB
2026/05/29 07:29:14.666, 2660 MiB
2026/05/29 07:29:15.666, 2664 MiB
2026/05/29 07:29:16.666, 2664 MiB
2026/05/29 07:29:17.667, 2664 MiB
2026/05/29 07:29:18.667, 2664 MiB
2026/05/29 07:29:19.668, 2664 MiB
2026/05/29 07:29:20.668, 2664 MiB
2026/05/29 07:29:21.669, 2664 MiB
2026/05/29 07:29:22.669, 2664 MiB
2026/05/29 07:29:23.670, 2664 MiB
2026/05/29 07:29:24.670, 2660 MiB
2026/05/29 07:29:25.670, 2664 MiB
2026/05/29 07:29:26.671, 2664 MiB
2026/05/29 07:29:27.685, 2660 MiB
2026/05/29 07:29:28.686, 2660 MiB
2026/05/29 07:29:29.686, 2660 MiB
2026/05/29 07:29:30.686, 2860 MiB
2026/05/29 07:29:31.687, 6020 MiB
2026/05/29 07:29:32.688, 6020 MiB
2026/05/29 07:29:33.688, 6020 MiB
2026/05/29 07:29:34.689, 8700 MiB
2026/05/29 07:29:35.689, 2664 MiB
2026/05/29 07:29:36.689, 2664 MiB
2026/05/29 07:29:37.690, 2664 MiB
2026/05/29 07:29:38.690, 2664 MiB
2026/05/29 07:29:39.690, 2664 MiB
2026/05/29 07:29:40.691, 2664 MiB
2026/05/29 07:29:41.691, 2664 MiB
2026/05/29 07:29:42.691, 2664 MiB
2026/05/29 07:29:43.692, 2664 MiB
2026/05/29 07:29:44.692, 2660 MiB
2026/05/29 07:29:45.692, 2664 MiB
2026/05/29 07:29:46.693, 2664 MiB
2026/05/29 07:29:47.693, 2664 MiB
2026/05/29 07:29:48.693, 2664 MiB
2026/05/29 07:29:49.695, 2664 MiB
2026/05/29 07:29:50.696, 2664 MiB
2026/05/29 07:29:51.697, 2664 MiB
2026/05/29 07:29:52.697, 2664 MiB
2026/05/29 07:29:53.697, 2664 MiB
2026/05/29 07:29:54.698, 2659 MiB
2026/05/29 07:29:55.705, 2663 MiB
2026/05/29 07:29:56.705, 2662 MiB
2026/05/29 07:29:57.736, 2662 MiB
2026/05/29 07:29:58.736, 2662 MiB
2026/05/29 07:29:59.737, 2662 MiB
2026/05/29 07:30:00.737, 2662 MiB
2026/05/29 07:30:01.738, 2662 MiB
2026/05/29 07:30:02.738, 2662 MiB
2026/05/29 07:30:03.738, 2662 MiB
2026/05/29 07:30:04.739, 2658 MiB
2026/05/29 07:30:05.739, 2662 MiB
2026/05/29 07:30:06.739, 2662 MiB
2026/05/29 07:30:07.740, 2662 MiB
2026/05/29 07:30:08.740, 2662 MiB
2026/05/29 07:30:09.740, 2662 MiB
2026/05/29 07:30:10.740, 2662 MiB
2026/05/29 07:30:11.741, 2662 MiB
2026/05/29 07:30:12.741, 2662 MiB
2026/05/29 07:30:13.741, 6322 MiB
2026/05/29 07:30:14.742, 6318 MiB
2026/05/29 07:30:15.742, 6322 MiB
2026/05/29 07:30:16.742, 6321 MiB
2026/05/29 07:30:17.743, 2641 MiB
2026/05/29 07:30:18.743, 2641 MiB
2026/05/29 07:30:19.743, 2641 MiB
2026/05/29 07:30:20.744, 2641 MiB
2026/05/29 07:30:21.744, 2641 MiB
2026/05/29 07:30:22.744, 2641 MiB
2026/05/29 07:30:23.745, 2641 MiB
2026/05/29 07:30:24.745, 2638 MiB
2026/05/29 07:30:25.745, 2642 MiB
2026/05/29 07:30:26.746, 2642 MiB
2026/05/29 07:30:27.746, 2642 MiB
2026/05/29 07:30:28.746, 2642 MiB
2026/05/29 07:30:29.747, 2642 MiB
2026/05/29 07:30:30.747, 2642 MiB
2026/05/29 07:30:31.747, 2642 MiB
2026/05/29 07:30:32.748, 2642 MiB
2026/05/29 07:30:33.749, 2642 MiB
2026/05/29 07:30:34.749, 2638 MiB
2026/05/29 07:30:35.750, 2642 MiB
2026/05/29 07:30:36.751, 2642 MiB
2026/05/29 07:30:37.751, 2642 MiB
2026/05/29 07:30:38.754, 2642 MiB
2026/05/29 07:30:39.755, 2642 MiB
2026/05/29 07:30:40.755, 2642 MiB
2026/05/29 07:30:41.755, 2642 MiB
2026/05/29 07:30:42.756, 2642 MiB
2026/05/29 07:30:43.756, 2642 MiB
2026/05/29 07:30:44.756, 2638 MiB
2026/05/29 07:30:45.757, 2642 MiB
2026/05/29 07:30:46.758, 2642 MiB
2026/05/29 07:30:47.759, 2642 MiB
2026/05/29 07:30:48.759, 2642 MiB
2026/05/29 07:30:49.760, 2642 MiB
2026/05/29 07:30:50.761, 2642 MiB
2026/05/29 07:30:51.763, 2642 MiB
2026/05/29 07:30:52.763, 2642 MiB
2026/05/29 07:30:53.763, 2642 MiB
2026/05/29 07:30:54.764, 2638 MiB
2026/05/29 07:30:55.764, 2642 MiB
2026/05/29 07:30:56.764, 6302 MiB
2026/05/29 07:30:57.765, 6302 MiB
2026/05/29 07:30:58.765, 6302 MiB
2026/05/29 07:30:59.765, 2702 MiB
2026/05/29 07:31:00.765, 2642 MiB
2026/05/29 07:31:01.766, 2642 MiB
2026/05/29 07:31:02.766, 2642 MiB
2026/05/29 07:31:03.766, 2642 MiB
2026/05/29 07:31:04.767, 2638 MiB
2026/05/29 07:31:05.767, 2642 MiB
2026/05/29 07:31:06.767, 2642 MiB
2026/05/29 07:31:07.768, 2646 MiB
2026/05/29 07:31:08.768, 2646 MiB
2026/05/29 07:31:09.768, 2646 MiB
2026/05/29 07:31:10.769, 2646 MiB
2026/05/29 07:31:11.769, 2646 MiB
2026/05/29 07:31:12.769, 2646 MiB
2026/05/29 07:31:13.770, 2646 MiB
2026/05/29 07:31:14.770, 2643 MiB
2026/05/29 07:31:15.770, 2647 MiB
2026/05/29 07:31:16.771, 2646 MiB
2026/05/29 07:31:17.771, 2646 MiB
2026/05/29 07:31:18.771, 2646 MiB
2026/05/29 07:31:19.772, 2646 MiB
2026/05/29 07:31:20.772, 2646 MiB
2026/05/29 07:31:21.772, 2646 MiB
2026/05/29 07:31:22.773, 2646 MiB
2026/05/29 07:31:23.773, 2646 MiB
2026/05/29 07:31:24.773, 2642 MiB
2026/05/29 07:31:25.774, 2646 MiB
2026/05/29 07:31:26.774, 2646 MiB
2026/05/29 07:31:27.774, 2646 MiB
2026/05/29 07:31:28.775, 2646 MiB
2026/05/29 07:31:29.776, 2645 MiB
2026/05/29 07:31:30.776, 2646 MiB
2026/05/29 07:31:31.776, 2646 MiB
2026/05/29 07:31:32.777, 2646 MiB
2026/05/29 07:31:33.777, 2646 MiB
2026/05/29 07:31:34.777, 2642 MiB
2026/05/29 07:31:35.778, 2647 MiB
2026/05/29 07:31:36.778, 2646 MiB
2026/05/29 07:31:37.778, 2646 MiB
2026/05/29 07:31:38.779, 2646 MiB
2026/05/29 07:31:39.779, 6306 MiB
2026/05/29 07:31:40.779, 6306 MiB
2026/05/29 07:31:41.780, 6306 MiB
2026/05/29 07:31:42.780, 9046 MiB
2026/05/29 07:31:43.781, 2645 MiB
2026/05/29 07:31:44.781, 2638 MiB
2026/05/29 07:31:45.781, 2642 MiB
2026/05/29 07:31:46.782, 2642 MiB
2026/05/29 07:31:47.782, 2642 MiB
2026/05/29 07:31:48.782, 2642 MiB
2026/05/29 07:31:49.783, 2642 MiB
2026/05/29 07:31:50.783, 2642 MiB
2026/05/29 07:31:51.783, 2642 MiB
2026/05/29 07:31:52.784, 2642 MiB
2026/05/29 07:31:53.784, 2642 MiB
2026/05/29 07:31:54.784, 2638 MiB
2026/05/29 07:31:55.784, 2642 MiB
2026/05/29 07:31:56.786, 2642 MiB
2026/05/29 07:31:57.787, 2642 MiB
2026/05/29 07:31:58.788, 2642 MiB
2026/05/29 07:31:59.788, 2642 MiB
2026/05/29 07:32:00.790, 2642 MiB
2026/05/29 07:32:01.790, 2642 MiB
2026/05/29 07:32:02.791, 2642 MiB
2026/05/29 07:32:03.791, 2642 MiB
2026/05/29 07:32:04.791, 2638 MiB
2026/05/29 07:32:05.792, 2642 MiB
2026/05/29 07:32:06.792, 2642 MiB
2026/05/29 07:32:07.792, 2642 MiB
2026/05/29 07:32:08.794, 2642 MiB
2026/05/29 07:32:09.795, 2642 MiB
2026/05/29 07:32:10.795, 2642 MiB
2026/05/29 07:32:11.795, 2642 MiB
2026/05/29 07:32:12.796, 2642 MiB
2026/05/29 07:32:13.796, 2642 MiB
2026/05/29 07:32:14.797, 2638 MiB
2026/05/29 07:32:15.797, 2642 MiB
2026/05/29 07:32:16.798, 2642 MiB
2026/05/29 07:32:17.798, 2642 MiB
2026/05/29 07:32:18.798, 2642 MiB
2026/05/29 07:32:19.807, 2642 MiB
2026/05/29 07:32:20.807, 2642 MiB
2026/05/29 07:32:21.808, 2642 MiB
2026/05/29 07:32:22.808, 6302 MiB
2026/05/29 07:32:23.808, 6302 MiB
2026/05/29 07:32:24.809, 6298 MiB
2026/05/29 07:32:25.809, 8722 MiB
2026/05/29 07:32:26.809, 2662 MiB
2026/05/29 07:32:27.810, 2662 MiB
2026/05/29 07:32:28.810, 2662 MiB
2026/05/29 07:32:29.810, 2662 MiB
2026/05/29 07:32:30.811, 2662 MiB
2026/05/29 07:32:31.811, 2662 MiB
2026/05/29 07:32:32.811, 2662 MiB
2026/05/29 07:32:33.812, 2662 MiB
2026/05/29 07:32:34.812, 2658 MiB
2026/05/29 07:32:35.812, 2662 MiB
2026/05/29 07:32:36.813, 2662 MiB
2026/05/29 07:32:37.813, 2662 MiB
2026/05/29 07:32:38.813, 2662 MiB
2026/05/29 07:32:39.814, 2662 MiB
2026/05/29 07:32:40.814, 2662 MiB
2026/05/29 07:32:41.819, 2662 MiB
2026/05/29 07:32:42.820, 2662 MiB
2026/05/29 07:32:43.820, 2662 MiB
2026/05/29 07:32:44.820, 2658 MiB
2026/05/29 07:32:45.821, 2662 MiB
2026/05/29 07:32:46.821, 2662 MiB
2026/05/29 07:32:47.821, 2662 MiB
2026/05/29 07:32:48.822, 2662 MiB
2026/05/29 07:32:49.822, 2662 MiB
2026/05/29 07:32:50.822, 2662 MiB
2026/05/29 07:32:51.823, 2662 MiB
2026/05/29 07:32:52.823, 2662 MiB
2026/05/29 07:32:53.823, 2662 MiB
2026/05/29 07:32:54.824, 2658 MiB
2026/05/29 07:32:55.824, 2662 MiB
2026/05/29 07:32:56.824, 2662 MiB
2026/05/29 07:32:57.825, 2662 MiB
2026/05/29 07:32:58.826, 2662 MiB
2026/05/29 07:32:59.826, 2662 MiB
2026/05/29 07:33:00.827, 2662 MiB
2026/05/29 07:33:01.827, 2662 MiB
2026/05/29 07:33:02.827, 2662 MiB
2026/05/29 07:33:03.828, 2662 MiB
2026/05/29 07:33:04.828, 2838 MiB
2026/05/29 07:33:05.828, 6322 MiB
2026/05/29 07:33:06.829, 6322 MiB
2026/05/29 07:33:07.829, 8682 MiB
2026/05/29 07:33:08.829, 2642 MiB
2026/05/29 07:33:09.830, 2642 MiB
2026/05/29 07:33:10.831, 2642 MiB
2026/05/29 07:33:11.831, 2642 MiB
2026/05/29 07:33:12.831, 2641 MiB
2026/05/29 07:33:13.831, 2646 MiB
2026/05/29 07:33:14.832, 2642 MiB
2026/05/29 07:33:15.833, 2646 MiB
2026/05/29 07:33:16.833, 2646 MiB
2026/05/29 07:33:17.833, 2646 MiB
2026/05/29 07:33:18.834, 2646 MiB
2026/05/29 07:33:19.834, 2646 MiB
2026/05/29 07:33:20.835, 2646 MiB
2026/05/29 07:33:21.836, 2646 MiB
2026/05/29 07:33:22.836, 2646 MiB
2026/05/29 07:33:23.836, 2646 MiB
2026/05/29 07:33:24.837, 2643 MiB
2026/05/29 07:33:25.837, 2647 MiB
2026/05/29 07:33:26.838, 2646 MiB
2026/05/29 07:33:27.838, 2646 MiB
2026/05/29 07:33:28.839, 2646 MiB
2026/05/29 07:33:29.840, 2646 MiB
2026/05/29 07:33:30.841, 2646 MiB
2026/05/29 07:33:31.842, 2646 MiB
2026/05/29 07:33:32.842, 2646 MiB
2026/05/29 07:33:33.843, 2646 MiB
2026/05/29 07:33:34.843, 2643 MiB
2026/05/29 07:33:35.843, 2647 MiB
2026/05/29 07:33:36.844, 2646 MiB
2026/05/29 07:33:37.844, 2646 MiB
2026/05/29 07:33:38.844, 2646 MiB
2026/05/29 07:33:39.845, 2645 MiB
2026/05/29 07:33:40.846, 2642 MiB
2026/05/29 07:33:41.846, 2646 MiB
2026/05/29 07:33:42.846, 2646 MiB
2026/05/29 07:33:43.847, 2646 MiB
2026/05/29 07:33:44.848, 2642 MiB
2026/05/29 07:33:45.848, 2646 MiB
2026/05/29 07:33:46.848, 6283 MiB
2026/05/29 07:33:47.849, 6283 MiB
2026/05/29 07:33:48.849, 6287 MiB
2026/05/29 07:33:49.850, 6287 MiB
2026/05/29 07:33:50.851, 2627 MiB
2026/05/29 07:33:51.851, 2627 MiB
2026/05/29 07:33:52.851, 2627 MiB
2026/05/29 07:33:53.852, 2627 MiB
2026/05/29 07:33:54.852, 2627 MiB
2026/05/29 07:33:55.853, 2627 MiB
2026/05/29 07:33:56.853, 2627 MiB
2026/05/29 07:33:57.854, 2627 MiB
2026/05/29 07:33:58.854, 2627 MiB
2026/05/29 07:33:59.854, 2627 MiB
2026/05/29 07:34:00.855, 2627 MiB
2026/05/29 07:34:01.855, 2627 MiB
2026/05/29 07:34:02.855, 2627 MiB
2026/05/29 07:34:03.856, 2627 MiB
2026/05/29 07:34:04.856, 2627 MiB
2026/05/29 07:34:05.857, 2627 MiB
2026/05/29 07:34:06.858, 2627 MiB
2026/05/29 07:34:07.859, 2627 MiB
2026/05/29 07:34:08.859, 2627 MiB
2026/05/29 07:34:09.859, 2627 MiB
2026/05/29 07:34:10.860, 2627 MiB
2026/05/29 07:34:11.860, 2627 MiB
2026/05/29 07:34:12.860, 2627 MiB
2026/05/29 07:34:13.861, 2627 MiB
2026/05/29 07:34:14.861, 2626 MiB
2026/05/29 07:34:15.862, 2626 MiB
2026/05/29 07:34:16.862, 2622 MiB
2026/05/29 07:34:17.863, 2622 MiB
2026/05/29 07:34:18.864, 2622 MiB
2026/05/29 07:34:19.864, 2622 MiB
2026/05/29 07:34:20.864, 2622 MiB
2026/05/29 07:34:21.865, 2622 MiB
2026/05/29 07:34:22.865, 2622 MiB
2026/05/29 07:34:23.866, 2622 MiB
2026/05/29 07:34:24.866, 2622 MiB
2026/05/29 07:34:25.867, 2622 MiB
2026/05/29 07:34:26.868, 2622 MiB
2026/05/29 07:34:27.868, 2622 MiB
2026/05/29 07:34:28.868, 2622 MiB
2026/05/29 07:34:29.869, 6279 MiB
2026/05/29 07:34:30.869, 6279 MiB
2026/05/29 07:34:31.870, 7387 MiB
2026/05/29 07:34:32.870, 2627 MiB
2026/05/29 07:34:33.870, 2627 MiB
2026/05/29 07:34:34.871, 2627 MiB
2026/05/29 07:34:35.872, 2627 MiB
2026/05/29 07:34:36.872, 2627 MiB
2026/05/29 07:34:37.872, 2627 MiB
2026/05/29 07:34:38.873, 2627 MiB
2026/05/29 07:34:39.873, 2627 MiB
2026/05/29 07:34:40.873, 2627 MiB
2026/05/29 07:34:41.874, 2627 MiB
2026/05/29 07:34:42.874, 2627 MiB
2026/05/29 07:34:43.874, 2627 MiB
2026/05/29 07:34:44.875, 2627 MiB
2026/05/29 07:34:45.876, 2627 MiB
2026/05/29 07:34:46.876, 2627 MiB
2026/05/29 07:34:47.876, 2627 MiB
2026/05/29 07:34:48.877, 2627 MiB
2026/05/29 07:34:49.877, 2627 MiB
2026/05/29 07:34:50.878, 2627 MiB
2026/05/29 07:34:51.878, 2627 MiB
2026/05/29 07:34:52.879, 2627 MiB
2026/05/29 07:34:53.879, 2626 MiB
2026/05/29 07:34:54.879, 2623 MiB
2026/05/29 07:34:55.880, 2626 MiB
2026/05/29 07:34:56.881, 2626 MiB
2026/05/29 07:34:57.881, 2626 MiB
2026/05/29 07:34:58.881, 2626 MiB
2026/05/29 07:34:59.882, 2626 MiB
2026/05/29 07:35:00.883, 2626 MiB
2026/05/29 07:35:01.883, 2626 MiB
2026/05/29 07:35:02.883, 2623 MiB
2026/05/29 07:35:03.884, 2623 MiB
2026/05/29 07:35:04.885, 2626 MiB
2026/05/29 07:35:05.885, 2626 MiB
2026/05/29 07:35:06.886, 2626 MiB
2026/05/29 07:35:07.886, 2626 MiB
2026/05/29 07:35:08.886, 2626 MiB
2026/05/29 07:35:09.887, 2627 MiB
2026/05/29 07:35:10.887, 6287 MiB
2026/05/29 07:35:11.888, 6287 MiB
2026/05/29 07:35:12.888, 6287 MiB
2026/05/29 07:35:13.888, 2626 MiB
2026/05/29 07:35:14.888, 2626 MiB
2026/05/29 07:35:15.889, 2622 MiB
2026/05/29 07:35:16.889, 2622 MiB
2026/05/29 07:35:17.889, 2622 MiB
2026/05/29 07:35:18.890, 2622 MiB
2026/05/29 07:35:19.890, 2622 MiB
2026/05/29 07:35:20.890, 2622 MiB
2026/05/29 07:35:21.891, 2622 MiB
2026/05/29 07:35:22.891, 2622 MiB
2026/05/29 07:35:23.891, 2622 MiB
2026/05/29 07:35:24.892, 2622 MiB
2026/05/29 07:35:25.892, 2622 MiB
2026/05/29 07:35:26.892, 2622 MiB
2026/05/29 07:35:27.893, 2622 MiB
2026/05/29 07:35:28.894, 2622 MiB
2026/05/29 07:35:29.894, 2622 MiB
2026/05/29 07:35:30.895, 2622 MiB
2026/05/29 07:35:31.895, 2622 MiB
2026/05/29 07:35:32.896, 2622 MiB
2026/05/29 07:35:33.896, 2622 MiB
2026/05/29 07:35:34.896, 2622 MiB
2026/05/29 07:35:35.898, 2622 MiB
2026/05/29 07:35:36.898, 2622 MiB
2026/05/29 07:35:37.899, 2622 MiB
2026/05/29 07:35:38.899, 2622 MiB
2026/05/29 07:35:39.900, 2622 MiB
2026/05/29 07:35:40.901, 2622 MiB
2026/05/29 07:35:41.902, 2622 MiB
2026/05/29 07:35:42.902, 2622 MiB
2026/05/29 07:35:43.902, 2622 MiB
2026/05/29 07:35:44.903, 2622 MiB
2026/05/29 07:35:45.903, 2622 MiB
2026/05/29 07:35:46.904, 2622 MiB
2026/05/29 07:35:47.904, 2622 MiB
2026/05/29 07:35:48.905, 2622 MiB
2026/05/29 07:35:49.906, 2622 MiB
2026/05/29 07:35:50.906, 2622 MiB
2026/05/29 07:35:51.907, 2622 MiB
2026/05/29 07:35:52.907, 6282 MiB
2026/05/29 07:35:53.907, 6282 MiB
2026/05/29 07:35:54.908, 6282 MiB
2026/05/29 07:35:55.908, 5946 MiB
2026/05/29 07:35:56.908, 2646 MiB
2026/05/29 07:35:57.908, 2642 MiB
2026/05/29 07:35:58.909, 2642 MiB
2026/05/29 07:35:59.909, 2642 MiB
2026/05/29 07:36:00.909, 2642 MiB
2026/05/29 07:36:01.910, 2642 MiB
2026/05/29 07:36:02.910, 2642 MiB
2026/05/29 07:36:03.910, 2642 MiB
2026/05/29 07:36:04.911, 2642 MiB
2026/05/29 07:36:05.911, 2642 MiB
2026/05/29 07:36:06.911, 2642 MiB
2026/05/29 07:36:07.912, 2642 MiB
2026/05/29 07:36:08.912, 2642 MiB
2026/05/29 07:36:09.912, 2642 MiB
2026/05/29 07:36:10.913, 2646 MiB
2026/05/29 07:36:11.914, 2646 MiB
2026/05/29 07:36:12.914, 2646 MiB
2026/05/29 07:36:13.915, 2646 MiB
2026/05/29 07:36:14.915, 2646 MiB
2026/05/29 07:36:15.915, 2647 MiB
2026/05/29 07:36:16.915, 2647 MiB
2026/05/29 07:36:17.916, 2647 MiB
2026/05/29 07:36:18.916, 2647 MiB
2026/05/29 07:36:19.916, 2647 MiB
2026/05/29 07:36:20.917, 2647 MiB
2026/05/29 07:36:21.917, 2647 MiB
2026/05/29 07:36:22.917, 2647 MiB
2026/05/29 07:36:23.918, 2647 MiB
2026/05/29 07:36:24.919, 2647 MiB
2026/05/29 07:36:25.919, 2647 MiB
2026/05/29 07:36:26.920, 2647 MiB
2026/05/29 07:36:27.920, 2647 MiB
2026/05/29 07:36:28.921, 2647 MiB
2026/05/29 07:36:29.921, 2647 MiB
2026/05/29 07:36:30.922, 2647 MiB
2026/05/29 07:36:31.922, 2647 MiB
2026/05/29 07:36:32.923, 2647 MiB
2026/05/29 07:36:33.923, 2647 MiB
2026/05/29 07:36:34.925, 2647 MiB
2026/05/29 07:36:35.925, 2647 MiB
2026/05/29 07:36:36.925, 6302 MiB
2026/05/29 07:36:37.925, 6302 MiB
2026/05/29 07:36:38.926, 6302 MiB
2026/05/29 07:36:39.926, 5222 MiB
2026/05/29 07:36:40.927, 2622 MiB
2026/05/29 07:36:41.927, 2622 MiB
2026/05/29 07:36:42.927, 2622 MiB
2026/05/29 07:36:43.927, 2622 MiB
2026/05/29 07:36:44.928, 2622 MiB
2026/05/29 07:36:45.928, 2622 MiB
2026/05/29 07:36:46.928, 2622 MiB
2026/05/29 07:36:47.929, 2622 MiB
2026/05/29 07:36:48.929, 2622 MiB
2026/05/29 07:36:49.930, 2622 MiB
2026/05/29 07:36:50.930, 2622 MiB
2026/05/29 07:36:51.930, 2622 MiB
2026/05/29 07:36:52.931, 2619 MiB
2026/05/29 07:36:53.931, 2619 MiB
2026/05/29 07:36:54.931, 2619 MiB
2026/05/29 07:36:55.932, 2619 MiB
2026/05/29 07:36:56.932, 2619 MiB
2026/05/29 07:36:57.932, 2619 MiB
2026/05/29 07:36:58.933, 2626 MiB
2026/05/29 07:36:59.934, 2626 MiB
2026/05/29 07:37:00.934, 2626 MiB
2026/05/29 07:37:01.934, 2626 MiB
2026/05/29 07:37:02.935, 2626 MiB
2026/05/29 07:37:03.935, 2627 MiB
2026/05/29 07:37:04.936, 2627 MiB
2026/05/29 07:37:05.936, 2627 MiB
2026/05/29 07:37:06.936, 2627 MiB
2026/05/29 07:37:07.936, 2627 MiB
2026/05/29 07:37:08.937, 2627 MiB
2026/05/29 07:37:09.937, 2627 MiB
2026/05/29 07:37:10.937, 2627 MiB
2026/05/29 07:37:11.938, 2627 MiB
2026/05/29 07:37:12.939, 2627 MiB
2026/05/29 07:37:13.939, 2627 MiB
2026/05/29 07:37:14.939, 2627 MiB
2026/05/29 07:37:15.951, 2627 MiB
2026/05/29 07:37:16.952, 2627 MiB
2026/05/29 07:37:17.952, 2627 MiB
2026/05/29 07:37:18.952, 2827 MiB
2026/05/29 07:37:19.953, 6287 MiB
2026/05/29 07:37:20.953, 6287 MiB
2026/05/29 07:37:21.953, 6286 MiB
2026/05/29 07:37:22.953, 2622 MiB
2026/05/29 07:37:23.954, 2623 MiB
2026/05/29 07:37:24.954, 2623 MiB
2026/05/29 07:37:25.954, 2623 MiB
2026/05/29 07:37:26.955, 2623 MiB
2026/05/29 07:37:27.955, 2623 MiB
2026/05/29 07:37:28.955, 2623 MiB
2026/05/29 07:37:29.956, 2623 MiB
2026/05/29 07:37:30.956, 2623 MiB
2026/05/29 07:37:31.956, 2623 MiB
2026/05/29 07:37:32.957, 2623 MiB
2026/05/29 07:37:33.957, 2623 MiB
2026/05/29 07:37:34.957, 2623 MiB
2026/05/29 07:37:35.958, 2619 MiB
2026/05/29 07:37:36.958, 2619 MiB
2026/05/29 07:37:37.958, 2619 MiB
2026/05/29 07:37:38.959, 2626 MiB
2026/05/29 07:37:39.959, 2626 MiB
2026/05/29 07:37:40.960, 2626 MiB
2026/05/29 07:37:41.960, 2626 MiB
2026/05/29 07:37:42.960, 2626 MiB
2026/05/29 07:37:43.961, 2627 MiB
2026/05/29 07:37:44.962, 2627 MiB
2026/05/29 07:37:45.962, 2627 MiB
2026/05/29 07:37:46.963, 2627 MiB
2026/05/29 07:37:47.964, 2627 MiB
2026/05/29 07:37:48.964, 2627 MiB
2026/05/29 07:37:49.965, 2627 MiB
2026/05/29 07:37:50.965, 2627 MiB
2026/05/29 07:37:51.965, 2627 MiB
2026/05/29 07:37:52.967, 2627 MiB
2026/05/29 07:37:53.968, 2627 MiB
2026/05/29 07:37:54.969, 2627 MiB
2026/05/29 07:37:55.970, 2627 MiB
2026/05/29 07:37:56.970, 2627 MiB
2026/05/29 07:37:57.970, 2627 MiB
2026/05/29 07:37:58.971, 2627 MiB
2026/05/29 07:37:59.971, 2627 MiB
2026/05/29 07:38:00.972, 2627 MiB
2026/05/29 07:38:01.972, 2887 MiB
2026/05/29 07:38:02.972, 6287 MiB
2026/05/29 07:38:03.973, 6287 MiB
2026/05/29 07:38:04.973, 6286 MiB
2026/05/29 07:38:05.973, 2626 MiB
2026/05/29 07:38:06.974, 2622 MiB
2026/05/29 07:38:07.974, 2622 MiB
2026/05/29 07:38:08.974, 2622 MiB
2026/05/29 07:38:09.975, 2622 MiB
2026/05/29 07:38:10.975, 2622 MiB
2026/05/29 07:38:11.975, 2622 MiB
2026/05/29 07:38:12.976, 2622 MiB
2026/05/29 07:38:13.976, 2622 MiB
2026/05/29 07:38:14.976, 2622 MiB
2026/05/29 07:38:15.977, 2622 MiB
2026/05/29 07:38:16.977, 2622 MiB
2026/05/29 07:38:17.978, 2622 MiB
2026/05/29 07:38:18.978, 2622 MiB
2026/05/29 07:38:19.978, 2622 MiB
2026/05/29 07:38:20.979, 2622 MiB
2026/05/29 07:38:21.979, 2622 MiB
2026/05/29 07:38:22.980, 2622 MiB
2026/05/29 07:38:23.980, 2622 MiB
2026/05/29 07:38:24.980, 2622 MiB
2026/05/29 07:38:25.982, 2622 MiB
2026/05/29 07:38:26.983, 2622 MiB
2026/05/29 07:38:27.984, 2622 MiB
2026/05/29 07:38:28.985, 2622 MiB
2026/05/29 07:38:29.985, 2622 MiB
2026/05/29 07:38:30.986, 2622 MiB
2026/05/29 07:38:31.987, 2622 MiB
2026/05/29 07:38:32.987, 2622 MiB
2026/05/29 07:38:33.989, 2622 MiB
2026/05/29 07:38:34.989, 2622 MiB
2026/05/29 07:38:35.990, 2622 MiB
2026/05/29 07:38:36.991, 2622 MiB
2026/05/29 07:38:37.991, 2622 MiB
2026/05/29 07:38:38.991, 2622 MiB
2026/05/29 07:38:39.992, 2622 MiB
2026/05/29 07:38:40.993, 2622 MiB
2026/05/29 07:38:41.995, 2622 MiB
2026/05/29 07:38:42.996, 2622 MiB
2026/05/29 07:38:43.997, 2622 MiB
2026/05/29 07:38:44.997, 6282 MiB
2026/05/29 07:38:46.007, 6282 MiB
2026/05/29 07:38:47.007, 6282 MiB
2026/05/29 07:38:48.007, 8202 MiB
2026/05/29 07:38:49.008, 2622 MiB
2026/05/29 07:38:50.008, 2622 MiB
2026/05/29 07:38:51.009, 2622 MiB
2026/05/29 07:38:52.009, 2622 MiB
2026/05/29 07:38:53.010, 2622 MiB
2026/05/29 07:38:54.010, 2622 MiB
2026/05/29 07:38:55.010, 2622 MiB
2026/05/29 07:38:56.011, 2622 MiB
2026/05/29 07:38:57.011, 2622 MiB
2026/05/29 07:38:58.012, 2622 MiB
2026/05/29 07:38:59.012, 2622 MiB
2026/05/29 07:39:00.012, 2622 MiB
2026/05/29 07:39:01.013, 2622 MiB
2026/05/29 07:39:02.014, 2622 MiB
2026/05/29 07:39:03.014, 2622 MiB
2026/05/29 07:39:04.014, 2622 MiB
2026/05/29 07:39:05.015, 2622 MiB
2026/05/29 07:39:06.015, 2622 MiB
2026/05/29 07:39:07.015, 2622 MiB
2026/05/29 07:39:08.015, 2622 MiB
2026/05/29 07:39:09.016, 2622 MiB
2026/05/29 07:39:10.016, 2622 MiB
2026/05/29 07:39:11.016, 2622 MiB
2026/05/29 07:39:12.017, 2622 MiB
2026/05/29 07:39:13.017, 2622 MiB
2026/05/29 07:39:14.017, 2622 MiB
2026/05/29 07:39:15.018, 2622 MiB
2026/05/29 07:39:16.019, 2622 MiB
2026/05/29 07:39:17.019, 2622 MiB
2026/05/29 07:39:18.020, 2622 MiB
2026/05/29 07:39:19.020, 2622 MiB
2026/05/29 07:39:20.020, 2622 MiB
2026/05/29 07:39:21.021, 2622 MiB
2026/05/29 07:39:22.021, 2622 MiB
2026/05/29 07:39:23.021, 2622 MiB
2026/05/29 07:39:24.022, 2622 MiB
2026/05/29 07:39:25.022, 2622 MiB
2026/05/29 07:39:26.022, 2622 MiB
2026/05/29 07:39:27.023, 2622 MiB
2026/05/29 07:39:28.023, 6282 MiB
2026/05/29 07:39:29.023, 6282 MiB
2026/05/29 07:39:30.023, 6282 MiB
2026/05/29 07:39:31.024, 8702 MiB
2026/05/29 07:39:32.024, 2619 MiB
2026/05/29 07:39:33.025, 2615 MiB
2026/05/29 07:39:34.025, 2627 MiB
2026/05/29 07:39:35.025, 2627 MiB
2026/05/29 07:39:36.025, 2627 MiB
2026/05/29 07:39:37.026, 2627 MiB
2026/05/29 07:39:38.026, 2627 MiB
2026/05/29 07:39:39.027, 2627 MiB
2026/05/29 07:39:40.027, 2626 MiB
2026/05/29 07:39:41.027, 2623 MiB
2026/05/29 07:39:42.028, 2623 MiB
2026/05/29 07:39:43.028, 2623 MiB
2026/05/29 07:39:44.028, 2626 MiB
2026/05/29 07:39:45.028, 2626 MiB
2026/05/29 07:39:46.029, 2626 MiB
2026/05/29 07:39:47.029, 2626 MiB
2026/05/29 07:39:48.029, 2626 MiB
2026/05/29 07:39:49.031, 2627 MiB
2026/05/29 07:39:50.031, 2627 MiB
2026/05/29 07:39:51.031, 2627 MiB
2026/05/29 07:39:52.031, 2627 MiB
2026/05/29 07:39:53.032, 2627 MiB
2026/05/29 07:39:54.032, 2627 MiB
2026/05/29 07:39:55.032, 2626 MiB
2026/05/29 07:39:56.033, 2626 MiB
2026/05/29 07:39:57.033, 2626 MiB
2026/05/29 07:39:58.033, 2626 MiB
2026/05/29 07:39:59.034, 2626 MiB
2026/05/29 07:40:00.034, 2626 MiB
2026/05/29 07:40:01.034, 2627 MiB
2026/05/29 07:40:02.035, 2627 MiB
2026/05/29 07:40:03.035, 2627 MiB
2026/05/29 07:40:04.035, 2627 MiB
2026/05/29 07:40:05.036, 2627 MiB
2026/05/29 07:40:06.036, 2627 MiB
2026/05/29 07:40:07.036, 2627 MiB
2026/05/29 07:40:08.036, 2627 MiB
2026/05/29 07:40:09.037, 2627 MiB
2026/05/29 07:40:10.037, 2807 MiB
2026/05/29 07:40:11.037, 6287 MiB
2026/05/29 07:40:12.038, 6287 MiB
2026/05/29 07:40:13.038, 6287 MiB
2026/05/29 07:40:14.038, 4606 MiB
2026/05/29 07:40:15.039, 2626 MiB
2026/05/29 07:40:16.039, 2622 MiB
2026/05/29 07:40:17.039, 2619 MiB
2026/05/29 07:40:18.040, 2619 MiB
2026/05/29 07:40:19.040, 2619 MiB
2026/05/29 07:40:20.040, 2619 MiB
2026/05/29 07:40:21.041, 2619 MiB
2026/05/29 07:40:22.041, 2619 MiB
2026/05/29 07:40:23.041, 2619 MiB
2026/05/29 07:40:24.042, 2626 MiB
2026/05/29 07:40:25.042, 2626 MiB
2026/05/29 07:40:26.042, 2626 MiB
2026/05/29 07:40:27.044, 2626 MiB
2026/05/29 07:40:28.044, 2626 MiB
2026/05/29 07:40:29.044, 2627 MiB
2026/05/29 07:40:30.045, 2627 MiB
2026/05/29 07:40:31.045, 2627 MiB
2026/05/29 07:40:32.046, 2627 MiB
2026/05/29 07:40:33.047, 2627 MiB
2026/05/29 07:40:34.048, 2627 MiB
2026/05/29 07:40:35.049, 2627 MiB
2026/05/29 07:40:36.049, 2627 MiB
2026/05/29 07:40:37.049, 2627 MiB
2026/05/29 07:40:38.050, 2627 MiB
2026/05/29 07:40:39.050, 2627 MiB
2026/05/29 07:40:40.050, 2627 MiB
2026/05/29 07:40:41.051, 2627 MiB
2026/05/29 07:40:42.051, 2627 MiB
2026/05/29 07:40:43.051, 2627 MiB
2026/05/29 07:40:44.052, 2627 MiB
2026/05/29 07:40:45.052, 2627 MiB
2026/05/29 07:40:46.052, 2627 MiB
2026/05/29 07:40:47.053, 2627 MiB
2026/05/29 07:40:48.053, 2627 MiB
2026/05/29 07:40:49.053, 2627 MiB
2026/05/29 07:40:50.055, 2626 MiB
2026/05/29 07:40:51.055, 2626 MiB
2026/05/29 07:40:52.055, 2622 MiB
2026/05/29 07:40:53.056, 6282 MiB
2026/05/29 07:40:54.056, 6282 MiB
2026/05/29 07:40:55.056, 6282 MiB
2026/05/29 07:40:56.057, 7962 MiB
2026/05/29 07:40:57.057, 2622 MiB
2026/05/29 07:40:58.058, 2622 MiB
2026/05/29 07:40:59.058, 2622 MiB
2026/05/29 07:41:00.058, 2622 MiB
2026/05/29 07:41:01.059, 2627 MiB
2026/05/29 07:41:02.059, 2627 MiB
2026/05/29 07:41:03.059, 2627 MiB
2026/05/29 07:41:04.060, 2627 MiB
2026/05/29 07:41:05.060, 2627 MiB
2026/05/29 07:41:06.060, 2627 MiB
2026/05/29 07:41:07.061, 2627 MiB
2026/05/29 07:41:08.061, 2627 MiB
2026/05/29 07:41:09.061, 2627 MiB
2026/05/29 07:41:10.062, 2627 MiB
2026/05/29 07:41:11.062, 2627 MiB
2026/05/29 07:41:12.062, 2627 MiB
2026/05/29 07:41:13.064, 2627 MiB
2026/05/29 07:41:14.064, 2627 MiB
2026/05/29 07:41:15.064, 2627 MiB
2026/05/29 07:41:16.065, 2627 MiB
2026/05/29 07:41:17.065, 2627 MiB
2026/05/29 07:41:18.066, 2627 MiB
2026/05/29 07:41:19.066, 2627 MiB
2026/05/29 07:41:20.066, 2627 MiB
2026/05/29 07:41:21.067, 2627 MiB
2026/05/29 07:41:22.067, 2627 MiB
2026/05/29 07:41:23.067, 2627 MiB
2026/05/29 07:41:24.069, 2627 MiB
2026/05/29 07:41:25.069, 2627 MiB
2026/05/29 07:41:26.070, 2627 MiB
2026/05/29 07:41:27.070, 2626 MiB
2026/05/29 07:41:28.072, 2626 MiB
2026/05/29 07:41:29.072, 2622 MiB
2026/05/29 07:41:30.072, 2622 MiB
2026/05/29 07:41:31.073, 2622 MiB
2026/05/29 07:41:32.073, 2622 MiB
2026/05/29 07:41:33.073, 2622 MiB
2026/05/29 07:41:34.074, 2622 MiB
2026/05/29 07:41:35.074, 2822 MiB
2026/05/29 07:41:36.074, 6282 MiB
2026/05/29 07:41:37.075, 6282 MiB
2026/05/29 07:41:38.075, 6282 MiB
2026/05/29 07:41:39.076, 2642 MiB
2026/05/29 07:41:40.076, 2642 MiB
2026/05/29 07:41:41.076, 2642 MiB
2026/05/29 07:41:42.076, 2642 MiB
2026/05/29 07:41:43.091, 2642 MiB
2026/05/29 07:41:44.091, 2642 MiB
2026/05/29 07:41:45.092, 2642 MiB
2026/05/29 07:41:46.092, 2642 MiB
2026/05/29 07:41:47.092, 2642 MiB
2026/05/29 07:41:48.093, 2642 MiB
2026/05/29 07:41:49.093, 2642 MiB
2026/05/29 07:41:50.093, 2642 MiB
2026/05/29 07:41:51.094, 2642 MiB
2026/05/29 07:41:52.094, 2642 MiB
2026/05/29 07:41:53.094, 2642 MiB
2026/05/29 07:41:54.095, 2642 MiB
2026/05/29 07:41:55.095, 2642 MiB
2026/05/29 07:41:56.095, 2642 MiB
2026/05/29 07:41:57.096, 2642 MiB
2026/05/29 07:41:58.096, 2642 MiB
2026/05/29 07:41:59.096, 2642 MiB
2026/05/29 07:42:00.097, 2642 MiB
2026/05/29 07:42:01.098, 2642 MiB
2026/05/29 07:42:02.099, 2642 MiB
2026/05/29 07:42:03.099, 2642 MiB
2026/05/29 07:42:04.100, 2642 MiB
2026/05/29 07:42:05.100, 2642 MiB
2026/05/29 07:42:06.100, 2642 MiB
2026/05/29 07:42:07.101, 2642 MiB
2026/05/29 07:42:08.102, 2642 MiB
2026/05/29 07:42:09.102, 2642 MiB
2026/05/29 07:42:10.102, 2642 MiB
2026/05/29 07:42:11.103, 2642 MiB
2026/05/29 07:42:12.103, 2642 MiB
2026/05/29 07:42:13.103, 2642 MiB
2026/05/29 07:42:14.104, 2642 MiB
2026/05/29 07:42:15.104, 2642 MiB
2026/05/29 07:42:16.104, 2642 MiB
2026/05/29 07:42:17.105, 2642 MiB
2026/05/29 07:42:18.105, 6302 MiB
2026/05/29 07:42:19.105, 6302 MiB
2026/05/29 07:42:20.105, 6302 MiB
2026/05/29 07:42:21.106, 3582 MiB
2026/05/29 07:42:22.106, 2642 MiB
2026/05/29 07:42:23.106, 2642 MiB
2026/05/29 07:42:24.107, 2642 MiB
2026/05/29 07:42:25.107, 2642 MiB
2026/05/29 07:42:26.107, 2642 MiB
2026/05/29 07:42:27.108, 2642 MiB
2026/05/29 07:42:28.108, 2642 MiB
2026/05/29 07:42:29.108, 2642 MiB
2026/05/29 07:42:30.109, 2642 MiB
2026/05/29 07:42:31.109, 2642 MiB
2026/05/29 07:42:32.109, 2642 MiB
2026/05/29 07:42:33.110, 2642 MiB
2026/05/29 07:42:34.110, 2642 MiB
2026/05/29 07:42:35.110, 2642 MiB
2026/05/29 07:42:36.111, 2642 MiB
2026/05/29 07:42:37.111, 2642 MiB
2026/05/29 07:42:38.111, 2642 MiB
2026/05/29 07:42:39.112, 2642 MiB
2026/05/29 07:42:40.112, 2642 MiB
2026/05/29 07:42:41.112, 2642 MiB
2026/05/29 07:42:42.114, 2642 MiB
2026/05/29 07:42:43.114, 2639 MiB
2026/05/29 07:42:44.114, 2646 MiB
2026/05/29 07:42:45.115, 2646 MiB
2026/05/29 07:42:46.115, 2646 MiB
2026/05/29 07:42:47.115, 2646 MiB
2026/05/29 07:42:48.115, 2646 MiB
2026/05/29 07:42:49.116, 2647 MiB
2026/05/29 07:42:50.116, 2647 MiB
2026/05/29 07:42:51.120, 2647 MiB
2026/05/29 07:42:52.120, 2647 MiB
2026/05/29 07:42:53.120, 2647 MiB
2026/05/29 07:42:54.121, 2647 MiB
2026/05/29 07:42:55.121, 2647 MiB
2026/05/29 07:42:56.121, 2647 MiB
2026/05/29 07:42:57.122, 2647 MiB
2026/05/29 07:42:58.122, 2647 MiB
2026/05/29 07:42:59.124, 2647 MiB
2026/05/29 07:43:00.125, 2646 MiB
2026/05/29 07:43:01.125, 6307 MiB
2026/05/29 07:43:02.125, 6307 MiB
2026/05/29 07:43:03.126, 6307 MiB
2026/05/29 07:43:04.126, 2627 MiB
2026/05/29 07:43:05.126, 2626 MiB
2026/05/29 07:43:06.126, 2622 MiB
2026/05/29 07:43:07.128, 2622 MiB
2026/05/29 07:43:08.128, 2622 MiB
2026/05/29 07:43:09.129, 2622 MiB
2026/05/29 07:43:10.129, 2622 MiB
2026/05/29 07:43:11.129, 2622 MiB
2026/05/29 07:43:12.130, 2622 MiB
2026/05/29 07:43:13.130, 2622 MiB
2026/05/29 07:43:14.130, 2622 MiB
2026/05/29 07:43:15.131, 2622 MiB
2026/05/29 07:43:16.131, 2622 MiB
2026/05/29 07:43:17.131, 2622 MiB
2026/05/29 07:43:18.131, 2622 MiB
2026/05/29 07:43:19.132, 2622 MiB
2026/05/29 07:43:20.132, 2622 MiB
2026/05/29 07:43:21.132, 2619 MiB
2026/05/29 07:43:22.133, 2619 MiB
2026/05/29 07:43:23.133, 2619 MiB
2026/05/29 07:43:24.133, 2626 MiB
2026/05/29 07:43:25.134, 2626 MiB
2026/05/29 07:43:26.135, 2626 MiB
2026/05/29 07:43:27.136, 2626 MiB
2026/05/29 07:43:28.136, 2626 MiB
2026/05/29 07:43:29.136, 2627 MiB
2026/05/29 07:43:30.137, 2627 MiB
2026/05/29 07:43:31.142, 2627 MiB
2026/05/29 07:43:32.143, 2627 MiB
2026/05/29 07:43:33.143, 2627 MiB
2026/05/29 07:43:34.143, 2627 MiB
2026/05/29 07:43:35.144, 2627 MiB
2026/05/29 07:43:36.144, 2627 MiB
2026/05/29 07:43:37.144, 2627 MiB
2026/05/29 07:43:38.146, 2627 MiB
2026/05/29 07:43:39.146, 2627 MiB
2026/05/29 07:43:40.146, 2626 MiB
2026/05/29 07:43:41.147, 2626 MiB
2026/05/29 07:43:42.147, 2626 MiB
2026/05/29 07:43:43.147, 2626 MiB
2026/05/29 07:43:44.148, 2627 MiB
2026/05/29 07:43:45.148, 6287 MiB
2026/05/29 07:43:46.148, 6287 MiB
2026/05/29 07:43:47.149, 6287 MiB
2026/05/29 07:43:48.149, 2646 MiB
2026/05/29 07:43:49.149, 2646 MiB
2026/05/29 07:43:50.150, 2642 MiB
2026/05/29 07:43:51.150, 2642 MiB
2026/05/29 07:43:52.150, 2642 MiB
2026/05/29 07:43:53.151, 2642 MiB
2026/05/29 07:43:54.151, 2642 MiB
2026/05/29 07:43:55.151, 2642 MiB
2026/05/29 07:43:56.151, 2642 MiB
2026/05/29 07:43:57.152, 2642 MiB
2026/05/29 07:43:58.152, 2642 MiB
2026/05/29 07:43:59.153, 2642 MiB
2026/05/29 07:44:00.153, 2642 MiB
2026/05/29 07:44:01.153, 2642 MiB
2026/05/29 07:44:02.154, 2642 MiB
2026/05/29 07:44:03.154, 2642 MiB
2026/05/29 07:44:04.154, 2642 MiB
2026/05/29 07:44:05.156, 2642 MiB
2026/05/29 07:44:06.156, 2642 MiB
2026/05/29 07:44:07.156, 2642 MiB
2026/05/29 07:44:08.157, 2642 MiB
2026/05/29 07:44:09.157, 2642 MiB
2026/05/29 07:44:10.157, 2642 MiB
2026/05/29 07:44:11.158, 2642 MiB
2026/05/29 07:44:12.158, 2642 MiB
2026/05/29 07:44:13.158, 2642 MiB
2026/05/29 07:44:14.161, 2642 MiB
2026/05/29 07:44:15.161, 2642 MiB
2026/05/29 07:44:16.163, 2642 MiB
2026/05/29 07:44:17.163, 2642 MiB
2026/05/29 07:44:18.163, 2642 MiB
2026/05/29 07:44:19.164, 2642 MiB
2026/05/29 07:44:20.164, 2642 MiB
2026/05/29 07:44:21.164, 2642 MiB
2026/05/29 07:44:22.165, 2642 MiB
2026/05/29 07:44:23.166, 2642 MiB
2026/05/29 07:44:24.166, 2642 MiB
2026/05/29 07:44:25.167, 2642 MiB
2026/05/29 07:44:26.167, 2642 MiB
2026/05/29 07:44:27.167, 6302 MiB
2026/05/29 07:44:28.168, 6302 MiB
2026/05/29 07:44:29.169, 6302 MiB
2026/05/29 07:44:30.169, 6302 MiB
2026/05/29 07:44:31.169, 2622 MiB
2026/05/29 07:44:32.169, 2622 MiB
2026/05/29 07:44:33.170, 2622 MiB
2026/05/29 07:44:34.170, 2622 MiB
2026/05/29 07:44:35.170, 2622 MiB
2026/05/29 07:44:36.171, 2622 MiB
2026/05/29 07:44:37.171, 2622 MiB
2026/05/29 07:44:38.172, 2619 MiB
2026/05/29 07:44:39.172, 2619 MiB
2026/05/29 07:44:40.172, 2619 MiB
2026/05/29 07:44:41.173, 2619 MiB
2026/05/29 07:44:42.173, 2626 MiB
2026/05/29 07:44:43.173, 2626 MiB
2026/05/29 07:44:44.174, 2626 MiB
2026/05/29 07:44:45.174, 2626 MiB
2026/05/29 07:44:46.175, 2626 MiB
2026/05/29 07:44:47.175, 2626 MiB
2026/05/29 07:44:48.175, 2626 MiB
2026/05/29 07:44:49.176, 2623 MiB
2026/05/29 07:44:50.177, 2623 MiB
2026/05/29 07:44:51.178, 2623 MiB
2026/05/29 07:44:52.178, 2623 MiB
2026/05/29 07:44:53.179, 2623 MiB
2026/05/29 07:44:54.179, 2623 MiB
2026/05/29 07:44:55.179, 2623 MiB
2026/05/29 07:44:56.180, 2622 MiB
2026/05/29 07:44:57.181, 2625 MiB
2026/05/29 07:44:58.181, 2624 MiB
2026/05/29 07:44:59.181, 2624 MiB
2026/05/29 07:45:00.201, 2625 MiB
2026/05/29 07:45:01.202, 2625 MiB
2026/05/29 07:45:02.202, 2625 MiB
2026/05/29 07:45:03.202, 2625 MiB
2026/05/29 07:45:04.203, 2625 MiB
2026/05/29 07:45:05.203, 2625 MiB
2026/05/29 07:45:06.203, 2625 MiB
2026/05/29 07:45:07.204, 2625 MiB
2026/05/29 07:45:08.205, 2625 MiB
2026/05/29 07:45:09.206, 2625 MiB
2026/05/29 07:45:10.206, 6285 MiB
2026/05/29 07:45:11.206, 6285 MiB
2026/05/29 07:45:12.207, 6285 MiB
2026/05/29 07:45:13.207, 3365 MiB
2026/05/29 07:45:14.207, 2625 MiB
2026/05/29 07:45:15.208, 2628 MiB
2026/05/29 07:45:16.208, 2628 MiB
2026/05/29 07:45:17.208, 2628 MiB
2026/05/29 07:45:18.208, 2628 MiB
2026/05/29 07:45:19.209, 2628 MiB
2026/05/29 07:45:20.209, 2628 MiB
2026/05/29 07:45:21.209, 2628 MiB
2026/05/29 07:45:22.210, 2628 MiB
2026/05/29 07:45:23.210, 2628 MiB
2026/05/29 07:45:24.210, 2628 MiB
2026/05/29 07:45:25.211, 2628 MiB
2026/05/29 07:45:26.211, 2628 MiB
2026/05/29 07:45:27.212, 2625 MiB
2026/05/29 07:45:28.213, 2625 MiB
2026/05/29 07:45:29.213, 2625 MiB
2026/05/29 07:45:30.213, 2625 MiB
2026/05/29 07:45:31.214, 2625 MiB
2026/05/29 07:45:32.214, 2625 MiB
2026/05/29 07:45:33.215, 2625 MiB
2026/05/29 07:45:34.215, 2625 MiB
2026/05/29 07:45:35.215, 2625 MiB
2026/05/29 07:45:36.216, 2625 MiB
2026/05/29 07:45:37.216, 2628 MiB
2026/05/29 07:45:38.217, 2628 MiB
2026/05/29 07:45:39.217, 2628 MiB
2026/05/29 07:45:40.217, 2628 MiB
2026/05/29 07:45:41.218, 2628 MiB
2026/05/29 07:45:42.218, 2628 MiB
2026/05/29 07:45:43.218, 2628 MiB
2026/05/29 07:45:44.219, 2628 MiB
2026/05/29 07:45:45.219, 2628 MiB
2026/05/29 07:45:46.219, 2628 MiB
2026/05/29 07:45:47.220, 2628 MiB
2026/05/29 07:45:48.221, 2628 MiB
2026/05/29 07:45:49.222, 2628 MiB
2026/05/29 07:45:50.223, 2628 MiB
2026/05/29 07:45:51.224, 2628 MiB
2026/05/29 07:45:52.224, 6288 MiB
2026/05/29 07:45:53.224, 6288 MiB
2026/05/29 07:45:54.225, 6288 MiB
2026/05/29 07:45:55.226, 6287 MiB
2026/05/29 07:45:56.226, 2627 MiB
2026/05/29 07:45:57.226, 2623 MiB
2026/05/29 07:45:58.227, 2623 MiB
2026/05/29 07:45:59.227, 2623 MiB
2026/05/29 07:46:00.227, 2623 MiB
2026/05/29 07:46:01.228, 2623 MiB
2026/05/29 07:46:02.228, 2623 MiB
2026/05/29 07:46:03.228, 2623 MiB
2026/05/29 07:46:04.229, 2623 MiB
2026/05/29 07:46:05.229, 2623 MiB
2026/05/29 07:46:06.229, 2623 MiB
2026/05/29 07:46:07.230, 2623 MiB
2026/05/29 07:46:08.230, 2623 MiB
2026/05/29 07:46:09.230, 2620 MiB
2026/05/29 07:46:10.231, 2625 MiB
2026/05/29 07:46:11.231, 2625 MiB
2026/05/29 07:46:12.232, 2625 MiB
2026/05/29 07:46:13.232, 2625 MiB
2026/05/29 07:46:14.233, 2625 MiB
2026/05/29 07:46:15.233, 2625 MiB
2026/05/29 07:46:16.233, 2625 MiB
2026/05/29 07:46:17.234, 2625 MiB
2026/05/29 07:46:18.234, 2625 MiB
2026/05/29 07:46:19.235, 2625 MiB
2026/05/29 07:46:20.235, 2628 MiB
2026/05/29 07:46:21.237, 2628 MiB
2026/05/29 07:46:22.238, 2628 MiB
2026/05/29 07:46:23.238, 2628 MiB
2026/05/29 07:46:24.238, 2628 MiB
2026/05/29 07:46:25.239, 2628 MiB
2026/05/29 07:46:26.240, 2628 MiB
2026/05/29 07:46:27.240, 2628 MiB
2026/05/29 07:46:28.241, 2628 MiB
2026/05/29 07:46:29.242, 2628 MiB
2026/05/29 07:46:30.242, 2628 MiB
2026/05/29 07:46:31.243, 2628 MiB
2026/05/29 07:46:32.244, 2628 MiB
2026/05/29 07:46:33.244, 2628 MiB
2026/05/29 07:46:34.244, 3688 MiB
2026/05/29 07:46:35.244, 6288 MiB
2026/05/29 07:46:36.245, 6288 MiB
2026/05/29 07:46:37.245, 6285 MiB
2026/05/29 07:46:38.245, 2625 MiB
2026/05/29 07:46:39.246, 2625 MiB
2026/05/29 07:46:40.254, 2625 MiB
2026/05/29 07:46:41.255, 2625 MiB
2026/05/29 07:46:42.255, 2625 MiB
2026/05/29 07:46:43.255, 2625 MiB
2026/05/29 07:46:44.256, 2625 MiB
2026/05/29 07:46:45.256, 2625 MiB
2026/05/29 07:46:46.256, 2625 MiB
2026/05/29 07:46:47.257, 2628 MiB
2026/05/29 07:46:48.257, 2628 MiB
2026/05/29 07:46:49.257, 2628 MiB
2026/05/29 07:46:50.258, 2628 MiB
2026/05/29 07:46:51.258, 2628 MiB
2026/05/29 07:46:52.258, 2628 MiB
2026/05/29 07:46:53.258, 2628 MiB
2026/05/29 07:46:54.259, 2628 MiB
2026/05/29 07:46:55.259, 2628 MiB
2026/05/29 07:46:56.260, 2628 MiB
2026/05/29 07:46:57.261, 2628 MiB
2026/05/29 07:46:58.261, 2628 MiB
2026/05/29 07:46:59.262, 2628 MiB
2026/05/29 07:47:00.262, 2628 MiB
2026/05/29 07:47:01.262, 2628 MiB
2026/05/29 07:47:02.263, 2628 MiB
2026/05/29 07:47:03.263, 2628 MiB
2026/05/29 07:47:04.263, 2628 MiB
2026/05/29 07:47:05.263, 2628 MiB
2026/05/29 07:47:06.265, 2628 MiB
2026/05/29 07:47:07.265, 2628 MiB
2026/05/29 07:47:08.265, 2628 MiB
2026/05/29 07:47:09.266, 2628 MiB
2026/05/29 07:47:10.266, 2628 MiB
2026/05/29 07:47:11.266, 2628 MiB
2026/05/29 07:47:12.267, 2628 MiB
2026/05/29 07:47:13.268, 2628 MiB
2026/05/29 07:47:14.268, 2627 MiB
2026/05/29 07:47:15.269, 2627 MiB
2026/05/29 07:47:16.269, 2823 MiB
2026/05/29 07:47:17.269, 6283 MiB
2026/05/29 07:47:18.270, 6283 MiB
2026/05/29 07:47:19.270, 6283 MiB
2026/05/29 07:47:20.271, 7043 MiB
2026/05/29 07:47:21.271, 2643 MiB
2026/05/29 07:47:22.271, 2643 MiB
2026/05/29 07:47:23.272, 2643 MiB
2026/05/29 07:47:24.272, 2640 MiB
2026/05/29 07:47:25.272, 2640 MiB
2026/05/29 07:47:26.272, 2645 MiB
2026/05/29 07:47:27.273, 2645 MiB
2026/05/29 07:47:28.274, 2645 MiB
2026/05/29 07:47:29.275, 2645 MiB
2026/05/29 07:47:30.275, 2645 MiB
2026/05/29 07:47:31.276, 2645 MiB
2026/05/29 07:47:32.276, 2645 MiB
2026/05/29 07:47:33.276, 2645 MiB
2026/05/29 07:47:34.277, 2645 MiB
2026/05/29 07:47:35.277, 2645 MiB
2026/05/29 07:47:36.278, 2648 MiB
2026/05/29 07:47:37.278, 2648 MiB
2026/05/29 07:47:38.278, 2648 MiB
2026/05/29 07:47:39.278, 2648 MiB
2026/05/29 07:47:40.279, 2648 MiB
2026/05/29 07:47:41.279, 2648 MiB
2026/05/29 07:47:42.280, 2648 MiB
2026/05/29 07:47:43.281, 2648 MiB
2026/05/29 07:47:44.281, 2648 MiB
2026/05/29 07:47:45.281, 2648 MiB
2026/05/29 07:47:46.282, 2648 MiB
2026/05/29 07:47:47.282, 2648 MiB
2026/05/29 07:47:48.282, 2648 MiB
2026/05/29 07:47:49.283, 2648 MiB
2026/05/29 07:47:50.284, 2648 MiB
2026/05/29 07:47:51.284, 2648 MiB
2026/05/29 07:47:52.285, 2648 MiB
2026/05/29 07:47:53.285, 2648 MiB
2026/05/29 07:47:54.286, 2648 MiB
2026/05/29 07:47:55.288, 2648 MiB
2026/05/29 07:47:56.288, 2648 MiB
2026/05/29 07:47:57.288, 2648 MiB
2026/05/29 07:47:58.288, 2648 MiB
2026/05/29 07:47:59.289, 6048 MiB
2026/05/29 07:48:00.289, 6048 MiB
2026/05/29 07:48:01.290, 6048 MiB
2026/05/29 07:48:02.290, 5465 MiB
2026/05/29 07:48:03.291, 2645 MiB
2026/05/29 07:48:04.291, 2645 MiB
2026/05/29 07:48:05.291, 2645 MiB
2026/05/29 07:48:06.292, 2645 MiB
2026/05/29 07:48:07.292, 2648 MiB
2026/05/29 07:48:08.293, 2648 MiB
2026/05/29 07:48:09.293, 2648 MiB
2026/05/29 07:48:10.293, 2648 MiB
2026/05/29 07:48:11.294, 2648 MiB
2026/05/29 07:48:12.294, 2648 MiB
2026/05/29 07:48:13.294, 2648 MiB
2026/05/29 07:48:14.295, 2648 MiB
2026/05/29 07:48:15.295, 2648 MiB
2026/05/29 07:48:16.296, 2648 MiB
2026/05/29 07:48:17.296, 2648 MiB
2026/05/29 07:48:18.296, 2648 MiB
2026/05/29 07:48:19.297, 2648 MiB
2026/05/29 07:48:20.297, 2648 MiB
2026/05/29 07:48:21.297, 2648 MiB
2026/05/29 07:48:22.298, 2648 MiB
2026/05/29 07:48:23.298, 2648 MiB
2026/05/29 07:48:24.298, 2648 MiB
2026/05/29 07:48:25.299, 2648 MiB
2026/05/29 07:48:26.299, 2648 MiB
2026/05/29 07:48:27.299, 2648 MiB
2026/05/29 07:48:28.300, 2648 MiB
2026/05/29 07:48:29.301, 2645 MiB
2026/05/29 07:48:30.301, 2645 MiB
2026/05/29 07:48:31.301, 2645 MiB
2026/05/29 07:48:32.302, 2645 MiB
2026/05/29 07:48:33.302, 2645 MiB
2026/05/29 07:48:34.302, 2648 MiB
2026/05/29 07:48:35.303, 2648 MiB
2026/05/29 07:48:36.303, 2648 MiB
2026/05/29 07:48:37.303, 2648 MiB
2026/05/29 07:48:38.305, 2648 MiB
2026/05/29 07:48:39.306, 2648 MiB
2026/05/29 07:48:40.306, 2648 MiB
2026/05/29 07:48:41.306, 6308 MiB
2026/05/29 07:48:42.307, 6308 MiB
2026/05/29 07:48:43.307, 6308 MiB
2026/05/29 07:48:44.308, 3372 MiB
2026/05/29 07:48:45.308, 2631 MiB
2026/05/29 07:48:46.308, 2631 MiB
2026/05/29 07:48:47.309, 2623 MiB
2026/05/29 07:48:48.309, 2623 MiB
2026/05/29 07:48:49.309, 2623 MiB
2026/05/29 07:48:50.310, 2623 MiB
2026/05/29 07:48:51.310, 2623 MiB
2026/05/29 07:48:52.310, 2623 MiB
2026/05/29 07:48:53.311, 2623 MiB
2026/05/29 07:48:54.311, 2623 MiB
2026/05/29 07:48:55.311, 2623 MiB
2026/05/29 07:48:56.312, 2623 MiB
2026/05/29 07:48:57.312, 2623 MiB
2026/05/29 07:48:58.312, 2623 MiB
2026/05/29 07:48:59.313, 2623 MiB
2026/05/29 07:49:00.314, 2623 MiB
2026/05/29 07:49:01.314, 2623 MiB
2026/05/29 07:49:02.315, 2623 MiB
2026/05/29 07:49:03.315, 2623 MiB
2026/05/29 07:49:04.316, 2623 MiB
2026/05/29 07:49:05.316, 2623 MiB
2026/05/29 07:49:06.316, 2623 MiB
2026/05/29 07:49:07.317, 2623 MiB
2026/05/29 07:49:08.317, 2623 MiB
2026/05/29 07:49:09.317, 2623 MiB
2026/05/29 07:49:10.318, 2623 MiB
2026/05/29 07:49:11.319, 2623 MiB
2026/05/29 07:49:12.319, 2623 MiB
2026/05/29 07:49:13.319, 2623 MiB
2026/05/29 07:49:14.320, 2623 MiB
2026/05/29 07:49:15.320, 2623 MiB
2026/05/29 07:49:16.320, 2623 MiB
2026/05/29 07:49:17.321, 2623 MiB
2026/05/29 07:49:18.321, 2623 MiB
2026/05/29 07:49:19.321, 2623 MiB
2026/05/29 07:49:20.322, 2623 MiB
2026/05/29 07:49:21.322, 2623 MiB
2026/05/29 07:49:22.322, 2623 MiB
2026/05/29 07:49:23.323, 6283 MiB
2026/05/29 07:49:24.323, 6283 MiB
2026/05/29 07:49:25.323, 6283 MiB
2026/05/29 07:49:26.324, 8903 MiB
2026/05/29 07:49:27.324, 2623 MiB
2026/05/29 07:49:28.324, 2623 MiB
2026/05/29 07:49:29.325, 2623 MiB
2026/05/29 07:49:30.325, 2623 MiB
2026/05/29 07:49:31.325, 2623 MiB
2026/05/29 07:49:32.325, 2623 MiB
2026/05/29 07:49:33.326, 2623 MiB
2026/05/29 07:49:34.326, 2623 MiB
2026/05/29 07:49:35.326, 2623 MiB
2026/05/29 07:49:36.327, 2623 MiB
2026/05/29 07:49:37.327, 2623 MiB
2026/05/29 07:49:38.327, 2623 MiB
2026/05/29 07:49:39.328, 2623 MiB
2026/05/29 07:49:40.329, 2623 MiB
2026/05/29 07:49:41.329, 2623 MiB
2026/05/29 07:49:42.330, 2623 MiB
2026/05/29 07:49:43.331, 2623 MiB
2026/05/29 07:49:44.331, 2623 MiB
2026/05/29 07:49:45.332, 2623 MiB
2026/05/29 07:49:46.332, 2623 MiB
2026/05/29 07:49:47.333, 2623 MiB
2026/05/29 07:49:48.333, 2623 MiB
2026/05/29 07:49:49.334, 2623 MiB
2026/05/29 07:49:50.334, 2623 MiB
2026/05/29 07:49:51.335, 2623 MiB
2026/05/29 07:49:52.335, 2623 MiB
2026/05/29 07:49:53.335, 2623 MiB
2026/05/29 07:49:54.336, 2623 MiB
2026/05/29 07:49:55.336, 2623 MiB
2026/05/29 07:49:56.336, 2623 MiB
2026/05/29 07:49:57.337, 2623 MiB
2026/05/29 07:49:58.337, 2623 MiB
2026/05/29 07:49:59.337, 2623 MiB
2026/05/29 07:50:00.338, 2623 MiB
2026/05/29 07:50:01.338, 2628 MiB
2026/05/29 07:50:02.343, 2628 MiB
2026/05/29 07:50:03.344, 2628 MiB
2026/05/29 07:50:04.344, 2628 MiB
2026/05/29 07:50:05.344, 6288 MiB
2026/05/29 07:50:06.345, 6288 MiB
2026/05/29 07:50:07.345, 6288 MiB
2026/05/29 07:50:08.346, 7368 MiB
2026/05/29 07:50:09.346, 2628 MiB
2026/05/29 07:50:10.346, 2628 MiB
2026/05/29 07:50:11.347, 2628 MiB
2026/05/29 07:50:12.347, 2628 MiB
2026/05/29 07:50:13.347, 2628 MiB
2026/05/29 07:50:14.348, 2628 MiB
2026/05/29 07:50:15.348, 2628 MiB
2026/05/29 07:50:16.348, 2628 MiB
2026/05/29 07:50:17.348, 2628 MiB
2026/05/29 07:50:18.349, 2628 MiB
2026/05/29 07:50:19.349, 2628 MiB
2026/05/29 07:50:20.350, 2628 MiB
2026/05/29 07:50:21.350, 2628 MiB
2026/05/29 07:50:22.350, 2628 MiB
2026/05/29 07:50:23.351, 2628 MiB
2026/05/29 07:50:24.351, 2628 MiB
2026/05/29 07:50:25.351, 2628 MiB
2026/05/29 07:50:26.352, 2628 MiB
2026/05/29 07:50:27.352, 2628 MiB
2026/05/29 07:50:28.352, 2628 MiB
2026/05/29 07:50:29.353, 2628 MiB
2026/05/29 07:50:30.353, 2628 MiB
2026/05/29 07:50:31.355, 2628 MiB
2026/05/29 07:50:32.355, 2628 MiB
2026/05/29 07:50:33.356, 2628 MiB
2026/05/29 07:50:34.356, 2627 MiB
2026/05/29 07:50:35.357, 2623 MiB
2026/05/29 07:50:36.357, 2623 MiB
2026/05/29 07:50:37.358, 2623 MiB
2026/05/29 07:50:38.358, 2623 MiB
2026/05/29 07:50:39.358, 2623 MiB
2026/05/29 07:50:40.359, 2623 MiB
2026/05/29 07:50:41.359, 2623 MiB
2026/05/29 07:50:42.360, 2623 MiB
2026/05/29 07:50:43.360, 2623 MiB
2026/05/29 07:50:44.361, 2623 MiB
2026/05/29 07:50:45.361, 2623 MiB
2026/05/29 07:50:46.362, 2623 MiB
2026/05/29 07:50:47.363, 2623 MiB
2026/05/29 07:50:48.363, 2623 MiB
2026/05/29 07:50:49.363, 6283 MiB
2026/05/29 07:50:50.364, 6283 MiB
2026/05/29 07:50:51.364, 6283 MiB
2026/05/29 07:50:52.364, 8783 MiB
2026/05/29 07:50:53.364, 2643 MiB
2026/05/29 07:50:54.365, 2643 MiB
2026/05/29 07:50:55.365, 2643 MiB
2026/05/29 07:50:56.365, 2643 MiB
2026/05/29 07:50:57.366, 2643 MiB
2026/05/29 07:50:58.366, 2643 MiB
2026/05/29 07:50:59.366, 2643 MiB
2026/05/29 07:51:00.367, 2643 MiB
2026/05/29 07:51:01.367, 2643 MiB
2026/05/29 07:51:02.367, 2643 MiB
2026/05/29 07:51:03.368, 2643 MiB
2026/05/29 07:51:04.368, 2643 MiB
2026/05/29 07:51:05.368, 2643 MiB
2026/05/29 07:51:06.369, 2643 MiB
2026/05/29 07:51:07.370, 2643 MiB
2026/05/29 07:51:08.370, 2643 MiB
2026/05/29 07:51:09.370, 2643 MiB
2026/05/29 07:51:10.371, 2643 MiB
2026/05/29 07:51:11.371, 2643 MiB
2026/05/29 07:51:12.371, 2643 MiB
2026/05/29 07:51:13.373, 2643 MiB
2026/05/29 07:51:14.374, 2643 MiB
2026/05/29 07:51:15.408, 2643 MiB
2026/05/29 07:51:16.409, 2643 MiB
2026/05/29 07:51:17.409, 2643 MiB
2026/05/29 07:51:18.409, 2643 MiB
2026/05/29 07:51:19.411, 2643 MiB
2026/05/29 07:51:20.411, 2643 MiB
2026/05/29 07:51:21.411, 2643 MiB
2026/05/29 07:51:22.412, 2643 MiB
2026/05/29 07:51:23.412, 2643 MiB
2026/05/29 07:51:24.412, 2643 MiB
2026/05/29 07:51:25.414, 2648 MiB
2026/05/29 07:51:26.414, 2648 MiB
2026/05/29 07:51:27.414, 2648 MiB
2026/05/29 07:51:28.415, 2648 MiB
2026/05/29 07:51:29.415, 2648 MiB
2026/05/29 07:51:30.416, 2648 MiB
2026/05/29 07:51:31.417, 6308 MiB
2026/05/29 07:51:32.417, 6308 MiB
2026/05/29 07:51:33.417, 6308 MiB
2026/05/29 07:51:34.418, 6579 MiB
2026/05/29 07:51:35.418, 2623 MiB
2026/05/29 07:51:36.418, 2623 MiB
2026/05/29 07:51:37.418, 2623 MiB
2026/05/29 07:51:38.419, 2623 MiB
2026/05/29 07:51:39.419, 2623 MiB
2026/05/29 07:51:40.419, 2623 MiB
2026/05/29 07:51:41.420, 2623 MiB
2026/05/29 07:51:42.420, 2623 MiB
2026/05/29 07:51:43.420, 2623 MiB
2026/05/29 07:51:44.421, 2623 MiB
2026/05/29 07:51:45.421, 2623 MiB
2026/05/29 07:51:46.421, 2623 MiB
2026/05/29 07:51:47.422, 2623 MiB
2026/05/29 07:51:48.422, 2623 MiB
2026/05/29 07:51:49.422, 2623 MiB
2026/05/29 07:51:50.425, 2623 MiB
2026/05/29 07:51:51.425, 2623 MiB
2026/05/29 07:51:52.425, 2623 MiB
2026/05/29 07:51:53.426, 2623 MiB
2026/05/29 07:51:54.426, 2623 MiB
2026/05/29 07:51:55.426, 2623 MiB
2026/05/29 07:51:56.427, 2623 MiB
2026/05/29 07:51:57.427, 2620 MiB
2026/05/29 07:51:58.427, 2620 MiB
2026/05/29 07:51:59.428, 2620 MiB
2026/05/29 07:52:00.428, 2620 MiB
2026/05/29 07:52:01.428, 2628 MiB
2026/05/29 07:52:02.429, 2628 MiB
2026/05/29 07:52:03.429, 2628 MiB
2026/05/29 07:52:04.429, 2628 MiB
2026/05/29 07:52:05.430, 2628 MiB
2026/05/29 07:52:06.430, 2628 MiB
2026/05/29 07:52:07.430, 2628 MiB
2026/05/29 07:52:08.431, 2628 MiB
2026/05/29 07:52:09.431, 2628 MiB
2026/05/29 07:52:10.434, 2628 MiB
2026/05/29 07:52:11.435, 2628 MiB
2026/05/29 07:52:12.437, 2628 MiB
2026/05/29 07:52:13.438, 2828 MiB
2026/05/29 07:52:14.438, 6288 MiB
2026/05/29 07:52:15.438, 8268 MiB
2026/05/29 07:52:16.439, 2627 MiB
2026/05/29 07:52:17.439, 2627 MiB
2026/05/29 07:52:18.439, 2627 MiB
2026/05/29 07:52:19.440, 2623 MiB
2026/05/29 07:52:20.440, 2623 MiB
2026/05/29 07:52:21.440, 2623 MiB
2026/05/29 07:52:22.441, 2623 MiB
2026/05/29 07:52:23.441, 2623 MiB
2026/05/29 07:52:24.441, 2623 MiB
2026/05/29 07:52:25.442, 2623 MiB
2026/05/29 07:52:26.442, 2623 MiB
2026/05/29 07:52:27.442, 2623 MiB
2026/05/29 07:52:28.443, 2623 MiB
2026/05/29 07:52:29.443, 2623 MiB
2026/05/29 07:52:30.443, 2623 MiB
2026/05/29 07:52:31.444, 2623 MiB
2026/05/29 07:52:32.444, 2623 MiB
2026/05/29 07:52:33.444, 2623 MiB
2026/05/29 07:52:34.445, 2623 MiB
2026/05/29 07:52:35.445, 2623 MiB
2026/05/29 07:52:36.445, 2623 MiB
2026/05/29 07:52:37.446, 2623 MiB
2026/05/29 07:52:38.446, 2623 MiB
2026/05/29 07:52:39.446, 2623 MiB
2026/05/29 07:52:40.447, 2623 MiB
2026/05/29 07:52:41.447, 2623 MiB
2026/05/29 07:52:42.447, 2623 MiB
2026/05/29 07:52:43.448, 2623 MiB
2026/05/29 07:52:44.448, 2623 MiB
2026/05/29 07:52:45.451, 2623 MiB
2026/05/29 07:52:46.451, 2623 MiB
2026/05/29 07:52:47.452, 2623 MiB
2026/05/29 07:52:48.452, 2623 MiB
2026/05/29 07:52:49.452, 2623 MiB
2026/05/29 07:52:50.453, 2623 MiB
2026/05/29 07:52:51.453, 2623 MiB
2026/05/29 07:52:52.453, 2623 MiB
2026/05/29 07:52:53.455, 2623 MiB
2026/05/29 07:52:54.455, 6283 MiB
2026/05/29 07:52:55.456, 6283 MiB
2026/05/29 07:52:56.456, 6283 MiB
2026/05/29 07:52:57.456, 6283 MiB
2026/05/29 07:52:58.456, 2623 MiB
2026/05/29 07:52:59.457, 2623 MiB
2026/05/29 07:53:00.457, 2623 MiB
2026/05/29 07:53:01.458, 2623 MiB
2026/05/29 07:53:02.458, 2623 MiB
2026/05/29 07:53:03.458, 2623 MiB
2026/05/29 07:53:04.459, 2623 MiB
2026/05/29 07:53:05.459, 2623 MiB
2026/05/29 07:53:06.459, 2623 MiB
2026/05/29 07:53:07.460, 2623 MiB
2026/05/29 07:53:08.460, 2623 MiB
2026/05/29 07:53:09.461, 2623 MiB
2026/05/29 07:53:10.461, 2623 MiB
2026/05/29 07:53:11.469, 2623 MiB
2026/05/29 07:53:12.470, 2623 MiB
2026/05/29 07:53:13.470, 2623 MiB
2026/05/29 07:53:14.470, 2623 MiB
2026/05/29 07:53:15.471, 2623 MiB
2026/05/29 07:53:16.471, 2623 MiB
2026/05/29 07:53:17.472, 2623 MiB
2026/05/29 07:53:18.472, 2623 MiB
2026/05/29 07:53:19.473, 2623 MiB
2026/05/29 07:53:20.473, 2623 MiB
2026/05/29 07:53:21.474, 2623 MiB
2026/05/29 07:53:22.474, 2623 MiB
2026/05/29 07:53:23.500, 2623 MiB
2026/05/29 07:53:24.502, 2623 MiB
2026/05/29 07:53:25.502, 2623 MiB
2026/05/29 07:53:26.502, 2623 MiB
2026/05/29 07:53:27.502, 2623 MiB
2026/05/29 07:53:28.503, 2623 MiB
2026/05/29 07:53:29.503, 2623 MiB
2026/05/29 07:53:30.504, 2623 MiB
2026/05/29 07:53:31.504, 2623 MiB
2026/05/29 07:53:32.504, 2623 MiB
2026/05/29 07:53:33.505, 2623 MiB
2026/05/29 07:53:34.505, 2623 MiB
2026/05/29 07:53:35.505, 2623 MiB
2026/05/29 07:53:36.505, 2623 MiB
2026/05/29 07:53:37.506, 6283 MiB
2026/05/29 07:53:38.506, 6283 MiB
2026/05/29 07:53:39.506, 6283 MiB
2026/05/29 07:53:40.507, 4983 MiB
2026/05/29 07:53:41.507, 2643 MiB
2026/05/29 07:53:42.508, 2643 MiB
2026/05/29 07:53:43.508, 2643 MiB
2026/05/29 07:53:44.508, 2643 MiB
2026/05/29 07:53:45.509, 2643 MiB
2026/05/29 07:53:46.509, 2643 MiB
2026/05/29 07:53:47.509, 2643 MiB
2026/05/29 07:53:48.509, 2643 MiB
2026/05/29 07:53:49.510, 2640 MiB
2026/05/29 07:53:50.510, 2640 MiB
2026/05/29 07:53:51.510, 2640 MiB
2026/05/29 07:53:52.511, 2640 MiB
2026/05/29 07:53:53.511, 2640 MiB
2026/05/29 07:53:54.512, 2648 MiB
2026/05/29 07:53:55.514, 2648 MiB
2026/05/29 07:53:56.514, 2648 MiB
2026/05/29 07:53:57.515, 2648 MiB
2026/05/29 07:53:58.515, 2648 MiB
2026/05/29 07:53:59.516, 2648 MiB
2026/05/29 07:54:00.516, 2648 MiB
2026/05/29 07:54:01.517, 2648 MiB
2026/05/29 07:54:02.518, 2648 MiB
2026/05/29 07:54:03.519, 2648 MiB
2026/05/29 07:54:04.519, 2648 MiB
2026/05/29 07:54:05.520, 2648 MiB
2026/05/29 07:54:06.520, 2648 MiB
2026/05/29 07:54:07.520, 2648 MiB
2026/05/29 07:54:08.521, 2648 MiB
2026/05/29 07:54:09.522, 2648 MiB
2026/05/29 07:54:10.522, 2648 MiB
2026/05/29 07:54:11.522, 2648 MiB
2026/05/29 07:54:12.523, 2648 MiB
2026/05/29 07:54:13.523, 2648 MiB
2026/05/29 07:54:14.524, 2648 MiB
2026/05/29 07:54:15.524, 2648 MiB
2026/05/29 07:54:16.527, 2648 MiB
2026/05/29 07:54:17.527, 2648 MiB
2026/05/29 07:54:18.537, 2648 MiB
2026/05/29 07:54:19.537, 2848 MiB
2026/05/29 07:54:20.537, 6308 MiB
2026/05/29 07:54:21.538, 6308 MiB
2026/05/29 07:54:22.539, 6308 MiB
2026/05/29 07:54:23.539, 5087 MiB
2026/05/29 07:54:24.540, 2627 MiB
2026/05/29 07:54:25.557, 2623 MiB
2026/05/29 07:54:26.557, 2623 MiB
2026/05/29 07:54:27.557, 2623 MiB
2026/05/29 07:54:28.558, 2623 MiB
2026/05/29 07:54:29.558, 2623 MiB
2026/05/29 07:54:30.558, 2623 MiB
2026/05/29 07:54:31.559, 2623 MiB
2026/05/29 07:54:32.559, 2623 MiB
2026/05/29 07:54:33.559, 2623 MiB
2026/05/29 07:54:34.560, 2623 MiB
2026/05/29 07:54:35.560, 2623 MiB
2026/05/29 07:54:36.560, 2623 MiB
2026/05/29 07:54:37.561, 2623 MiB
2026/05/29 07:54:38.561, 2623 MiB
2026/05/29 07:54:39.561, 2623 MiB
2026/05/29 07:54:40.562, 2623 MiB
2026/05/29 07:54:41.562, 2623 MiB
2026/05/29 07:54:42.562, 2623 MiB
2026/05/29 07:54:43.563, 2623 MiB
2026/05/29 07:54:44.563, 2623 MiB
2026/05/29 07:54:45.564, 2623 MiB
2026/05/29 07:54:46.564, 2623 MiB
2026/05/29 07:54:47.564, 2623 MiB
2026/05/29 07:54:48.565, 2623 MiB
2026/05/29 07:54:49.566, 2623 MiB
2026/05/29 07:54:50.566, 2623 MiB
2026/05/29 07:54:51.567, 2623 MiB
2026/05/29 07:54:52.567, 2623 MiB
2026/05/29 07:54:53.567, 2623 MiB
2026/05/29 07:54:54.568, 2623 MiB
2026/05/29 07:54:55.568, 2623 MiB
2026/05/29 07:54:56.568, 2623 MiB
2026/05/29 07:54:57.569, 2623 MiB
2026/05/29 07:54:58.569, 2623 MiB
2026/05/29 07:54:59.569, 2623 MiB
2026/05/29 07:55:00.574, 2623 MiB
2026/05/29 07:55:01.574, 2623 MiB
2026/05/29 07:55:02.574, 6283 MiB
2026/05/29 07:55:03.575, 6283 MiB
2026/05/29 07:55:04.575, 6283 MiB
2026/05/29 07:55:05.575, 6883 MiB
2026/05/29 07:55:06.576, 2643 MiB
2026/05/29 07:55:07.576, 2643 MiB
2026/05/29 07:55:08.577, 2643 MiB
2026/05/29 07:55:09.577, 2643 MiB
2026/05/29 07:55:10.578, 2643 MiB
2026/05/29 07:55:11.578, 2643 MiB
2026/05/29 07:55:12.578, 2643 MiB
2026/05/29 07:55:13.579, 2643 MiB
2026/05/29 07:55:14.579, 2643 MiB
2026/05/29 07:55:15.579, 2643 MiB
2026/05/29 07:55:16.580, 2643 MiB
2026/05/29 07:55:17.580, 2643 MiB
2026/05/29 07:55:18.592, 2643 MiB
2026/05/29 07:55:19.592, 2643 MiB
2026/05/29 07:55:20.593, 2643 MiB
2026/05/29 07:55:21.593, 2643 MiB
2026/05/29 07:55:22.593, 2643 MiB
2026/05/29 07:55:23.594, 2643 MiB
2026/05/29 07:55:24.595, 2643 MiB
2026/05/29 07:55:25.595, 2643 MiB
2026/05/29 07:55:26.595, 2643 MiB
2026/05/29 07:55:27.595, 2643 MiB
2026/05/29 07:55:28.597, 2643 MiB
2026/05/29 07:55:29.598, 2643 MiB
2026/05/29 07:55:30.598, 2643 MiB
2026/05/29 07:55:31.599, 2643 MiB
2026/05/29 07:55:32.615, 2643 MiB
2026/05/29 07:55:33.616, 2643 MiB
2026/05/29 07:55:34.617, 2643 MiB
2026/05/29 07:55:35.618, 2643 MiB
2026/05/29 07:55:36.618, 2643 MiB
2026/05/29 07:55:37.619, 2643 MiB
2026/05/29 07:55:38.619, 2643 MiB
2026/05/29 07:55:39.619, 2643 MiB
2026/05/29 07:55:40.620, 2643 MiB
2026/05/29 07:55:41.620, 2643 MiB
2026/05/29 07:55:42.620, 2643 MiB
2026/05/29 07:55:43.621, 2643 MiB
2026/05/29 07:55:44.621, 6303 MiB
2026/05/29 07:55:45.621, 2843 MiB
2026/05/29 07:55:46.621, 2623 MiB
2026/05/29 07:55:47.622, 2623 MiB
2026/05/29 07:55:48.622, 2623 MiB
2026/05/29 07:55:49.622, 2623 MiB
2026/05/29 07:55:50.623, 2623 MiB
2026/05/29 07:55:51.623, 2623 MiB
2026/05/29 07:55:52.623, 2623 MiB
2026/05/29 07:55:53.624, 2623 MiB
2026/05/29 07:55:54.624, 2623 MiB
2026/05/29 07:55:55.624, 2623 MiB
2026/05/29 07:55:56.625, 2623 MiB
2026/05/29 07:55:57.625, 2623 MiB
2026/05/29 07:55:58.625, 2623 MiB
2026/05/29 07:55:59.626, 2623 MiB
2026/05/29 07:56:00.627, 2623 MiB
2026/05/29 07:56:01.627, 2623 MiB
2026/05/29 07:56:02.627, 2623 MiB
2026/05/29 07:56:03.628, 2623 MiB
2026/05/29 07:56:04.628, 2623 MiB
2026/05/29 07:56:05.629, 2623 MiB
2026/05/29 07:56:06.630, 2623 MiB
2026/05/29 07:56:07.630, 2623 MiB
2026/05/29 07:56:08.630, 2623 MiB
2026/05/29 07:56:09.631, 2623 MiB
2026/05/29 07:56:10.631, 2623 MiB
2026/05/29 07:56:11.631, 2623 MiB
2026/05/29 07:56:12.632, 2623 MiB
2026/05/29 07:56:13.632, 2623 MiB
2026/05/29 07:56:14.632, 2623 MiB
2026/05/29 07:56:15.633, 2623 MiB
2026/05/29 07:56:16.633, 2623 MiB
2026/05/29 07:56:17.633, 2623 MiB
2026/05/29 07:56:18.633, 2623 MiB
2026/05/29 07:56:19.634, 2623 MiB
2026/05/29 07:56:20.634, 2623 MiB
2026/05/29 07:56:21.634, 2623 MiB
2026/05/29 07:56:22.635, 2623 MiB
2026/05/29 07:56:23.636, 2623 MiB
2026/05/29 07:56:24.636, 2823 MiB
2026/05/29 07:56:25.636, 6283 MiB
2026/05/29 07:56:26.637, 6283 MiB
2026/05/29 07:56:27.638, 6283 MiB
2026/05/29 07:56:28.639, 7963 MiB
2026/05/29 07:56:29.639, 2643 MiB
2026/05/29 07:56:30.639, 2643 MiB
2026/05/29 07:56:31.640, 2643 MiB
2026/05/29 07:56:32.640, 2643 MiB
2026/05/29 07:56:33.640, 2643 MiB
2026/05/29 07:56:34.641, 2643 MiB
2026/05/29 07:56:35.641, 2643 MiB
2026/05/29 07:56:36.641, 2643 MiB
2026/05/29 07:56:37.642, 2643 MiB
2026/05/29 07:56:38.642, 2643 MiB
2026/05/29 07:56:39.642, 2643 MiB
2026/05/29 07:56:40.643, 2643 MiB
2026/05/29 07:56:41.643, 2643 MiB
2026/05/29 07:56:42.643, 2643 MiB
2026/05/29 07:56:43.646, 2643 MiB
2026/05/29 07:56:44.647, 2643 MiB
2026/05/29 07:56:45.648, 2643 MiB
2026/05/29 07:56:46.648, 2643 MiB
2026/05/29 07:56:47.649, 2643 MiB
2026/05/29 07:56:48.649, 2643 MiB
2026/05/29 07:56:49.649, 2643 MiB
2026/05/29 07:56:50.650, 2643 MiB
2026/05/29 07:56:51.650, 2643 MiB
2026/05/29 07:56:52.650, 2643 MiB
2026/05/29 07:56:53.652, 2643 MiB
2026/05/29 07:56:54.652, 2643 MiB
2026/05/29 07:56:55.652, 2643 MiB
2026/05/29 07:56:56.653, 2643 MiB
2026/05/29 07:56:57.653, 2643 MiB
2026/05/29 07:56:58.653, 2643 MiB
2026/05/29 07:56:59.654, 2643 MiB
2026/05/29 07:57:00.654, 2643 MiB
2026/05/29 07:57:01.655, 2643 MiB
2026/05/29 07:57:02.655, 2643 MiB
2026/05/29 07:57:03.656, 2643 MiB
2026/05/29 07:57:04.657, 2643 MiB
2026/05/29 07:57:05.657, 2643 MiB
2026/05/29 07:57:06.658, 2643 MiB
2026/05/29 07:57:07.659, 6303 MiB
2026/05/29 07:57:08.659, 6303 MiB
2026/05/29 07:57:09.659, 6303 MiB
2026/05/29 07:57:10.659, 4403 MiB
2026/05/29 07:57:11.660, 2643 MiB
2026/05/29 07:57:12.660, 2643 MiB
2026/05/29 07:57:13.660, 2643 MiB
2026/05/29 07:57:14.661, 2643 MiB
2026/05/29 07:57:15.661, 2643 MiB
2026/05/29 07:57:16.661, 2643 MiB
2026/05/29 07:57:17.662, 2643 MiB
2026/05/29 07:57:18.662, 2643 MiB
2026/05/29 07:57:19.662, 2643 MiB
2026/05/29 07:57:20.663, 2643 MiB
2026/05/29 07:57:21.663, 2643 MiB
2026/05/29 07:57:22.663, 2643 MiB
2026/05/29 07:57:23.663, 2643 MiB
2026/05/29 07:57:24.664, 2643 MiB
2026/05/29 07:57:25.664, 2643 MiB
2026/05/29 07:57:26.665, 2643 MiB
2026/05/29 07:57:27.672, 2643 MiB
2026/05/29 07:57:28.673, 2643 MiB
2026/05/29 07:57:29.674, 2643 MiB
2026/05/29 07:57:30.674, 2643 MiB
2026/05/29 07:57:31.682, 2643 MiB
2026/05/29 07:57:32.682, 2643 MiB
2026/05/29 07:57:33.683, 2643 MiB
2026/05/29 07:57:34.683, 2643 MiB
2026/05/29 07:57:35.683, 2643 MiB
2026/05/29 07:57:36.684, 2643 MiB
2026/05/29 07:57:37.684, 2643 MiB
2026/05/29 07:57:38.684, 2643 MiB
2026/05/29 07:57:39.685, 2643 MiB
2026/05/29 07:57:40.685, 2643 MiB
2026/05/29 07:57:41.685, 2643 MiB
2026/05/29 07:57:42.686, 2643 MiB
2026/05/29 07:57:43.686, 2643 MiB
2026/05/29 07:57:44.687, 2643 MiB
2026/05/29 07:57:45.687, 2643 MiB
2026/05/29 07:57:46.688, 2643 MiB
2026/05/29 07:57:47.689, 2643 MiB
2026/05/29 07:57:48.690, 2643 MiB
2026/05/29 07:57:49.691, 2643 MiB
2026/05/29 07:57:50.691, 2643 MiB
2026/05/29 07:57:51.692, 2843 MiB
2026/05/29 07:57:52.692, 6043 MiB
2026/05/29 07:57:53.693, 6043 MiB
2026/05/29 07:57:54.693, 6043 MiB
2026/05/29 07:57:55.694, 4943 MiB
2026/05/29 07:57:56.694, 2623 MiB
2026/05/29 07:57:57.695, 2623 MiB
2026/05/29 07:57:58.695, 2623 MiB
2026/05/29 07:57:59.695, 2623 MiB
2026/05/29 07:58:00.696, 2623 MiB
2026/05/29 07:58:01.696, 2623 MiB
2026/05/29 07:58:02.696, 2623 MiB
2026/05/29 07:58:03.697, 2623 MiB
2026/05/29 07:58:04.697, 2623 MiB
2026/05/29 07:58:05.698, 2623 MiB
2026/05/29 07:58:06.698, 2623 MiB
2026/05/29 07:58:07.698, 2623 MiB
2026/05/29 07:58:08.699, 2623 MiB
2026/05/29 07:58:09.699, 2623 MiB
2026/05/29 07:58:10.699, 2623 MiB
2026/05/29 07:58:11.699, 2623 MiB
2026/05/29 07:58:12.701, 2623 MiB
2026/05/29 07:58:13.701, 2623 MiB
2026/05/29 07:58:14.702, 2623 MiB
2026/05/29 07:58:15.702, 2623 MiB
2026/05/29 07:58:16.703, 2623 MiB
2026/05/29 07:58:17.704, 2623 MiB
2026/05/29 07:58:18.706, 2623 MiB
2026/05/29 07:58:19.706, 2623 MiB
2026/05/29 07:58:20.713, 2623 MiB
2026/05/29 07:58:21.714, 2623 MiB
2026/05/29 07:58:22.714, 2623 MiB
2026/05/29 07:58:23.714, 2623 MiB
2026/05/29 07:58:24.715, 2623 MiB
2026/05/29 07:58:25.715, 2623 MiB
2026/05/29 07:58:26.715, 2623 MiB
2026/05/29 07:58:27.716, 2623 MiB
2026/05/29 07:58:28.716, 2623 MiB
2026/05/29 07:58:29.716, 2623 MiB
2026/05/29 07:58:30.717, 2623 MiB
2026/05/29 07:58:31.717, 2623 MiB
2026/05/29 07:58:32.718, 2623 MiB
2026/05/29 07:58:33.718, 2623 MiB
2026/05/29 07:58:34.718, 6283 MiB
2026/05/29 07:58:35.719, 6283 MiB
2026/05/29 07:58:36.719, 6283 MiB
2026/05/29 07:58:37.719, 3163 MiB
2026/05/29 07:58:38.719, 2623 MiB
2026/05/29 07:58:39.720, 2623 MiB
2026/05/29 07:58:40.720, 2623 MiB
2026/05/29 07:58:41.720, 2623 MiB
2026/05/29 07:58:42.721, 2623 MiB
2026/05/29 07:58:43.721, 2623 MiB
2026/05/29 07:58:44.721, 2623 MiB
2026/05/29 07:58:45.722, 2623 MiB
2026/05/29 07:58:46.722, 2623 MiB
2026/05/29 07:58:47.722, 2623 MiB
2026/05/29 07:58:48.723, 2623 MiB
2026/05/29 07:58:49.723, 2623 MiB
2026/05/29 07:58:50.724, 2623 MiB
2026/05/29 07:58:51.725, 2623 MiB
2026/05/29 07:58:52.725, 2623 MiB
2026/05/29 07:58:53.725, 2623 MiB
2026/05/29 07:58:54.726, 2623 MiB
2026/05/29 07:58:55.727, 2623 MiB
2026/05/29 07:58:56.727, 2623 MiB
2026/05/29 07:58:57.728, 2623 MiB
2026/05/29 07:58:58.728, 2623 MiB
2026/05/29 07:58:59.728, 2623 MiB
2026/05/29 07:59:00.728, 2623 MiB
2026/05/29 07:59:01.729, 2623 MiB
2026/05/29 07:59:02.729, 2623 MiB
2026/05/29 07:59:03.730, 2623 MiB
2026/05/29 07:59:04.730, 2623 MiB
2026/05/29 07:59:05.730, 2623 MiB
2026/05/29 07:59:06.731, 2623 MiB
2026/05/29 07:59:07.779, 2623 MiB
2026/05/29 07:59:08.779, 2623 MiB
2026/05/29 07:59:09.779, 2623 MiB
2026/05/29 07:59:10.781, 2623 MiB
2026/05/29 07:59:11.781, 2623 MiB
2026/05/29 07:59:12.781, 2623 MiB
2026/05/29 07:59:13.783, 2623 MiB
2026/05/29 07:59:14.783, 2623 MiB
2026/05/29 07:59:15.783, 2623 MiB
2026/05/29 07:59:16.784, 2623 MiB
2026/05/29 07:59:17.784, 6283 MiB
2026/05/29 07:59:18.784, 6283 MiB
2026/05/29 07:59:19.785, 6283 MiB
2026/05/29 07:59:20.785, 8223 MiB
2026/05/29 07:59:21.785, 2643 MiB
2026/05/29 07:59:22.785, 2643 MiB
2026/05/29 07:59:23.786, 2643 MiB
2026/05/29 07:59:24.786, 2643 MiB
2026/05/29 07:59:25.786, 2643 MiB
2026/05/29 07:59:26.787, 2643 MiB
2026/05/29 07:59:27.787, 2643 MiB
2026/05/29 07:59:28.787, 2643 MiB
2026/05/29 07:59:29.788, 2643 MiB
2026/05/29 07:59:30.788, 2643 MiB
2026/05/29 07:59:31.789, 2643 MiB
2026/05/29 07:59:32.789, 2643 MiB
2026/05/29 07:59:33.789, 2643 MiB
2026/05/29 07:59:34.790, 2643 MiB
2026/05/29 07:59:35.792, 2643 MiB
2026/05/29 07:59:36.792, 2643 MiB
2026/05/29 07:59:37.838, 2643 MiB
2026/05/29 07:59:38.838, 2643 MiB
2026/05/29 07:59:39.842, 2643 MiB
2026/05/29 07:59:40.843, 2643 MiB
2026/05/29 07:59:41.889, 2643 MiB
2026/05/29 07:59:42.889, 2643 MiB
2026/05/29 07:59:43.889, 2643 MiB
2026/05/29 07:59:44.890, 2643 MiB
2026/05/29 07:59:45.890, 2643 MiB
2026/05/29 07:59:46.890, 2643 MiB
2026/05/29 07:59:47.890, 2643 MiB
2026/05/29 07:59:48.891, 2643 MiB
2026/05/29 07:59:49.891, 2643 MiB
2026/05/29 07:59:50.891, 2643 MiB
2026/05/29 07:59:51.892, 2643 MiB
2026/05/29 07:59:52.892, 2643 MiB
2026/05/29 07:59:53.892, 2643 MiB
2026/05/29 07:59:54.894, 2643 MiB
2026/05/29 07:59:55.894, 2643 MiB
2026/05/29 07:59:56.896, 2643 MiB
2026/05/29 07:59:57.897, 2643 MiB
2026/05/29 07:59:58.900, 2643 MiB
2026/05/29 07:59:59.900, 2823 MiB
2026/05/29 08:00:00.900, 6043 MiB
2026/05/29 08:00:01.901, 6043 MiB
2026/05/29 08:00:02.901, 6043 MiB
2026/05/29 08:00:03.901, 2623 MiB
2026/05/29 08:00:04.902, 2623 MiB
2026/05/29 08:00:05.902, 2623 MiB
2026/05/29 08:00:06.902, 2623 MiB
2026/05/29 08:00:07.902, 2623 MiB
2026/05/29 08:00:08.903, 2623 MiB
2026/05/29 08:00:09.903, 2623 MiB
2026/05/29 08:00:10.903, 2623 MiB
2026/05/29 08:00:11.903, 2623 MiB
2026/05/29 08:00:12.904, 2623 MiB
2026/05/29 08:00:13.904, 2623 MiB
2026/05/29 08:00:14.904, 2623 MiB
2026/05/29 08:00:15.904, 2623 MiB
2026/05/29 08:00:16.905, 2623 MiB
2026/05/29 08:00:17.905, 2623 MiB
2026/05/29 08:00:18.906, 2623 MiB
2026/05/29 08:00:19.908, 2623 MiB
2026/05/29 08:00:20.908, 2623 MiB
2026/05/29 08:00:21.908, 2623 MiB
2026/05/29 08:00:22.908, 2623 MiB
2026/05/29 08:00:23.909, 2623 MiB
2026/05/29 08:00:24.910, 2623 MiB
2026/05/29 08:00:25.910, 2623 MiB
2026/05/29 08:00:26.911, 2623 MiB
2026/05/29 08:00:27.911, 2623 MiB
2026/05/29 08:00:28.930, 2623 MiB
2026/05/29 08:00:29.930, 2623 MiB
2026/05/29 08:00:30.932, 2623 MiB
2026/05/29 08:00:31.932, 2623 MiB
2026/05/29 08:00:32.933, 2623 MiB
2026/05/29 08:00:33.933, 2623 MiB
2026/05/29 08:00:34.933, 2623 MiB
2026/05/29 08:00:35.934, 2623 MiB
2026/05/29 08:00:36.934, 2623 MiB
2026/05/29 08:00:37.934, 2623 MiB
2026/05/29 08:00:38.935, 2623 MiB
2026/05/29 08:00:39.936, 2623 MiB
2026/05/29 08:00:40.937, 2623 MiB
2026/05/29 08:00:41.937, 2623 MiB
2026/05/29 08:00:42.937, 6283 MiB
2026/05/29 08:00:43.938, 6283 MiB
2026/05/29 08:00:44.938, 6283 MiB
2026/05/29 08:00:45.939, 6283 MiB
2026/05/29 08:00:46.939, 2623 MiB
2026/05/29 08:00:47.939, 2623 MiB
2026/05/29 08:00:48.940, 2623 MiB
2026/05/29 08:00:49.940, 2623 MiB
2026/05/29 08:00:50.940, 2623 MiB
2026/05/29 08:00:51.941, 2623 MiB
2026/05/29 08:00:52.941, 2623 MiB
2026/05/29 08:00:53.941, 2623 MiB
2026/05/29 08:00:54.941, 2623 MiB
2026/05/29 08:00:55.942, 2623 MiB
2026/05/29 08:00:56.942, 2623 MiB
2026/05/29 08:00:57.942, 2623 MiB
2026/05/29 08:00:58.943, 2623 MiB
2026/05/29 08:00:59.943, 2623 MiB
2026/05/29 08:01:00.943, 2623 MiB
2026/05/29 08:01:01.944, 2623 MiB
2026/05/29 08:01:02.944, 2623 MiB
2026/05/29 08:01:03.947, 2623 MiB
2026/05/29 08:01:04.947, 2623 MiB
2026/05/29 08:01:05.948, 2623 MiB
2026/05/29 08:01:06.948, 2623 MiB
2026/05/29 08:01:07.949, 2623 MiB
2026/05/29 08:01:08.949, 2623 MiB
2026/05/29 08:01:09.955, 2623 MiB
2026/05/29 08:01:10.956, 2623 MiB
2026/05/29 08:01:11.957, 2623 MiB
2026/05/29 08:01:12.957, 2623 MiB
2026/05/29 08:01:13.957, 2623 MiB
2026/05/29 08:01:14.959, 2623 MiB
2026/05/29 08:01:15.959, 2623 MiB
2026/05/29 08:01:16.960, 2623 MiB
2026/05/29 08:01:17.960, 2623 MiB
2026/05/29 08:01:18.960, 2623 MiB
2026/05/29 08:01:19.960, 2623 MiB
2026/05/29 08:01:20.962, 2623 MiB
2026/05/29 08:01:21.962, 2623 MiB
2026/05/29 08:01:22.962, 2623 MiB
2026/05/29 08:01:23.965, 2623 MiB
2026/05/29 08:01:24.980, 2623 MiB
2026/05/29 08:01:25.980, 4223 MiB
2026/05/29 08:01:26.980, 6283 MiB
2026/05/29 08:01:27.980, 6283 MiB
2026/05/29 08:01:28.981, 6283 MiB
2026/05/29 08:01:29.981, 2643 MiB
2026/05/29 08:01:30.981, 2643 MiB
2026/05/29 08:01:31.982, 2643 MiB
2026/05/29 08:01:32.982, 2643 MiB
2026/05/29 08:01:33.982, 2643 MiB
2026/05/29 08:01:34.982, 2643 MiB
2026/05/29 08:01:35.983, 2643 MiB
2026/05/29 08:01:36.983, 2643 MiB
2026/05/29 08:01:37.983, 2643 MiB
2026/05/29 08:01:38.984, 2643 MiB
2026/05/29 08:01:39.984, 2643 MiB
2026/05/29 08:01:40.985, 2643 MiB
2026/05/29 08:01:41.985, 2643 MiB
2026/05/29 08:01:42.988, 2643 MiB
2026/05/29 08:01:43.988, 2643 MiB
2026/05/29 08:01:44.994, 2643 MiB
2026/05/29 08:01:45.994, 2643 MiB
2026/05/29 08:01:46.995, 2643 MiB
2026/05/29 08:01:47.995, 2643 MiB
2026/05/29 08:01:48.997, 2643 MiB
2026/05/29 08:01:49.997, 2643 MiB
2026/05/29 08:01:50.997, 2643 MiB
2026/05/29 08:01:51.998, 2643 MiB
2026/05/29 08:01:52.998, 2643 MiB
2026/05/29 08:01:53.998, 2643 MiB
2026/05/29 08:01:54.998, 2643 MiB
2026/05/29 08:01:55.999, 2643 MiB
2026/05/29 08:01:57.000, 2643 MiB
2026/05/29 08:01:58.000, 2643 MiB
2026/05/29 08:01:59.000, 2643 MiB
2026/05/29 08:02:00.057, 2643 MiB
2026/05/29 08:02:01.058, 2643 MiB
2026/05/29 08:02:02.060, 2643 MiB
2026/05/29 08:02:03.060, 2643 MiB
2026/05/29 08:02:04.060, 2643 MiB
2026/05/29 08:02:05.060, 2643 MiB
2026/05/29 08:02:06.060, 2643 MiB
2026/05/29 08:02:07.061, 2643 MiB
2026/05/29 08:02:08.061, 2643 MiB
2026/05/29 08:02:09.061, 2643 MiB
2026/05/29 08:02:10.061, 6303 MiB
2026/05/29 08:02:11.062, 6303 MiB
2026/05/29 08:02:12.062, 6307 MiB
2026/05/29 08:02:13.062, 6087 MiB
2026/05/29 08:02:14.063, 2623 MiB
2026/05/29 08:02:15.063, 2623 MiB
2026/05/29 08:02:16.063, 2623 MiB
2026/05/29 08:02:17.063, 2623 MiB
2026/05/29 08:02:18.064, 2623 MiB
2026/05/29 08:02:19.064, 2623 MiB
2026/05/29 08:02:20.064, 2623 MiB
2026/05/29 08:02:21.064, 2623 MiB
2026/05/29 08:02:22.065, 2623 MiB
2026/05/29 08:02:23.065, 2623 MiB
2026/05/29 08:02:24.065, 2623 MiB
2026/05/29 08:02:25.066, 2623 MiB
2026/05/29 08:02:26.066, 2623 MiB
2026/05/29 08:02:27.066, 2623 MiB
2026/05/29 08:02:28.067, 2623 MiB
2026/05/29 08:02:29.068, 2623 MiB
2026/05/29 08:02:30.068, 2623 MiB
2026/05/29 08:02:31.068, 2623 MiB
2026/05/29 08:02:32.069, 2623 MiB
2026/05/29 08:02:33.069, 2623 MiB
2026/05/29 08:02:34.069, 2623 MiB
2026/05/29 08:02:35.069, 2623 MiB
2026/05/29 08:02:36.070, 2623 MiB
2026/05/29 08:02:37.071, 2623 MiB
2026/05/29 08:02:38.071, 2623 MiB
2026/05/29 08:02:39.071, 2623 MiB
2026/05/29 08:02:40.073, 2623 MiB
2026/05/29 08:02:41.073, 2623 MiB
2026/05/29 08:02:42.073, 2623 MiB
2026/05/29 08:02:43.074, 2623 MiB
2026/05/29 08:02:44.078, 2623 MiB
2026/05/29 08:02:45.078, 2623 MiB
2026/05/29 08:02:46.080, 2623 MiB
2026/05/29 08:02:47.080, 2623 MiB
2026/05/29 08:02:48.080, 2623 MiB
2026/05/29 08:02:49.080, 2623 MiB
2026/05/29 08:02:50.081, 2623 MiB
2026/05/29 08:02:51.081, 2623 MiB
2026/05/29 08:02:52.081, 2623 MiB
2026/05/29 08:02:53.082, 6284 MiB
2026/05/29 08:02:54.082, 6284 MiB
2026/05/29 08:02:55.082, 6284 MiB
2026/05/29 08:02:56.091, 8804 MiB
2026/05/29 08:02:57.092, 2624 MiB
2026/05/29 08:02:58.092, 2624 MiB
2026/05/29 08:02:59.093, 2624 MiB
2026/05/29 08:03:00.093, 2624 MiB
2026/05/29 08:03:01.093, 2624 MiB
2026/05/29 08:03:02.094, 2624 MiB
2026/05/29 08:03:03.094, 2624 MiB
2026/05/29 08:03:04.094, 2624 MiB
2026/05/29 08:03:05.094, 2624 MiB
2026/05/29 08:03:06.095, 2624 MiB
2026/05/29 08:03:07.095, 2624 MiB
2026/05/29 08:03:08.095, 2624 MiB
2026/05/29 08:03:09.095, 2624 MiB
2026/05/29 08:03:10.108, 2624 MiB
2026/05/29 08:03:11.109, 2624 MiB
2026/05/29 08:03:12.116, 2624 MiB
2026/05/29 08:03:13.116, 2624 MiB
2026/05/29 08:03:14.116, 2624 MiB
2026/05/29 08:03:15.116, 2624 MiB
2026/05/29 08:03:16.118, 2624 MiB
2026/05/29 08:03:17.118, 2624 MiB
2026/05/29 08:03:18.118, 2624 MiB
2026/05/29 08:03:19.118, 2624 MiB
2026/05/29 08:03:20.120, 2624 MiB
2026/05/29 08:03:21.120, 2624 MiB
2026/05/29 08:03:22.120, 2624 MiB
2026/05/29 08:03:23.120, 2624 MiB
2026/05/29 08:03:24.121, 2624 MiB
2026/05/29 08:03:25.122, 2624 MiB
2026/05/29 08:03:26.122, 2624 MiB
2026/05/29 08:03:27.123, 2624 MiB
2026/05/29 08:03:28.124, 2624 MiB
2026/05/29 08:03:29.124, 2624 MiB
2026/05/29 08:03:30.124, 2624 MiB
2026/05/29 08:03:31.124, 2624 MiB
2026/05/29 08:03:32.125, 2624 MiB
2026/05/29 08:03:33.125, 2624 MiB
2026/05/29 08:03:34.125, 2624 MiB
2026/05/29 08:03:35.125, 2624 MiB
2026/05/29 08:03:36.126, 6284 MiB
2026/05/29 08:03:37.126, 2984 MiB
2026/05/29 08:03:38.126, 2624 MiB
2026/05/29 08:03:39.126, 2623 MiB
2026/05/29 08:03:40.127, 2620 MiB
2026/05/29 08:03:41.127, 2628 MiB
2026/05/29 08:03:42.127, 2628 MiB
2026/05/29 08:03:43.127, 2628 MiB
2026/05/29 08:03:44.128, 2628 MiB
2026/05/29 08:03:45.128, 2628 MiB
2026/05/29 08:03:46.128, 2628 MiB
2026/05/29 08:03:47.129, 2628 MiB
2026/05/29 08:03:48.129, 2628 MiB
2026/05/29 08:03:49.129, 2628 MiB
2026/05/29 08:03:50.130, 2628 MiB
2026/05/29 08:03:51.132, 2628 MiB
2026/05/29 08:03:52.138, 2628 MiB
2026/05/29 08:03:53.138, 2628 MiB
2026/05/29 08:03:54.139, 2628 MiB
2026/05/29 08:03:55.140, 2628 MiB
2026/05/29 08:03:56.140, 2628 MiB
2026/05/29 08:03:57.141, 2628 MiB
2026/05/29 08:03:58.141, 2628 MiB
2026/05/29 08:03:59.141, 2628 MiB
2026/05/29 08:04:00.142, 2628 MiB
2026/05/29 08:04:01.142, 2628 MiB
2026/05/29 08:04:02.142, 2628 MiB
2026/05/29 08:04:03.143, 2628 MiB
2026/05/29 08:04:04.143, 2628 MiB
2026/05/29 08:04:05.143, 2628 MiB
2026/05/29 08:04:06.144, 2628 MiB
2026/05/29 08:04:07.144, 2627 MiB
2026/05/29 08:04:08.144, 2623 MiB
2026/05/29 08:04:09.145, 2623 MiB
2026/05/29 08:04:10.145, 2623 MiB
2026/05/29 08:04:11.145, 2623 MiB
2026/05/29 08:04:12.146, 2625 MiB
2026/05/29 08:04:13.146, 2625 MiB
2026/05/29 08:04:14.146, 2625 MiB
2026/05/29 08:04:15.147, 2625 MiB
2026/05/29 08:04:16.147, 6285 MiB
2026/05/29 08:04:17.147, 7145 MiB
2026/05/29 08:04:18.148, 2625 MiB
2026/05/29 08:04:19.148, 2625 MiB
2026/05/29 08:04:20.148, 2625 MiB
2026/05/29 08:04:21.148, 2625 MiB
2026/05/29 08:04:22.149, 2625 MiB
2026/05/29 08:04:23.149, 2625 MiB
2026/05/29 08:04:24.149, 2625 MiB
2026/05/29 08:04:25.149, 2625 MiB
2026/05/29 08:04:26.150, 2625 MiB
2026/05/29 08:04:27.150, 2628 MiB
2026/05/29 08:04:28.150, 2628 MiB
2026/05/29 08:04:29.151, 2628 MiB
2026/05/29 08:04:30.151, 2628 MiB
2026/05/29 08:04:31.151, 2628 MiB
2026/05/29 08:04:32.152, 2628 MiB
2026/05/29 08:04:33.153, 2628 MiB
2026/05/29 08:04:34.153, 2628 MiB
2026/05/29 08:04:35.153, 2628 MiB
2026/05/29 08:04:36.154, 2628 MiB
2026/05/29 08:04:37.155, 2628 MiB
2026/05/29 08:04:38.155, 2628 MiB
2026/05/29 08:04:39.156, 2628 MiB
2026/05/29 08:04:40.156, 2628 MiB
2026/05/29 08:04:41.158, 2628 MiB
2026/05/29 08:04:42.159, 2628 MiB
2026/05/29 08:04:43.159, 2628 MiB
2026/05/29 08:04:44.159, 2628 MiB
2026/05/29 08:04:45.160, 2628 MiB
2026/05/29 08:04:46.160, 2628 MiB
2026/05/29 08:04:47.160, 2628 MiB
2026/05/29 08:04:48.161, 2628 MiB
2026/05/29 08:04:49.161, 2628 MiB
2026/05/29 08:04:50.161, 2628 MiB
2026/05/29 08:04:51.162, 2628 MiB
2026/05/29 08:04:52.162, 2628 MiB
2026/05/29 08:04:53.162, 2628 MiB
2026/05/29 08:04:54.163, 2627 MiB
2026/05/29 08:04:55.163, 2627 MiB
2026/05/29 08:04:56.163, 2623 MiB
2026/05/29 08:04:57.163, 2623 MiB
2026/05/29 08:04:58.164, 6284 MiB
2026/05/29 08:04:59.164, 6284 MiB
2026/05/29 08:05:00.164, 6284 MiB
2026/05/29 08:05:01.164, 6224 MiB
2026/05/29 08:05:02.165, 2644 MiB
2026/05/29 08:05:03.165, 2644 MiB
2026/05/29 08:05:04.165, 2644 MiB
2026/05/29 08:05:05.165, 2644 MiB
2026/05/29 08:05:06.166, 2644 MiB
2026/05/29 08:05:07.166, 2644 MiB
2026/05/29 08:05:08.166, 2644 MiB
2026/05/29 08:05:09.167, 2644 MiB
2026/05/29 08:05:10.167, 2644 MiB
2026/05/29 08:05:11.167, 2644 MiB
2026/05/29 08:05:12.167, 2644 MiB
2026/05/29 08:05:13.167, 2644 MiB
2026/05/29 08:05:14.168, 2644 MiB
2026/05/29 08:05:15.168, 2644 MiB
2026/05/29 08:05:16.168, 2644 MiB
2026/05/29 08:05:17.169, 2644 MiB
2026/05/29 08:05:18.170, 2644 MiB
2026/05/29 08:05:19.170, 2644 MiB
2026/05/29 08:05:20.170, 2644 MiB
2026/05/29 08:05:21.171, 2644 MiB
2026/05/29 08:05:22.171, 2644 MiB
2026/05/29 08:05:23.171, 2644 MiB
2026/05/29 08:05:24.172, 2644 MiB
2026/05/29 08:05:25.172, 2644 MiB
2026/05/29 08:05:26.173, 2644 MiB
2026/05/29 08:05:27.173, 2644 MiB
2026/05/29 08:05:28.173, 2644 MiB
2026/05/29 08:05:29.174, 2644 MiB
2026/05/29 08:05:30.174, 2644 MiB
2026/05/29 08:05:31.174, 2644 MiB
2026/05/29 08:05:32.174, 2644 MiB
2026/05/29 08:05:33.174, 2644 MiB
2026/05/29 08:05:34.175, 2645 MiB
2026/05/29 08:05:35.175, 2645 MiB
2026/05/29 08:05:36.175, 2645 MiB
2026/05/29 08:05:37.175, 2645 MiB
2026/05/29 08:05:38.176, 2645 MiB
2026/05/29 08:05:39.176, 2645 MiB
2026/05/29 08:05:40.176, 2845 MiB
2026/05/29 08:05:41.176, 6305 MiB
2026/05/29 08:05:42.177, 6305 MiB
2026/05/29 08:05:43.177, 6305 MiB
2026/05/29 08:05:44.177, 2625 MiB
2026/05/29 08:05:45.177, 2624 MiB
2026/05/29 08:05:46.178, 2616 MiB
2026/05/29 08:05:47.178, 2616 MiB
2026/05/29 08:05:48.178, 2625 MiB
2026/05/29 08:05:49.179, 2625 MiB
2026/05/29 08:05:50.179, 2625 MiB
2026/05/29 08:05:51.179, 2625 MiB
2026/05/29 08:05:52.179, 2625 MiB
2026/05/29 08:05:53.179, 2625 MiB
2026/05/29 08:05:54.180, 2625 MiB
2026/05/29 08:05:55.180, 2625 MiB
2026/05/29 08:05:56.180, 2625 MiB
2026/05/29 08:05:57.180, 2625 MiB
2026/05/29 08:05:58.181, 2625 MiB
2026/05/29 08:05:59.181, 2625 MiB
2026/05/29 08:06:00.181, 2625 MiB
2026/05/29 08:06:01.183, 2625 MiB
2026/05/29 08:06:02.183, 2625 MiB
2026/05/29 08:06:03.184, 2625 MiB
2026/05/29 08:06:04.184, 2625 MiB
2026/05/29 08:06:05.185, 2625 MiB
2026/05/29 08:06:06.185, 2625 MiB
2026/05/29 08:06:07.186, 2625 MiB
2026/05/29 08:06:08.186, 2625 MiB
2026/05/29 08:06:09.194, 2625 MiB
2026/05/29 08:06:10.194, 2628 MiB
2026/05/29 08:06:11.195, 2628 MiB
2026/05/29 08:06:12.196, 2628 MiB
2026/05/29 08:06:13.199, 2628 MiB
2026/05/29 08:06:14.199, 2628 MiB
2026/05/29 08:06:15.199, 2628 MiB
2026/05/29 08:06:16.200, 2628 MiB
2026/05/29 08:06:17.200, 2628 MiB
2026/05/29 08:06:18.200, 2628 MiB
2026/05/29 08:06:19.200, 2628 MiB
2026/05/29 08:06:20.201, 2628 MiB
2026/05/29 08:06:21.201, 2628 MiB
2026/05/29 08:06:22.201, 2628 MiB
2026/05/29 08:06:23.202, 6288 MiB
2026/05/29 08:06:24.202, 6288 MiB
2026/05/29 08:06:25.202, 6288 MiB
2026/05/29 08:06:26.203, 6288 MiB
2026/05/29 08:06:27.203, 2623 MiB
2026/05/29 08:06:28.203, 2623 MiB
2026/05/29 08:06:29.203, 2623 MiB
2026/05/29 08:06:30.204, 2624 MiB
2026/05/29 08:06:31.204, 2624 MiB
2026/05/29 08:06:32.204, 2624 MiB
2026/05/29 08:06:33.205, 2624 MiB
2026/05/29 08:06:34.205, 2624 MiB
2026/05/29 08:06:35.205, 2624 MiB
2026/05/29 08:06:36.206, 2624 MiB
2026/05/29 08:06:37.206, 2624 MiB
2026/05/29 08:06:38.206, 2624 MiB
2026/05/29 08:06:39.207, 2624 MiB
2026/05/29 08:06:40.207, 2624 MiB
2026/05/29 08:06:41.207, 2624 MiB
2026/05/29 08:06:42.208, 2624 MiB
2026/05/29 08:06:43.209, 2624 MiB
2026/05/29 08:06:44.209, 2624 MiB
2026/05/29 08:06:45.209, 2624 MiB
2026/05/29 08:06:46.210, 2624 MiB
2026/05/29 08:06:47.210, 2624 MiB
2026/05/29 08:06:48.210, 2624 MiB
2026/05/29 08:06:49.210, 2624 MiB
2026/05/29 08:06:50.211, 2624 MiB
2026/05/29 08:06:51.211, 2624 MiB
2026/05/29 08:06:52.211, 2624 MiB
2026/05/29 08:06:53.212, 2624 MiB
2026/05/29 08:06:54.212, 2624 MiB
2026/05/29 08:06:55.212, 2624 MiB
2026/05/29 08:06:56.213, 2624 MiB
2026/05/29 08:06:57.213, 2624 MiB
2026/05/29 08:06:58.213, 2624 MiB
2026/05/29 08:06:59.214, 2624 MiB
2026/05/29 08:07:00.215, 2624 MiB
2026/05/29 08:07:01.215, 2624 MiB
2026/05/29 08:07:02.215, 2624 MiB
2026/05/29 08:07:03.216, 2624 MiB
2026/05/29 08:07:04.216, 2624 MiB
2026/05/29 08:07:05.216, 2624 MiB
2026/05/29 08:07:06.217, 6284 MiB
2026/05/29 08:07:07.217, 6284 MiB
2026/05/29 08:07:08.218, 6284 MiB
2026/05/29 08:07:09.218, 3604 MiB
2026/05/29 08:07:10.218, 2624 MiB
2026/05/29 08:07:11.219, 2624 MiB
2026/05/29 08:07:12.219, 2624 MiB
2026/05/29 08:07:13.219, 2624 MiB
2026/05/29 08:07:14.220, 2624 MiB
2026/05/29 08:07:15.220, 2624 MiB
2026/05/29 08:07:16.220, 2624 MiB
2026/05/29 08:07:17.221, 2624 MiB
2026/05/29 08:07:18.221, 2624 MiB
2026/05/29 08:07:19.221, 2624 MiB
2026/05/29 08:07:20.222, 2624 MiB
2026/05/29 08:07:21.222, 2624 MiB
2026/05/29 08:07:22.222, 2624 MiB
2026/05/29 08:07:23.223, 2624 MiB
2026/05/29 08:07:24.223, 2624 MiB
2026/05/29 08:07:25.223, 2624 MiB
2026/05/29 08:07:26.224, 2624 MiB
2026/05/29 08:07:27.225, 2624 MiB
2026/05/29 08:07:28.226, 2624 MiB
2026/05/29 08:07:29.228, 2624 MiB
2026/05/29 08:07:30.228, 2624 MiB
2026/05/29 08:07:31.228, 2624 MiB
2026/05/29 08:07:32.229, 2624 MiB
2026/05/29 08:07:33.229, 2624 MiB
2026/05/29 08:07:34.229, 2624 MiB
2026/05/29 08:07:35.229, 2624 MiB
2026/05/29 08:07:36.230, 2624 MiB
2026/05/29 08:07:37.230, 2624 MiB
2026/05/29 08:07:38.231, 2624 MiB
2026/05/29 08:07:39.231, 2624 MiB
2026/05/29 08:07:40.231, 2624 MiB
2026/05/29 08:07:41.232, 2624 MiB
2026/05/29 08:07:42.232, 2624 MiB
2026/05/29 08:07:43.232, 2624 MiB
2026/05/29 08:07:44.233, 2624 MiB
2026/05/29 08:07:45.233, 2624 MiB
2026/05/29 08:07:46.234, 2624 MiB
2026/05/29 08:07:47.234, 2624 MiB
2026/05/29 08:07:48.234, 2624 MiB
2026/05/29 08:07:49.235, 6284 MiB
2026/05/29 08:07:50.235, 6284 MiB
2026/05/29 08:07:51.235, 6284 MiB
2026/05/29 08:07:52.236, 8204 MiB
2026/05/29 08:07:53.236, 2624 MiB
2026/05/29 08:07:54.236, 2624 MiB
2026/05/29 08:07:55.236, 2624 MiB
2026/05/29 08:07:56.237, 2624 MiB
2026/05/29 08:07:57.237, 2624 MiB
2026/05/29 08:07:58.237, 2624 MiB
2026/05/29 08:07:59.238, 2624 MiB
2026/05/29 08:08:00.238, 2624 MiB
2026/05/29 08:08:01.238, 2624 MiB
2026/05/29 08:08:02.239, 2624 MiB
2026/05/29 08:08:03.239, 2624 MiB
2026/05/29 08:08:04.239, 2624 MiB
2026/05/29 08:08:05.240, 2624 MiB
2026/05/29 08:08:06.240, 2624 MiB
2026/05/29 08:08:07.240, 2624 MiB
2026/05/29 08:08:08.240, 2624 MiB
2026/05/29 08:08:09.241, 2624 MiB
2026/05/29 08:08:10.241, 2624 MiB
2026/05/29 08:08:11.241, 2624 MiB
2026/05/29 08:08:12.242, 2624 MiB
2026/05/29 08:08:13.242, 2624 MiB
2026/05/29 08:08:14.242, 2624 MiB
2026/05/29 08:08:15.243, 2624 MiB
2026/05/29 08:08:16.243, 2624 MiB
2026/05/29 08:08:17.243, 2624 MiB
2026/05/29 08:08:18.245, 2624 MiB
2026/05/29 08:08:19.245, 2624 MiB
2026/05/29 08:08:20.245, 2624 MiB
2026/05/29 08:08:21.246, 2624 MiB
2026/05/29 08:08:22.246, 2624 MiB
2026/05/29 08:08:23.247, 2624 MiB
2026/05/29 08:08:24.247, 2624 MiB
2026/05/29 08:08:25.248, 2624 MiB
2026/05/29 08:08:26.249, 2624 MiB
2026/05/29 08:08:27.249, 2624 MiB
2026/05/29 08:08:28.249, 2624 MiB
2026/05/29 08:08:29.250, 2624 MiB
2026/05/29 08:08:30.250, 2624 MiB
2026/05/29 08:08:31.252, 2804 MiB
2026/05/29 08:08:32.252, 6284 MiB
2026/05/29 08:08:33.252, 6284 MiB
2026/05/29 08:08:34.252, 6284 MiB
2026/05/29 08:08:35.253, 6664 MiB
2026/05/29 08:08:36.253, 2624 MiB
2026/05/29 08:08:37.253, 2624 MiB
2026/05/29 08:08:38.253, 2624 MiB
2026/05/29 08:08:39.254, 2624 MiB
2026/05/29 08:08:40.254, 2624 MiB
2026/05/29 08:08:41.254, 2624 MiB
2026/05/29 08:08:42.254, 2624 MiB
2026/05/29 08:08:43.255, 2624 MiB
2026/05/29 08:08:44.255, 2624 MiB
2026/05/29 08:08:45.255, 2624 MiB
2026/05/29 08:08:46.255, 2624 MiB
2026/05/29 08:08:47.256, 2624 MiB
2026/05/29 08:08:48.256, 2624 MiB
2026/05/29 08:08:49.257, 2624 MiB
2026/05/29 08:08:50.258, 2624 MiB
2026/05/29 08:08:51.258, 2624 MiB
2026/05/29 08:08:52.261, 2624 MiB
2026/05/29 08:08:53.262, 2624 MiB
2026/05/29 08:08:54.262, 2624 MiB
2026/05/29 08:08:55.264, 2624 MiB
2026/05/29 08:08:56.264, 2624 MiB
2026/05/29 08:08:57.265, 2624 MiB
2026/05/29 08:08:58.265, 2624 MiB
2026/05/29 08:08:59.267, 2624 MiB
2026/05/29 08:09:00.267, 2624 MiB
2026/05/29 08:09:01.267, 2624 MiB
2026/05/29 08:09:02.269, 2624 MiB
2026/05/29 08:09:03.269, 2624 MiB
2026/05/29 08:09:04.270, 2624 MiB
2026/05/29 08:09:05.270, 2624 MiB
2026/05/29 08:09:06.270, 2624 MiB
2026/05/29 08:09:07.271, 2624 MiB
2026/05/29 08:09:08.271, 2624 MiB
2026/05/29 08:09:09.271, 2620 MiB
2026/05/29 08:09:10.271, 2625 MiB
2026/05/29 08:09:11.272, 2625 MiB
2026/05/29 08:09:12.274, 2625 MiB
2026/05/29 08:09:13.278, 2625 MiB
2026/05/29 08:09:14.278, 6145 MiB
2026/05/29 08:09:15.278, 6288 MiB
2026/05/29 08:09:16.278, 6288 MiB
2026/05/29 08:09:17.279, 6288 MiB
2026/05/29 08:09:18.279, 2628 MiB
2026/05/29 08:09:19.279, 2628 MiB
2026/05/29 08:09:20.280, 2628 MiB
2026/05/29 08:09:21.280, 2628 MiB
2026/05/29 08:09:22.280, 2628 MiB
2026/05/29 08:09:23.280, 2628 MiB
2026/05/29 08:09:24.281, 2628 MiB
2026/05/29 08:09:25.281, 2628 MiB
2026/05/29 08:09:26.281, 2628 MiB
2026/05/29 08:09:27.281, 2628 MiB
2026/05/29 08:09:28.282, 2628 MiB
2026/05/29 08:09:29.282, 2628 MiB
2026/05/29 08:09:30.282, 2628 MiB
2026/05/29 08:09:31.283, 2628 MiB
2026/05/29 08:09:32.283, 2628 MiB
2026/05/29 08:09:33.283, 2628 MiB
2026/05/29 08:09:34.283, 2628 MiB
2026/05/29 08:09:35.284, 2628 MiB
2026/05/29 08:09:36.284, 2628 MiB
2026/05/29 08:09:37.284, 2628 MiB
2026/05/29 08:09:38.284, 2628 MiB
2026/05/29 08:09:39.285, 2628 MiB
2026/05/29 08:09:40.285, 2628 MiB
2026/05/29 08:09:41.286, 2625 MiB
2026/05/29 08:09:42.286, 2625 MiB
2026/05/29 08:09:43.287, 2625 MiB
2026/05/29 08:09:44.287, 2625 MiB
2026/05/29 08:09:45.288, 2625 MiB
2026/05/29 08:09:46.288, 2628 MiB
2026/05/29 08:09:47.289, 2628 MiB
2026/05/29 08:09:48.290, 2628 MiB
2026/05/29 08:09:49.290, 2628 MiB
2026/05/29 08:09:50.290, 2628 MiB
2026/05/29 08:09:51.290, 2628 MiB
2026/05/29 08:09:52.291, 2628 MiB
2026/05/29 08:09:53.292, 2628 MiB
2026/05/29 08:09:54.292, 2628 MiB
2026/05/29 08:09:55.292, 2628 MiB
2026/05/29 08:09:56.293, 2808 MiB
2026/05/29 08:09:57.294, 6288 MiB
2026/05/29 08:09:58.294, 6288 MiB
2026/05/29 08:09:59.295, 6288 MiB
2026/05/29 08:10:00.295, 2627 MiB
2026/05/29 08:10:01.295, 2628 MiB
2026/05/29 08:10:02.296, 2624 MiB
2026/05/29 08:10:03.296, 2624 MiB
2026/05/29 08:10:04.296, 2624 MiB
2026/05/29 08:10:05.296, 2624 MiB
2026/05/29 08:10:06.297, 2624 MiB
2026/05/29 08:10:07.297, 2624 MiB
2026/05/29 08:10:08.297, 2624 MiB
2026/05/29 08:10:09.298, 2624 MiB
2026/05/29 08:10:10.298, 2624 MiB
2026/05/29 08:10:11.298, 2624 MiB
2026/05/29 08:10:12.298, 2624 MiB
2026/05/29 08:10:13.299, 2624 MiB
2026/05/29 08:10:14.299, 2624 MiB
2026/05/29 08:10:15.299, 2624 MiB
2026/05/29 08:10:16.300, 2624 MiB
2026/05/29 08:10:17.300, 2624 MiB
2026/05/29 08:10:18.300, 2624 MiB
2026/05/29 08:10:19.300, 2624 MiB
2026/05/29 08:10:20.301, 2624 MiB
2026/05/29 08:10:21.301, 2624 MiB
2026/05/29 08:10:22.301, 2624 MiB
2026/05/29 08:10:23.301, 2624 MiB
2026/05/29 08:10:24.302, 2624 MiB
2026/05/29 08:10:25.302, 2624 MiB
2026/05/29 08:10:26.302, 2624 MiB
2026/05/29 08:10:27.302, 2624 MiB
2026/05/29 08:10:28.303, 2624 MiB
2026/05/29 08:10:29.303, 2624 MiB
2026/05/29 08:10:30.303, 2624 MiB
2026/05/29 08:10:31.303, 2624 MiB
2026/05/29 08:10:32.305, 2624 MiB
2026/05/29 08:10:33.306, 2624 MiB
2026/05/29 08:10:34.306, 2624 MiB
2026/05/29 08:10:35.307, 2624 MiB
2026/05/29 08:10:36.307, 2624 MiB
2026/05/29 08:10:37.308, 2624 MiB
2026/05/29 08:10:38.308, 2804 MiB
2026/05/29 08:10:39.308, 6284 MiB
2026/05/29 08:10:40.309, 6284 MiB
2026/05/29 08:10:41.309, 6284 MiB
2026/05/29 08:10:42.310, 8724 MiB
2026/05/29 08:10:43.310, 2644 MiB
2026/05/29 08:10:44.311, 2644 MiB
2026/05/29 08:10:45.311, 2644 MiB
2026/05/29 08:10:46.311, 2644 MiB
2026/05/29 08:10:47.311, 2644 MiB
2026/05/29 08:10:48.312, 2644 MiB
2026/05/29 08:10:49.312, 2644 MiB
2026/05/29 08:10:50.312, 2644 MiB
2026/05/29 08:10:51.312, 2644 MiB
2026/05/29 08:10:52.313, 2644 MiB
2026/05/29 08:10:53.313, 2644 MiB
2026/05/29 08:10:54.313, 2644 MiB
2026/05/29 08:10:55.313, 2644 MiB
2026/05/29 08:10:56.314, 2644 MiB
2026/05/29 08:10:57.314, 2644 MiB
2026/05/29 08:10:58.314, 2644 MiB
2026/05/29 08:10:59.314, 2644 MiB
2026/05/29 08:11:00.315, 2644 MiB
2026/05/29 08:11:01.316, 2644 MiB
2026/05/29 08:11:02.316, 2644 MiB
2026/05/29 08:11:03.316, 2644 MiB
2026/05/29 08:11:04.316, 2644 MiB
2026/05/29 08:11:05.317, 2644 MiB
2026/05/29 08:11:06.317, 2644 MiB
2026/05/29 08:11:07.318, 2644 MiB
2026/05/29 08:11:08.318, 2644 MiB
2026/05/29 08:11:09.318, 2644 MiB
2026/05/29 08:11:10.318, 2644 MiB
2026/05/29 08:11:11.319, 2644 MiB
2026/05/29 08:11:12.319, 2644 MiB
2026/05/29 08:11:13.319, 2644 MiB
2026/05/29 08:11:14.320, 2644 MiB
2026/05/29 08:11:15.325, 2644 MiB
2026/05/29 08:11:16.325, 2644 MiB
2026/05/29 08:11:17.326, 2644 MiB
2026/05/29 08:11:18.326, 2644 MiB
2026/05/29 08:11:19.327, 2644 MiB
2026/05/29 08:11:20.327, 2644 MiB
2026/05/29 08:11:21.327, 6304 MiB
2026/05/29 08:11:22.328, 6304 MiB
2026/05/29 08:11:23.328, 6304 MiB
2026/05/29 08:11:24.328, 8924 MiB
2026/05/29 08:11:25.328, 2644 MiB
2026/05/29 08:11:26.328, 2644 MiB
2026/05/29 08:11:27.329, 2644 MiB
2026/05/29 08:11:28.329, 2644 MiB
2026/05/29 08:11:29.329, 2644 MiB
2026/05/29 08:11:30.330, 2644 MiB
2026/05/29 08:11:31.330, 2644 MiB
2026/05/29 08:11:32.330, 2644 MiB
2026/05/29 08:11:33.331, 2644 MiB
2026/05/29 08:11:34.331, 2644 MiB
2026/05/29 08:11:35.331, 2644 MiB
2026/05/29 08:11:36.332, 2644 MiB
2026/05/29 08:11:37.332, 2644 MiB
2026/05/29 08:11:38.332, 2644 MiB
2026/05/29 08:11:39.334, 2644 MiB
2026/05/29 08:11:40.335, 2644 MiB
2026/05/29 08:11:41.335, 2644 MiB
2026/05/29 08:11:42.335, 2644 MiB
2026/05/29 08:11:43.337, 2644 MiB
2026/05/29 08:11:44.337, 2644 MiB
2026/05/29 08:11:45.338, 2644 MiB
2026/05/29 08:11:46.338, 2644 MiB
2026/05/29 08:11:47.338, 2644 MiB
2026/05/29 08:11:48.338, 2644 MiB
2026/05/29 08:11:49.339, 2644 MiB
2026/05/29 08:11:50.339, 2644 MiB
2026/05/29 08:11:51.339, 2644 MiB
2026/05/29 08:11:52.339, 2644 MiB
2026/05/29 08:11:53.340, 2644 MiB
2026/05/29 08:11:54.340, 2644 MiB
2026/05/29 08:11:55.343, 2644 MiB
2026/05/29 08:11:56.345, 2644 MiB
2026/05/29 08:11:57.345, 2644 MiB
2026/05/29 08:11:58.345, 2644 MiB
2026/05/29 08:11:59.346, 2644 MiB
2026/05/29 08:12:00.346, 2644 MiB
2026/05/29 08:12:01.347, 2644 MiB
2026/05/29 08:12:02.348, 2644 MiB
2026/05/29 08:12:03.349, 2644 MiB
2026/05/29 08:12:04.350, 2644 MiB
2026/05/29 08:12:05.350, 6004 MiB
2026/05/29 08:12:06.351, 6004 MiB
2026/05/29 08:12:07.351, 6004 MiB
2026/05/29 08:12:08.351, 7444 MiB
2026/05/29 08:12:09.351, 2644 MiB
2026/05/29 08:12:10.352, 2644 MiB
2026/05/29 08:12:11.352, 2644 MiB
2026/05/29 08:12:12.352, 2644 MiB
2026/05/29 08:12:13.353, 2644 MiB
2026/05/29 08:12:14.353, 2644 MiB
2026/05/29 08:12:15.353, 2644 MiB
2026/05/29 08:12:16.353, 2644 MiB
2026/05/29 08:12:17.353, 2644 MiB
2026/05/29 08:12:18.354, 2644 MiB
2026/05/29 08:12:19.354, 2644 MiB
2026/05/29 08:12:20.354, 2644 MiB
2026/05/29 08:12:21.355, 2644 MiB
2026/05/29 08:12:22.356, 2644 MiB
2026/05/29 08:12:23.370, 2644 MiB
2026/05/29 08:12:24.370, 2644 MiB
2026/05/29 08:12:25.371, 2644 MiB
2026/05/29 08:12:26.371, 2644 MiB
2026/05/29 08:12:27.371, 2644 MiB
2026/05/29 08:12:28.371, 2644 MiB
2026/05/29 08:12:29.372, 2644 MiB
2026/05/29 08:12:30.372, 2644 MiB
2026/05/29 08:12:31.373, 2644 MiB
2026/05/29 08:12:32.374, 2644 MiB
2026/05/29 08:12:33.374, 2644 MiB
2026/05/29 08:12:34.374, 2644 MiB
2026/05/29 08:12:35.375, 2644 MiB
2026/05/29 08:12:36.375, 2644 MiB
2026/05/29 08:12:37.376, 2644 MiB
2026/05/29 08:12:38.376, 2644 MiB
2026/05/29 08:12:39.378, 2644 MiB
2026/05/29 08:12:40.378, 2644 MiB
2026/05/29 08:12:41.379, 2644 MiB
2026/05/29 08:12:42.379, 2644 MiB
2026/05/29 08:12:43.379, 2644 MiB
2026/05/29 08:12:44.379, 2644 MiB
2026/05/29 08:12:45.380, 2644 MiB
2026/05/29 08:12:46.381, 2644 MiB
2026/05/29 08:12:47.381, 6304 MiB
2026/05/29 08:12:48.381, 6304 MiB
2026/05/29 08:12:49.381, 6304 MiB
2026/05/29 08:12:50.382, 5204 MiB
2026/05/29 08:12:51.382, 2644 MiB
2026/05/29 08:12:52.382, 2649 MiB
2026/05/29 08:12:53.382, 2649 MiB
2026/05/29 08:12:54.383, 2649 MiB
2026/05/29 08:12:55.383, 2649 MiB
2026/05/29 08:12:56.383, 2648 MiB
2026/05/29 08:12:57.383, 2648 MiB
2026/05/29 08:12:58.384, 2648 MiB
2026/05/29 08:12:59.384, 2649 MiB
2026/05/29 08:13:00.384, 2649 MiB
2026/05/29 08:13:01.384, 2649 MiB
2026/05/29 08:13:02.384, 2649 MiB
2026/05/29 08:13:03.385, 2649 MiB
2026/05/29 08:13:04.385, 2649 MiB
2026/05/29 08:13:05.385, 2649 MiB
2026/05/29 08:13:06.385, 2649 MiB
2026/05/29 08:13:07.386, 2649 MiB
2026/05/29 08:13:08.386, 2649 MiB
2026/05/29 08:13:09.386, 2649 MiB
2026/05/29 08:13:10.387, 2649 MiB
2026/05/29 08:13:11.387, 2649 MiB
2026/05/29 08:13:12.387, 2649 MiB
2026/05/29 08:13:13.387, 2649 MiB
2026/05/29 08:13:14.388, 2649 MiB
2026/05/29 08:13:15.391, 2649 MiB
2026/05/29 08:13:16.398, 2649 MiB
2026/05/29 08:13:17.399, 2649 MiB
2026/05/29 08:13:18.400, 2649 MiB
2026/05/29 08:13:19.402, 2649 MiB
2026/05/29 08:13:20.402, 2649 MiB
2026/05/29 08:13:21.403, 2649 MiB
2026/05/29 08:13:22.403, 2649 MiB
2026/05/29 08:13:23.403, 2649 MiB
2026/05/29 08:13:24.403, 2649 MiB
2026/05/29 08:13:25.404, 2649 MiB
2026/05/29 08:13:26.405, 2648 MiB
2026/05/29 08:13:27.406, 2648 MiB
2026/05/29 08:13:28.407, 2643 MiB
2026/05/29 08:13:29.408, 2644 MiB
2026/05/29 08:13:30.408, 6304 MiB
2026/05/29 08:13:31.408, 6304 MiB
2026/05/29 08:13:32.408, 6304 MiB
2026/05/29 08:13:33.409, 8844 MiB
2026/05/29 08:13:34.409, 2624 MiB
2026/05/29 08:13:35.410, 2624 MiB
2026/05/29 08:13:36.410, 2624 MiB
2026/05/29 08:13:37.410, 2624 MiB
2026/05/29 08:13:38.410, 2624 MiB
2026/05/29 08:13:39.411, 2624 MiB
2026/05/29 08:13:40.411, 2624 MiB
2026/05/29 08:13:41.411, 2624 MiB
2026/05/29 08:13:42.412, 2624 MiB
2026/05/29 08:13:43.412, 2624 MiB
2026/05/29 08:13:44.412, 2624 MiB
2026/05/29 08:13:45.412, 2624 MiB
2026/05/29 08:13:46.413, 2624 MiB
2026/05/29 08:13:47.413, 2624 MiB
2026/05/29 08:13:48.413, 2624 MiB
2026/05/29 08:13:49.413, 2624 MiB
2026/05/29 08:13:50.414, 2624 MiB
2026/05/29 08:13:51.415, 2624 MiB
2026/05/29 08:13:52.415, 2624 MiB
2026/05/29 08:13:53.415, 2624 MiB
2026/05/29 08:13:54.416, 2624 MiB
2026/05/29 08:13:55.417, 2624 MiB
2026/05/29 08:13:56.417, 2624 MiB
2026/05/29 08:13:57.417, 2624 MiB
2026/05/29 08:13:58.418, 2624 MiB
2026/05/29 08:13:59.419, 2624 MiB
2026/05/29 08:14:00.419, 2624 MiB
2026/05/29 08:14:01.419, 2624 MiB
2026/05/29 08:14:02.419, 2624 MiB
2026/05/29 08:14:03.420, 2624 MiB
2026/05/29 08:14:04.420, 2624 MiB
2026/05/29 08:14:05.420, 2624 MiB
2026/05/29 08:14:06.420, 2624 MiB
2026/05/29 08:14:07.421, 2624 MiB
2026/05/29 08:14:08.421, 2624 MiB
2026/05/29 08:14:09.423, 2624 MiB
2026/05/29 08:14:10.423, 2624 MiB
2026/05/29 08:14:11.424, 2624 MiB
2026/05/29 08:14:12.424, 6284 MiB
2026/05/29 08:14:13.425, 6284 MiB
2026/05/29 08:14:14.425, 6284 MiB
2026/05/29 08:14:15.425, 6284 MiB
2026/05/29 08:14:16.426, 2624 MiB
2026/05/29 08:14:17.426, 2624 MiB
2026/05/29 08:14:18.426, 2624 MiB
2026/05/29 08:14:19.427, 2624 MiB
2026/05/29 08:14:20.427, 2624 MiB
2026/05/29 08:14:21.427, 2624 MiB
2026/05/29 08:14:22.427, 2624 MiB
2026/05/29 08:14:23.428, 2624 MiB
2026/05/29 08:14:24.428, 2624 MiB
2026/05/29 08:14:25.428, 2624 MiB
2026/05/29 08:14:26.428, 2624 MiB
2026/05/29 08:14:27.429, 2624 MiB
2026/05/29 08:14:28.429, 2624 MiB
2026/05/29 08:14:29.429, 2624 MiB
2026/05/29 08:14:30.430, 2624 MiB
2026/05/29 08:14:31.431, 2624 MiB
2026/05/29 08:14:32.431, 2624 MiB
2026/05/29 08:14:33.431, 2624 MiB
2026/05/29 08:14:34.431, 2624 MiB
2026/05/29 08:14:35.432, 2624 MiB
2026/05/29 08:14:36.432, 2624 MiB
2026/05/29 08:14:37.432, 2624 MiB
2026/05/29 08:14:38.443, 2624 MiB
2026/05/29 08:14:39.444, 2624 MiB
2026/05/29 08:14:40.444, 2624 MiB
2026/05/29 08:14:41.445, 2624 MiB
2026/05/29 08:14:42.446, 2624 MiB
2026/05/29 08:14:43.446, 2624 MiB
2026/05/29 08:14:44.447, 2624 MiB
2026/05/29 08:14:45.447, 2624 MiB
2026/05/29 08:14:46.447, 2624 MiB
2026/05/29 08:14:47.451, 2624 MiB
2026/05/29 08:14:48.452, 2624 MiB
2026/05/29 08:14:49.452, 2624 MiB
2026/05/29 08:14:50.452, 2624 MiB
2026/05/29 08:14:51.452, 2624 MiB
2026/05/29 08:14:52.454, 2624 MiB
2026/05/29 08:14:53.454, 2624 MiB
2026/05/29 08:14:54.454, 2624 MiB
2026/05/29 08:14:55.455, 6284 MiB
2026/05/29 08:14:56.455, 6284 MiB
2026/05/29 08:14:57.456, 6284 MiB
2026/05/29 08:14:58.456, 7464 MiB
2026/05/29 08:14:59.456, 2644 MiB
2026/05/29 08:15:00.456, 2644 MiB
2026/05/29 08:15:01.457, 2644 MiB
2026/05/29 08:15:02.457, 2644 MiB
2026/05/29 08:15:03.457, 2644 MiB
2026/05/29 08:15:04.458, 2644 MiB
2026/05/29 08:15:05.458, 2644 MiB
2026/05/29 08:15:06.458, 2644 MiB
2026/05/29 08:15:07.458, 2644 MiB
2026/05/29 08:15:08.459, 2644 MiB
2026/05/29 08:15:09.459, 2644 MiB
2026/05/29 08:15:10.459, 2644 MiB
2026/05/29 08:15:11.460, 2644 MiB
2026/05/29 08:15:12.463, 2644 MiB
2026/05/29 08:15:13.470, 2644 MiB
2026/05/29 08:15:14.473, 2644 MiB
2026/05/29 08:15:15.474, 2644 MiB
2026/05/29 08:15:16.474, 2644 MiB
2026/05/29 08:15:17.476, 2644 MiB
2026/05/29 08:15:18.476, 2644 MiB
2026/05/29 08:15:19.477, 2644 MiB
2026/05/29 08:15:20.478, 2644 MiB
2026/05/29 08:15:21.478, 2644 MiB
2026/05/29 08:15:22.478, 2644 MiB
2026/05/29 08:15:23.480, 2644 MiB
2026/05/29 08:15:24.480, 2644 MiB
2026/05/29 08:15:25.480, 2644 MiB
2026/05/29 08:15:26.481, 2644 MiB
2026/05/29 08:15:27.482, 2644 MiB
2026/05/29 08:15:28.482, 2644 MiB
2026/05/29 08:15:29.484, 2644 MiB
2026/05/29 08:15:30.484, 2644 MiB
2026/05/29 08:15:31.484, 2644 MiB
2026/05/29 08:15:32.485, 2644 MiB
2026/05/29 08:15:33.485, 2644 MiB
2026/05/29 08:15:34.485, 2644 MiB
2026/05/29 08:15:35.485, 2644 MiB
2026/05/29 08:15:36.486, 2644 MiB
2026/05/29 08:15:37.486, 3624 MiB
2026/05/29 08:15:38.486, 6304 MiB
2026/05/29 08:15:39.486, 6304 MiB
2026/05/29 08:15:40.487, 6303 MiB
2026/05/29 08:15:41.487, 2644 MiB
2026/05/29 08:15:42.487, 2644 MiB
2026/05/29 08:15:43.487, 2644 MiB
2026/05/29 08:15:44.488, 2644 MiB
2026/05/29 08:15:45.488, 2644 MiB
2026/05/29 08:15:46.488, 2644 MiB
2026/05/29 08:15:47.488, 2644 MiB
2026/05/29 08:15:48.489, 2644 MiB
2026/05/29 08:15:49.489, 2644 MiB
2026/05/29 08:15:50.489, 2644 MiB
2026/05/29 08:15:51.489, 2644 MiB
2026/05/29 08:15:52.490, 2644 MiB
2026/05/29 08:15:53.490, 2644 MiB
2026/05/29 08:15:54.491, 2644 MiB
2026/05/29 08:15:55.491, 2644 MiB
2026/05/29 08:15:56.491, 2644 MiB
2026/05/29 08:15:57.492, 2644 MiB
2026/05/29 08:15:58.492, 2644 MiB
2026/05/29 08:15:59.492, 2644 MiB
2026/05/29 08:16:00.492, 2644 MiB
2026/05/29 08:16:01.493, 2644 MiB
2026/05/29 08:16:02.494, 2644 MiB
2026/05/29 08:16:03.494, 2644 MiB
2026/05/29 08:16:04.494, 2644 MiB
2026/05/29 08:16:05.495, 2644 MiB
2026/05/29 08:16:06.495, 2644 MiB
2026/05/29 08:16:07.495, 2644 MiB
2026/05/29 08:16:08.495, 2644 MiB
2026/05/29 08:16:09.496, 2644 MiB
2026/05/29 08:16:10.496, 2644 MiB
2026/05/29 08:16:11.496, 2644 MiB
2026/05/29 08:16:12.496, 2644 MiB
2026/05/29 08:16:13.497, 2644 MiB
2026/05/29 08:16:14.497, 2644 MiB
2026/05/29 08:16:15.497, 2644 MiB
2026/05/29 08:16:16.497, 2644 MiB
2026/05/29 08:16:17.497, 2644 MiB
2026/05/29 08:16:18.498, 2644 MiB
2026/05/29 08:16:19.498, 2644 MiB
2026/05/29 08:16:20.498, 6304 MiB
2026/05/29 08:16:21.498, 6304 MiB
2026/05/29 08:16:22.499, 6304 MiB
2026/05/29 08:16:23.499, 3512 MiB
2026/05/29 08:16:24.499, 2652 MiB
2026/05/29 08:16:25.499, 2648 MiB
2026/05/29 08:16:26.500, 2648 MiB
2026/05/29 08:16:27.500, 2648 MiB
2026/05/29 08:16:28.500, 2648 MiB
2026/05/29 08:16:29.501, 2648 MiB
2026/05/29 08:16:30.501, 2648 MiB
2026/05/29 08:16:31.501, 2648 MiB
2026/05/29 08:16:32.501, 2648 MiB
2026/05/29 08:16:33.502, 2648 MiB
2026/05/29 08:16:34.502, 2648 MiB
2026/05/29 08:16:35.502, 2648 MiB
2026/05/29 08:16:36.502, 2648 MiB
2026/05/29 08:16:37.503, 2648 MiB
2026/05/29 08:16:38.503, 2648 MiB
2026/05/29 08:16:39.503, 2648 MiB
2026/05/29 08:16:40.503, 2648 MiB
2026/05/29 08:16:41.504, 2648 MiB
2026/05/29 08:16:42.504, 2648 MiB
2026/05/29 08:16:43.504, 2648 MiB
2026/05/29 08:16:44.506, 2648 MiB
2026/05/29 08:16:45.506, 2648 MiB
2026/05/29 08:16:46.506, 2648 MiB
2026/05/29 08:16:47.507, 2648 MiB
2026/05/29 08:16:48.507, 2648 MiB
2026/05/29 08:16:49.507, 2648 MiB
2026/05/29 08:16:50.508, 2647 MiB
2026/05/29 08:16:51.516, 2647 MiB
2026/05/29 08:16:52.516, 2643 MiB
2026/05/29 08:16:53.518, 2643 MiB
2026/05/29 08:16:54.519, 2643 MiB
2026/05/29 08:16:55.521, 2643 MiB
2026/05/29 08:16:56.521, 2643 MiB
2026/05/29 08:16:57.521, 2643 MiB
2026/05/29 08:16:58.522, 2643 MiB
2026/05/29 08:16:59.522, 2643 MiB
2026/05/29 08:17:00.522, 2643 MiB
2026/05/29 08:17:01.523, 2643 MiB
2026/05/29 08:17:02.526, 2643 MiB
2026/05/29 08:17:03.526, 6004 MiB
2026/05/29 08:17:04.526, 6004 MiB
2026/05/29 08:17:05.527, 6004 MiB
2026/05/29 08:17:06.527, 6604 MiB
2026/05/29 08:17:07.527, 2624 MiB
2026/05/29 08:17:08.528, 2624 MiB
2026/05/29 08:17:09.529, 2624 MiB
2026/05/29 08:17:10.530, 2624 MiB
2026/05/29 08:17:11.531, 2624 MiB
2026/05/29 08:17:12.531, 2624 MiB
2026/05/29 08:17:13.531, 2624 MiB
2026/05/29 08:17:14.531, 2624 MiB
2026/05/29 08:17:15.534, 2624 MiB
2026/05/29 08:17:16.534, 2624 MiB
2026/05/29 08:17:17.534, 2624 MiB
2026/05/29 08:17:18.535, 2624 MiB
2026/05/29 08:17:19.535, 2624 MiB
2026/05/29 08:17:20.535, 2624 MiB
2026/05/29 08:17:21.535, 2624 MiB
2026/05/29 08:17:22.536, 2624 MiB
2026/05/29 08:17:23.536, 2624 MiB
2026/05/29 08:17:24.536, 2624 MiB
2026/05/29 08:17:25.536, 2624 MiB
2026/05/29 08:17:26.537, 2624 MiB
2026/05/29 08:17:27.538, 2624 MiB
2026/05/29 08:17:28.538, 2624 MiB
2026/05/29 08:17:29.538, 2624 MiB
2026/05/29 08:17:30.538, 2624 MiB
2026/05/29 08:17:31.539, 2624 MiB
2026/05/29 08:17:32.540, 2624 MiB
2026/05/29 08:17:33.540, 2624 MiB
2026/05/29 08:17:34.540, 2624 MiB
2026/05/29 08:17:35.541, 2620 MiB
2026/05/29 08:17:36.541, 2620 MiB
2026/05/29 08:17:37.541, 2628 MiB
2026/05/29 08:17:38.541, 2628 MiB
2026/05/29 08:17:39.542, 2628 MiB
2026/05/29 08:17:40.543, 2628 MiB
2026/05/29 08:17:41.543, 2628 MiB
2026/05/29 08:17:42.543, 2628 MiB
2026/05/29 08:17:43.545, 2628 MiB
2026/05/29 08:17:44.545, 2628 MiB
2026/05/29 08:17:45.545, 2628 MiB
2026/05/29 08:17:46.545, 6288 MiB
2026/05/29 08:17:47.546, 6288 MiB
2026/05/29 08:17:48.546, 6288 MiB
2026/05/29 08:17:49.546, 2628 MiB
2026/05/29 08:17:50.546, 2647 MiB
2026/05/29 08:17:51.547, 2643 MiB
2026/05/29 08:17:52.547, 2644 MiB
2026/05/29 08:17:53.547, 2644 MiB
2026/05/29 08:17:54.547, 2644 MiB
2026/05/29 08:17:55.548, 2644 MiB
2026/05/29 08:17:56.548, 2644 MiB
2026/05/29 08:17:57.548, 2644 MiB
2026/05/29 08:17:58.548, 2644 MiB
2026/05/29 08:17:59.549, 2644 MiB
2026/05/29 08:18:00.549, 2644 MiB
2026/05/29 08:18:01.549, 2644 MiB
2026/05/29 08:18:02.549, 2644 MiB
2026/05/29 08:18:03.550, 2644 MiB
2026/05/29 08:18:04.550, 2644 MiB
2026/05/29 08:18:05.551, 2644 MiB
2026/05/29 08:18:06.551, 2644 MiB
2026/05/29 08:18:07.559, 2644 MiB
2026/05/29 08:18:08.560, 2644 MiB
2026/05/29 08:18:09.560, 2644 MiB
2026/05/29 08:18:10.560, 2644 MiB
2026/05/29 08:18:11.563, 2644 MiB
2026/05/29 08:18:12.563, 2644 MiB
2026/05/29 08:18:13.563, 2644 MiB
2026/05/29 08:18:14.563, 2644 MiB
2026/05/29 08:18:15.563, 2644 MiB
2026/05/29 08:18:16.567, 2644 MiB
2026/05/29 08:18:17.571, 2644 MiB
2026/05/29 08:18:18.571, 2644 MiB
2026/05/29 08:18:19.572, 2644 MiB
2026/05/29 08:18:20.574, 2644 MiB
2026/05/29 08:18:21.576, 2644 MiB
2026/05/29 08:18:22.576, 2644 MiB
2026/05/29 08:18:23.576, 2644 MiB
2026/05/29 08:18:24.576, 2644 MiB
2026/05/29 08:18:25.577, 2644 MiB
2026/05/29 08:18:26.577, 2644 MiB
2026/05/29 08:18:27.579, 2644 MiB
2026/05/29 08:18:28.579, 2644 MiB
2026/05/29 08:18:29.579, 6044 MiB
2026/05/29 08:18:30.579, 6044 MiB
2026/05/29 08:18:31.580, 6044 MiB
2026/05/29 08:18:32.580, 2643 MiB
2026/05/29 08:18:33.580, 2624 MiB
2026/05/29 08:18:34.581, 2624 MiB
2026/05/29 08:18:35.583, 2624 MiB
2026/05/29 08:18:36.583, 2624 MiB
2026/05/29 08:18:37.584, 2624 MiB
2026/05/29 08:18:38.584, 2624 MiB
2026/05/29 08:18:39.584, 2624 MiB
2026/05/29 08:18:40.585, 2624 MiB
2026/05/29 08:18:41.585, 2624 MiB
2026/05/29 08:18:42.585, 2624 MiB
2026/05/29 08:18:43.586, 2624 MiB
2026/05/29 08:18:44.586, 2624 MiB
2026/05/29 08:18:45.586, 2624 MiB
2026/05/29 08:18:46.587, 2624 MiB
2026/05/29 08:18:47.587, 2624 MiB
2026/05/29 08:18:48.588, 2624 MiB
2026/05/29 08:18:49.589, 2624 MiB
2026/05/29 08:18:50.590, 2624 MiB
2026/05/29 08:18:51.590, 2624 MiB
2026/05/29 08:18:52.590, 2624 MiB
2026/05/29 08:18:53.590, 2624 MiB
2026/05/29 08:18:54.591, 2624 MiB
2026/05/29 08:18:55.591, 2624 MiB
2026/05/29 08:18:56.591, 2624 MiB
2026/05/29 08:18:57.592, 2624 MiB
2026/05/29 08:18:58.593, 2624 MiB
2026/05/29 08:18:59.594, 2624 MiB
2026/05/29 08:19:00.594, 2624 MiB
2026/05/29 08:19:01.594, 2624 MiB
2026/05/29 08:19:02.595, 2624 MiB
2026/05/29 08:19:03.595, 2624 MiB
2026/05/29 08:19:04.596, 2624 MiB
2026/05/29 08:19:05.596, 2624 MiB
2026/05/29 08:19:06.597, 2624 MiB
2026/05/29 08:19:07.597, 2624 MiB
2026/05/29 08:19:08.597, 2624 MiB
2026/05/29 08:19:09.598, 2624 MiB
2026/05/29 08:19:10.603, 2624 MiB
2026/05/29 08:19:11.603, 2624 MiB
2026/05/29 08:19:12.603, 2624 MiB
2026/05/29 08:19:13.605, 2804 MiB
2026/05/29 08:19:14.605, 6284 MiB
2026/05/29 08:19:15.605, 6284 MiB
2026/05/29 08:19:16.605, 6284 MiB
2026/05/29 08:19:17.606, 8944 MiB
2026/05/29 08:19:18.606, 2624 MiB
2026/05/29 08:19:19.607, 2623 MiB
2026/05/29 08:19:20.607, 2620 MiB
2026/05/29 08:19:21.607, 2620 MiB
2026/05/29 08:19:22.607, 2616 MiB
2026/05/29 08:19:23.608, 2628 MiB
2026/05/29 08:19:24.608, 2628 MiB
2026/05/29 08:19:25.608, 2628 MiB
2026/05/29 08:19:26.608, 2628 MiB
2026/05/29 08:19:27.609, 2628 MiB
2026/05/29 08:19:28.609, 2628 MiB
2026/05/29 08:19:29.610, 2628 MiB
2026/05/29 08:19:30.611, 2628 MiB
2026/05/29 08:19:31.611, 2628 MiB
2026/05/29 08:19:32.611, 2628 MiB
2026/05/29 08:19:33.612, 2628 MiB
2026/05/29 08:19:34.612, 2628 MiB
2026/05/29 08:19:35.612, 2628 MiB
2026/05/29 08:19:36.613, 2628 MiB
2026/05/29 08:19:37.613, 2628 MiB
2026/05/29 08:19:38.613, 2628 MiB
2026/05/29 08:19:39.613, 2628 MiB
2026/05/29 08:19:40.615, 2624 MiB
2026/05/29 08:19:41.615, 2628 MiB
2026/05/29 08:19:42.617, 2628 MiB
2026/05/29 08:19:43.617, 2628 MiB
2026/05/29 08:19:44.617, 2628 MiB
2026/05/29 08:19:45.618, 2628 MiB
2026/05/29 08:19:46.618, 2628 MiB
2026/05/29 08:19:47.618, 2628 MiB
2026/05/29 08:19:48.618, 2628 MiB
2026/05/29 08:19:49.619, 2628 MiB
2026/05/29 08:19:50.619, 2628 MiB
2026/05/29 08:19:51.619, 2628 MiB
2026/05/29 08:19:52.620, 2628 MiB
2026/05/29 08:19:53.620, 2628 MiB
2026/05/29 08:19:54.620, 2628 MiB
2026/05/29 08:19:55.621, 2628 MiB
2026/05/29 08:19:56.623, 6288 MiB
2026/05/29 08:19:57.624, 6288 MiB
2026/05/29 08:19:58.624, 6288 MiB
2026/05/29 08:19:59.624, 4648 MiB
2026/05/29 08:20:00.625, 2627 MiB
2026/05/29 08:20:01.625, 2624 MiB
2026/05/29 08:20:02.626, 2624 MiB
2026/05/29 08:20:03.626, 2624 MiB
2026/05/29 08:20:04.626, 2624 MiB
2026/05/29 08:20:05.627, 2624 MiB
2026/05/29 08:20:06.627, 2624 MiB
2026/05/29 08:20:07.627, 2624 MiB
2026/05/29 08:20:08.627, 2624 MiB
2026/05/29 08:20:09.628, 2624 MiB
2026/05/29 08:20:10.628, 2624 MiB
2026/05/29 08:20:11.628, 2624 MiB
2026/05/29 08:20:12.628, 2624 MiB
2026/05/29 08:20:13.629, 2628 MiB
2026/05/29 08:20:14.630, 2628 MiB
2026/05/29 08:20:15.630, 2628 MiB
2026/05/29 08:20:16.631, 2628 MiB
2026/05/29 08:20:17.632, 2628 MiB
2026/05/29 08:20:18.632, 2628 MiB
2026/05/29 08:20:19.632, 2628 MiB
2026/05/29 08:20:20.634, 2628 MiB
2026/05/29 08:20:21.634, 2628 MiB
2026/05/29 08:20:22.635, 2628 MiB
2026/05/29 08:20:23.635, 2628 MiB
2026/05/29 08:20:24.635, 2628 MiB
2026/05/29 08:20:25.635, 2628 MiB
2026/05/29 08:20:26.636, 2628 MiB
2026/05/29 08:20:27.637, 2628 MiB
2026/05/29 08:20:28.637, 2628 MiB
2026/05/29 08:20:29.637, 2628 MiB
2026/05/29 08:20:30.638, 2628 MiB
2026/05/29 08:20:31.638, 2628 MiB
2026/05/29 08:20:32.638, 2628 MiB
2026/05/29 08:20:33.638, 2628 MiB
2026/05/29 08:20:34.639, 2628 MiB
2026/05/29 08:20:35.639, 2628 MiB
2026/05/29 08:20:36.639, 2628 MiB
2026/05/29 08:20:37.639, 2628 MiB
2026/05/29 08:20:38.640, 2624 MiB
2026/05/29 08:20:39.640, 6284 MiB
2026/05/29 08:20:40.640, 6284 MiB
2026/05/29 08:20:41.640, 6284 MiB
2026/05/29 08:20:42.641, 8684 MiB
2026/05/29 08:20:43.642, 2624 MiB
2026/05/29 08:20:44.642, 2623 MiB
2026/05/29 08:20:45.642, 2628 MiB
2026/05/29 08:20:46.642, 2628 MiB
2026/05/29 08:20:47.643, 2628 MiB
2026/05/29 08:20:48.643, 2628 MiB
2026/05/29 08:20:49.643, 2628 MiB
2026/05/29 08:20:50.645, 2628 MiB
2026/05/29 08:20:51.646, 2628 MiB
2026/05/29 08:20:52.646, 2628 MiB
2026/05/29 08:20:53.646, 2628 MiB
2026/05/29 08:20:54.647, 2628 MiB
2026/05/29 08:20:55.647, 2628 MiB
2026/05/29 08:20:56.648, 2628 MiB
2026/05/29 08:20:57.648, 2628 MiB
2026/05/29 08:20:58.648, 2628 MiB
2026/05/29 08:20:59.649, 2628 MiB
2026/05/29 08:21:00.650, 2628 MiB
2026/05/29 08:21:01.651, 2628 MiB
2026/05/29 08:21:02.651, 2628 MiB
2026/05/29 08:21:03.652, 2628 MiB
2026/05/29 08:21:04.652, 2628 MiB
2026/05/29 08:21:05.652, 2628 MiB
2026/05/29 08:21:06.654, 2628 MiB
2026/05/29 08:21:07.654, 2628 MiB
2026/05/29 08:21:08.655, 2628 MiB
2026/05/29 08:21:09.655, 2628 MiB
2026/05/29 08:21:10.656, 2628 MiB
2026/05/29 08:21:11.658, 2627 MiB
2026/05/29 08:21:12.658, 2627 MiB
2026/05/29 08:21:13.659, 2623 MiB
2026/05/29 08:21:14.659, 2623 MiB
2026/05/29 08:21:15.659, 2623 MiB
2026/05/29 08:21:16.659, 2623 MiB
2026/05/29 08:21:17.660, 2623 MiB
2026/05/29 08:21:18.661, 2623 MiB
2026/05/29 08:21:19.661, 2623 MiB
2026/05/29 08:21:20.661, 2623 MiB
2026/05/29 08:21:21.661, 2623 MiB
2026/05/29 08:21:22.662, 6284 MiB
2026/05/29 08:21:23.662, 6284 MiB
2026/05/29 08:21:24.662, 4404 MiB
2026/05/29 08:21:25.662, 2624 MiB
2026/05/29 08:21:26.663, 2624 MiB
2026/05/29 08:21:27.663, 2624 MiB
2026/05/29 08:21:28.663, 2624 MiB
2026/05/29 08:21:29.663, 2624 MiB
2026/05/29 08:21:30.664, 2624 MiB
2026/05/29 08:21:31.664, 2624 MiB
2026/05/29 08:21:32.664, 2624 MiB
2026/05/29 08:21:33.664, 2624 MiB
2026/05/29 08:21:34.665, 2624 MiB
2026/05/29 08:21:35.665, 2624 MiB
2026/05/29 08:21:36.665, 2624 MiB
2026/05/29 08:21:37.665, 2624 MiB
2026/05/29 08:21:38.666, 2624 MiB
2026/05/29 08:21:39.666, 2624 MiB
2026/05/29 08:21:40.667, 2624 MiB
2026/05/29 08:21:41.668, 2624 MiB
2026/05/29 08:21:42.668, 2624 MiB
2026/05/29 08:21:43.668, 2624 MiB
2026/05/29 08:21:44.672, 2624 MiB
2026/05/29 08:21:45.672, 2624 MiB
2026/05/29 08:21:46.672, 2624 MiB
2026/05/29 08:21:47.673, 2624 MiB
2026/05/29 08:21:48.673, 2624 MiB
2026/05/29 08:21:49.673, 2624 MiB
2026/05/29 08:21:50.683, 2624 MiB
2026/05/29 08:21:51.683, 2624 MiB
2026/05/29 08:21:52.686, 2624 MiB
2026/05/29 08:21:53.687, 2624 MiB
2026/05/29 08:21:54.687, 2624 MiB
2026/05/29 08:21:55.687, 2624 MiB
2026/05/29 08:21:56.688, 2624 MiB
2026/05/29 08:21:57.688, 2624 MiB
2026/05/29 08:21:58.688, 2624 MiB
2026/05/29 08:21:59.689, 2624 MiB
2026/05/29 08:22:00.689, 2624 MiB
2026/05/29 08:22:01.689, 2624 MiB
2026/05/29 08:22:02.690, 2624 MiB
2026/05/29 08:22:03.690, 2624 MiB
2026/05/29 08:22:04.690, 6284 MiB
2026/05/29 08:22:05.691, 6284 MiB
2026/05/29 08:22:06.691, 6284 MiB
2026/05/29 08:22:07.692, 8364 MiB
2026/05/29 08:22:08.692, 2624 MiB
2026/05/29 08:22:09.692, 2624 MiB
2026/05/29 08:22:10.692, 2624 MiB
2026/05/29 08:22:11.693, 2624 MiB
2026/05/29 08:22:12.693, 2624 MiB
2026/05/29 08:22:13.693, 2624 MiB
2026/05/29 08:22:14.694, 2624 MiB
2026/05/29 08:22:15.694, 2624 MiB
2026/05/29 08:22:16.694, 2624 MiB
2026/05/29 08:22:17.694, 2624 MiB
2026/05/29 08:22:18.695, 2624 MiB
2026/05/29 08:22:19.695, 2624 MiB
2026/05/29 08:22:20.695, 2624 MiB
2026/05/29 08:22:21.695, 2624 MiB
2026/05/29 08:22:22.697, 2624 MiB
2026/05/29 08:22:23.697, 2624 MiB
2026/05/29 08:22:24.698, 2624 MiB
2026/05/29 08:22:25.698, 2624 MiB
2026/05/29 08:22:26.698, 2624 MiB
2026/05/29 08:22:27.699, 2624 MiB
2026/05/29 08:22:28.699, 2624 MiB
2026/05/29 08:22:29.699, 2624 MiB
2026/05/29 08:22:30.700, 2624 MiB
2026/05/29 08:22:31.700, 2624 MiB
2026/05/29 08:22:32.700, 2624 MiB
2026/05/29 08:22:33.700, 2624 MiB
2026/05/29 08:22:34.701, 2624 MiB
2026/05/29 08:22:35.701, 2624 MiB
2026/05/29 08:22:36.701, 2624 MiB
2026/05/29 08:22:37.702, 2624 MiB
2026/05/29 08:22:38.702, 2624 MiB
2026/05/29 08:22:39.702, 2624 MiB
2026/05/29 08:22:40.703, 2624 MiB
2026/05/29 08:22:41.706, 2624 MiB
2026/05/29 08:22:42.706, 2624 MiB
2026/05/29 08:22:43.707, 2624 MiB
2026/05/29 08:22:44.707, 2624 MiB
2026/05/29 08:22:45.708, 2624 MiB
2026/05/29 08:22:46.708, 2624 MiB
2026/05/29 08:22:47.708, 6284 MiB
2026/05/29 08:22:48.708, 6284 MiB
2026/05/29 08:22:49.709, 6284 MiB
2026/05/29 08:22:50.709, 8744 MiB
2026/05/29 08:22:51.709, 2644 MiB
2026/05/29 08:22:52.709, 2644 MiB
2026/05/29 08:22:53.710, 2644 MiB
2026/05/29 08:22:54.710, 2644 MiB
2026/05/29 08:22:55.710, 2644 MiB
2026/05/29 08:22:56.710, 2644 MiB
2026/05/29 08:22:57.711, 2644 MiB
2026/05/29 08:22:58.711, 2644 MiB
2026/05/29 08:22:59.711, 2644 MiB
2026/05/29 08:23:00.711, 2644 MiB
2026/05/29 08:23:01.712, 2644 MiB
2026/05/29 08:23:02.715, 2644 MiB
2026/05/29 08:23:03.721, 2644 MiB
2026/05/29 08:23:04.721, 2644 MiB
2026/05/29 08:23:05.721, 2644 MiB
2026/05/29 08:23:06.721, 2644 MiB
2026/05/29 08:23:07.722, 2644 MiB
2026/05/29 08:23:08.722, 2644 MiB
2026/05/29 08:23:09.724, 2644 MiB
2026/05/29 08:23:10.724, 2644 MiB
2026/05/29 08:23:11.726, 2644 MiB
2026/05/29 08:23:12.726, 2644 MiB
2026/05/29 08:23:13.726, 2644 MiB
2026/05/29 08:23:14.727, 2644 MiB
2026/05/29 08:23:15.727, 2644 MiB
2026/05/29 08:23:16.728, 2644 MiB
2026/05/29 08:23:17.729, 2644 MiB
2026/05/29 08:23:18.730, 2644 MiB
2026/05/29 08:23:19.730, 2644 MiB
2026/05/29 08:23:20.731, 2644 MiB
2026/05/29 08:23:21.731, 2644 MiB
2026/05/29 08:23:22.731, 2644 MiB
2026/05/29 08:23:23.732, 2644 MiB
2026/05/29 08:23:24.732, 2644 MiB
2026/05/29 08:23:25.732, 2644 MiB
2026/05/29 08:23:26.733, 2644 MiB
2026/05/29 08:23:27.734, 2644 MiB
2026/05/29 08:23:28.734, 2644 MiB
2026/05/29 08:23:29.735, 2644 MiB
2026/05/29 08:23:30.735, 6304 MiB
2026/05/29 08:23:31.735, 6304 MiB
2026/05/29 08:23:32.736, 6304 MiB
2026/05/29 08:23:33.736, 8288 MiB
2026/05/29 08:23:34.736, 2628 MiB
2026/05/29 08:23:35.737, 2628 MiB
2026/05/29 08:23:36.737, 2628 MiB
2026/05/29 08:23:37.737, 2628 MiB
2026/05/29 08:23:38.738, 2628 MiB
2026/05/29 08:23:39.738, 2628 MiB
2026/05/29 08:23:40.738, 2628 MiB
2026/05/29 08:23:41.739, 2628 MiB
2026/05/29 08:23:42.739, 2628 MiB
2026/05/29 08:23:43.739, 2628 MiB
2026/05/29 08:23:44.740, 2628 MiB
2026/05/29 08:23:45.740, 2628 MiB
2026/05/29 08:23:46.740, 2628 MiB
2026/05/29 08:23:47.741, 2628 MiB
2026/05/29 08:23:48.741, 2628 MiB
2026/05/29 08:23:49.741, 2628 MiB
2026/05/29 08:23:50.742, 2628 MiB
2026/05/29 08:23:51.742, 2628 MiB
2026/05/29 08:23:52.742, 2628 MiB
2026/05/29 08:23:53.744, 2628 MiB
2026/05/29 08:23:54.744, 2628 MiB
2026/05/29 08:23:55.744, 2628 MiB
2026/05/29 08:23:56.745, 2628 MiB
2026/05/29 08:23:57.746, 2628 MiB
2026/05/29 08:23:58.746, 2628 MiB
2026/05/29 08:23:59.761, 2627 MiB
2026/05/29 08:24:00.761, 2627 MiB
2026/05/29 08:24:01.762, 2623 MiB
2026/05/29 08:24:02.767, 2623 MiB
2026/05/29 08:24:03.770, 2623 MiB
2026/05/29 08:24:04.770, 2623 MiB
2026/05/29 08:24:05.771, 2623 MiB
2026/05/29 08:24:06.771, 2623 MiB
2026/05/29 08:24:07.771, 2623 MiB
2026/05/29 08:24:08.771, 2623 MiB
2026/05/29 08:24:09.772, 2623 MiB
2026/05/29 08:24:10.772, 2623 MiB
2026/05/29 08:24:11.772, 2623 MiB
2026/05/29 08:24:12.774, 2623 MiB
2026/05/29 08:24:13.774, 6284 MiB
2026/05/29 08:24:14.774, 6284 MiB
2026/05/29 08:24:15.775, 6284 MiB
2026/05/29 08:24:16.775, 8724 MiB
2026/05/29 08:24:17.776, 2624 MiB
2026/05/29 08:24:18.776, 2624 MiB
2026/05/29 08:24:19.776, 2624 MiB
2026/05/29 08:24:20.776, 2624 MiB
2026/05/29 08:24:21.777, 2624 MiB
2026/05/29 08:24:22.777, 2624 MiB
2026/05/29 08:24:23.777, 2624 MiB
2026/05/29 08:24:24.779, 2624 MiB
2026/05/29 08:24:25.780, 2624 MiB
2026/05/29 08:24:26.780, 2624 MiB
2026/05/29 08:24:27.780, 2624 MiB
2026/05/29 08:24:28.781, 2624 MiB
2026/05/29 08:24:29.782, 2624 MiB
2026/05/29 08:24:30.783, 2624 MiB
2026/05/29 08:24:31.783, 2624 MiB
2026/05/29 08:24:32.785, 2624 MiB
2026/05/29 08:24:33.785, 2624 MiB
2026/05/29 08:24:34.786, 2624 MiB
2026/05/29 08:24:35.786, 2624 MiB
2026/05/29 08:24:36.786, 2624 MiB
2026/05/29 08:24:37.787, 2624 MiB
2026/05/29 08:24:38.788, 2624 MiB
2026/05/29 08:24:39.788, 2624 MiB
2026/05/29 08:24:40.788, 2624 MiB
2026/05/29 08:24:41.789, 2624 MiB
2026/05/29 08:24:42.790, 2624 MiB
2026/05/29 08:24:43.790, 2624 MiB
2026/05/29 08:24:44.791, 2624 MiB
2026/05/29 08:24:45.791, 2624 MiB
2026/05/29 08:24:46.792, 2624 MiB
2026/05/29 08:24:47.792, 2624 MiB
2026/05/29 08:24:48.826, 2624 MiB
2026/05/29 08:24:49.826, 2624 MiB
2026/05/29 08:24:50.826, 2624 MiB
2026/05/29 08:24:51.827, 2624 MiB
2026/05/29 08:24:52.827, 2624 MiB
2026/05/29 08:24:53.828, 2624 MiB
2026/05/29 08:24:54.829, 2624 MiB
2026/05/29 08:24:55.829, 2624 MiB
2026/05/29 08:24:56.830, 6284 MiB
2026/05/29 08:24:57.830, 6284 MiB
2026/05/29 08:24:58.831, 6284 MiB
2026/05/29 08:24:59.831, 8664 MiB
2026/05/29 08:25:00.831, 2624 MiB
2026/05/29 08:25:01.831, 2624 MiB
2026/05/29 08:25:02.832, 2624 MiB
2026/05/29 08:25:03.832, 2624 MiB
2026/05/29 08:25:04.832, 2624 MiB
2026/05/29 08:25:05.833, 2624 MiB
2026/05/29 08:25:06.833, 2624 MiB
2026/05/29 08:25:07.878, 2624 MiB
2026/05/29 08:25:08.878, 2624 MiB
2026/05/29 08:25:09.878, 2624 MiB
2026/05/29 08:25:10.879, 2624 MiB
2026/05/29 08:25:11.879, 2624 MiB
2026/05/29 08:25:12.880, 2624 MiB
2026/05/29 08:25:13.880, 2624 MiB
2026/05/29 08:25:14.881, 2624 MiB
2026/05/29 08:25:15.882, 2624 MiB
2026/05/29 08:25:16.882, 2624 MiB
2026/05/29 08:25:17.882, 2624 MiB
2026/05/29 08:25:18.882, 2624 MiB
2026/05/29 08:25:19.883, 2624 MiB
2026/05/29 08:25:20.883, 2624 MiB
2026/05/29 08:25:21.883, 2624 MiB
2026/05/29 08:25:22.885, 2624 MiB
2026/05/29 08:25:23.886, 2624 MiB
2026/05/29 08:25:24.886, 2624 MiB
2026/05/29 08:25:25.887, 2624 MiB
2026/05/29 08:25:26.887, 2624 MiB
2026/05/29 08:25:27.887, 2624 MiB
2026/05/29 08:25:28.888, 2624 MiB
2026/05/29 08:25:29.888, 2624 MiB
2026/05/29 08:25:30.888, 2624 MiB
2026/05/29 08:25:31.889, 2624 MiB
2026/05/29 08:25:32.890, 2624 MiB
2026/05/29 08:25:33.890, 2624 MiB
2026/05/29 08:25:34.890, 2624 MiB
2026/05/29 08:25:35.891, 2624 MiB
2026/05/29 08:25:36.891, 2624 MiB
2026/05/29 08:25:37.891, 2624 MiB
2026/05/29 08:25:38.892, 2624 MiB
2026/05/29 08:25:39.892, 6284 MiB
2026/05/29 08:25:40.892, 6284 MiB
2026/05/29 08:25:41.892, 8844 MiB
2026/05/29 08:25:42.893, 2624 MiB
2026/05/29 08:25:43.893, 2624 MiB
2026/05/29 08:25:44.893, 2624 MiB
2026/05/29 08:25:45.894, 2624 MiB
2026/05/29 08:25:46.894, 2624 MiB
2026/05/29 08:25:47.894, 2624 MiB
2026/05/29 08:25:48.894, 2624 MiB
2026/05/29 08:25:49.895, 2624 MiB
2026/05/29 08:25:50.895, 2624 MiB
2026/05/29 08:25:51.895, 2624 MiB
2026/05/29 08:25:52.895, 2624 MiB
2026/05/29 08:25:53.896, 2624 MiB
2026/05/29 08:25:54.896, 2624 MiB
2026/05/29 08:25:55.896, 2624 MiB
2026/05/29 08:25:56.897, 2624 MiB
2026/05/29 08:25:57.897, 2624 MiB
2026/05/29 08:25:58.897, 2624 MiB
2026/05/29 08:25:59.898, 2624 MiB
2026/05/29 08:26:00.899, 2624 MiB
2026/05/29 08:26:01.899, 2624 MiB
2026/05/29 08:26:02.899, 2624 MiB
2026/05/29 08:26:03.900, 2624 MiB
2026/05/29 08:26:04.903, 2624 MiB
2026/05/29 08:26:05.903, 2624 MiB
2026/05/29 08:26:06.903, 2624 MiB
2026/05/29 08:26:07.903, 2624 MiB
2026/05/29 08:26:08.904, 2624 MiB
2026/05/29 08:26:09.905, 2624 MiB
2026/05/29 08:26:10.905, 2624 MiB
2026/05/29 08:26:11.905, 2624 MiB
2026/05/29 08:26:12.905, 2624 MiB
2026/05/29 08:26:13.906, 2624 MiB
2026/05/29 08:26:14.906, 2624 MiB
2026/05/29 08:26:15.907, 2624 MiB
2026/05/29 08:26:16.907, 2624 MiB
2026/05/29 08:26:17.907, 2624 MiB
2026/05/29 08:26:18.908, 2624 MiB
2026/05/29 08:26:19.909, 2624 MiB
2026/05/29 08:26:20.909, 2624 MiB
2026/05/29 08:26:21.909, 2624 MiB
2026/05/29 08:26:22.909, 2824 MiB
2026/05/29 08:26:23.910, 6284 MiB
2026/05/29 08:26:24.910, 6284 MiB
2026/05/29 08:26:25.910, 6284 MiB
2026/05/29 08:26:26.910, 6144 MiB
2026/05/29 08:26:27.911, 2624 MiB
2026/05/29 08:26:28.911, 2624 MiB
2026/05/29 08:26:29.911, 2624 MiB
2026/05/29 08:26:30.911, 2624 MiB
2026/05/29 08:26:31.912, 2624 MiB
2026/05/29 08:26:32.912, 2624 MiB
2026/05/29 08:26:33.912, 2624 MiB
2026/05/29 08:26:34.913, 2624 MiB
2026/05/29 08:26:35.913, 2624 MiB
2026/05/29 08:26:36.913, 2624 MiB
2026/05/29 08:26:37.913, 2624 MiB
2026/05/29 08:26:38.914, 2624 MiB
2026/05/29 08:26:39.915, 2624 MiB
2026/05/29 08:26:40.916, 2624 MiB
2026/05/29 08:26:41.916, 2624 MiB
2026/05/29 08:26:42.916, 2624 MiB
2026/05/29 08:26:43.917, 2624 MiB
2026/05/29 08:26:44.917, 2624 MiB
2026/05/29 08:26:45.917, 2624 MiB
2026/05/29 08:26:46.917, 2624 MiB
2026/05/29 08:26:47.918, 2624 MiB
2026/05/29 08:26:48.919, 2624 MiB
2026/05/29 08:26:49.919, 2624 MiB
2026/05/29 08:26:50.919, 2624 MiB
2026/05/29 08:26:51.920, 2624 MiB
2026/05/29 08:26:52.920, 2624 MiB
2026/05/29 08:26:53.920, 2624 MiB
2026/05/29 08:26:54.921, 2624 MiB
2026/05/29 08:26:55.921, 2624 MiB
2026/05/29 08:26:56.922, 2624 MiB
2026/05/29 08:26:57.922, 2624 MiB
2026/05/29 08:26:58.947, 2624 MiB
2026/05/29 08:26:59.947, 2624 MiB
2026/05/29 08:27:00.949, 2624 MiB
2026/05/29 08:27:01.949, 2624 MiB
2026/05/29 08:27:02.949, 2624 MiB
2026/05/29 08:27:03.949, 2624 MiB
2026/05/29 08:27:04.950, 2624 MiB
2026/05/29 08:27:05.950, 2624 MiB
2026/05/29 08:27:06.951, 6284 MiB
2026/05/29 08:27:07.951, 6284 MiB
2026/05/29 08:27:08.951, 6284 MiB
2026/05/29 08:27:09.951, 6704 MiB
2026/05/29 08:27:10.952, 2644 MiB
2026/05/29 08:27:11.952, 2644 MiB
2026/05/29 08:27:12.952, 2644 MiB
2026/05/29 08:27:13.953, 2644 MiB
2026/05/29 08:27:14.953, 2644 MiB
2026/05/29 08:27:15.953, 2644 MiB
2026/05/29 08:27:16.954, 2644 MiB
2026/05/29 08:27:17.954, 2644 MiB
2026/05/29 08:27:18.954, 2644 MiB
2026/05/29 08:27:19.954, 2644 MiB
2026/05/29 08:27:20.955, 2644 MiB
2026/05/29 08:27:21.955, 2644 MiB
2026/05/29 08:27:22.955, 2644 MiB
2026/05/29 08:27:23.956, 2644 MiB
2026/05/29 08:27:24.956, 2644 MiB
2026/05/29 08:27:25.956, 2644 MiB
2026/05/29 08:27:26.957, 2644 MiB
2026/05/29 08:27:27.957, 2648 MiB
2026/05/29 08:27:28.957, 2648 MiB
2026/05/29 08:27:29.958, 2648 MiB
2026/05/29 08:27:30.959, 2648 MiB
2026/05/29 08:27:31.959, 2648 MiB
2026/05/29 08:27:32.960, 2648 MiB
2026/05/29 08:27:33.961, 2648 MiB
2026/05/29 08:27:34.961, 2653 MiB
2026/05/29 08:27:35.961, 2649 MiB
2026/05/29 08:27:36.961, 2648 MiB
2026/05/29 08:27:37.962, 2648 MiB
2026/05/29 08:27:38.962, 2648 MiB
2026/05/29 08:27:39.962, 2648 MiB
2026/05/29 08:27:40.975, 2648 MiB
2026/05/29 08:27:41.975, 2648 MiB
2026/05/29 08:27:42.976, 2648 MiB
2026/05/29 08:27:43.976, 2648 MiB
2026/05/29 08:27:44.977, 2648 MiB
2026/05/29 08:27:45.977, 2648 MiB
2026/05/29 08:27:46.977, 2648 MiB
2026/05/29 08:27:47.977, 2648 MiB
2026/05/29 08:27:48.978, 2648 MiB
2026/05/29 08:27:49.978, 2648 MiB
2026/05/29 08:27:50.978, 6308 MiB
2026/05/29 08:27:51.979, 6308 MiB
2026/05/29 08:27:52.979, 2628 MiB
2026/05/29 08:27:53.980, 2627 MiB
2026/05/29 08:27:54.980, 2623 MiB
2026/05/29 08:27:55.980, 2623 MiB
2026/05/29 08:27:56.981, 2623 MiB
2026/05/29 08:27:57.981, 2623 MiB
2026/05/29 08:27:58.981, 2623 MiB
2026/05/29 08:27:59.982, 2623 MiB
2026/05/29 08:28:00.982, 2623 MiB
2026/05/29 08:28:01.982, 2623 MiB
2026/05/29 08:28:02.982, 2623 MiB
2026/05/29 08:28:03.983, 2623 MiB
2026/05/29 08:28:04.983, 2623 MiB
2026/05/29 08:28:05.983, 2623 MiB
2026/05/29 08:28:06.984, 2623 MiB
2026/05/29 08:28:07.984, 2623 MiB
2026/05/29 08:28:08.984, 2623 MiB
2026/05/29 08:28:09.985, 2623 MiB
2026/05/29 08:28:10.985, 2623 MiB
2026/05/29 08:28:11.985, 2623 MiB
2026/05/29 08:28:12.985, 2623 MiB
2026/05/29 08:28:13.987, 2623 MiB
2026/05/29 08:28:14.989, 2623 MiB
2026/05/29 08:28:15.990, 2623 MiB
2026/05/29 08:28:16.990, 2623 MiB
2026/05/29 08:28:17.995, 2623 MiB
2026/05/29 08:28:18.995, 2623 MiB
2026/05/29 08:28:19.995, 2623 MiB
2026/05/29 08:28:20.996, 2623 MiB
2026/05/29 08:28:21.996, 2623 MiB
2026/05/29 08:28:22.996, 2623 MiB
2026/05/29 08:28:23.996, 2623 MiB
2026/05/29 08:28:24.997, 2623 MiB
2026/05/29 08:28:25.997, 2623 MiB
2026/05/29 08:28:26.997, 2623 MiB
2026/05/29 08:28:27.998, 2623 MiB
2026/05/29 08:28:28.998, 2623 MiB
2026/05/29 08:28:29.999, 2623 MiB
2026/05/29 08:28:31.000, 2623 MiB
2026/05/29 08:28:32.000, 2823 MiB
2026/05/29 08:28:33.000, 6283 MiB
2026/05/29 08:28:34.001, 6283 MiB
2026/05/29 08:28:35.001, 6283 MiB
2026/05/29 08:28:36.001, 2643 MiB
2026/05/29 08:28:37.001, 2643 MiB
2026/05/29 08:28:38.002, 2643 MiB
2026/05/29 08:28:39.002, 2643 MiB
2026/05/29 08:28:40.002, 2643 MiB
2026/05/29 08:28:41.002, 2643 MiB
2026/05/29 08:28:42.007, 2643 MiB
2026/05/29 08:28:43.030, 2643 MiB
2026/05/29 08:28:44.031, 2643 MiB
2026/05/29 08:28:45.031, 2643 MiB
2026/05/29 08:28:46.031, 2643 MiB
2026/05/29 08:28:47.031, 2643 MiB
2026/05/29 08:28:48.032, 2643 MiB
2026/05/29 08:28:49.032, 2643 MiB
2026/05/29 08:28:50.032, 2643 MiB
2026/05/29 08:28:51.032, 2643 MiB
2026/05/29 08:28:52.033, 2643 MiB
2026/05/29 08:28:53.033, 2643 MiB
2026/05/29 08:28:54.033, 2643 MiB
2026/05/29 08:28:55.033, 2643 MiB
2026/05/29 08:28:56.034, 2643 MiB
2026/05/29 08:28:57.037, 2643 MiB
2026/05/29 08:28:58.038, 2643 MiB
2026/05/29 08:28:59.039, 2643 MiB
2026/05/29 08:29:00.039, 2643 MiB
2026/05/29 08:29:01.039, 2643 MiB
2026/05/29 08:29:02.039, 2643 MiB
2026/05/29 08:29:03.040, 2643 MiB
2026/05/29 08:29:04.040, 2643 MiB
2026/05/29 08:29:05.040, 2643 MiB
2026/05/29 08:29:06.040, 2648 MiB
2026/05/29 08:29:07.042, 2648 MiB
2026/05/29 08:29:08.042, 2648 MiB
2026/05/29 08:29:09.042, 2648 MiB
2026/05/29 08:29:10.042, 2648 MiB
2026/05/29 08:29:11.043, 2648 MiB
2026/05/29 08:29:12.044, 2648 MiB
2026/05/29 08:29:13.044, 2648 MiB
2026/05/29 08:29:14.044, 2648 MiB
2026/05/29 08:29:15.045, 2648 MiB
2026/05/29 08:29:16.045, 6008 MiB
2026/05/29 08:29:17.045, 6008 MiB
2026/05/29 08:29:18.046, 6008 MiB
2026/05/29 08:29:19.046, 6308 MiB
2026/05/29 08:29:20.046, 2647 MiB
2026/05/29 08:29:21.046, 2643 MiB
2026/05/29 08:29:22.047, 2640 MiB
2026/05/29 08:29:23.047, 2640 MiB
2026/05/29 08:29:24.047, 2640 MiB
2026/05/29 08:29:25.047, 2648 MiB
2026/05/29 08:29:26.048, 2648 MiB
2026/05/29 08:29:27.096, 2648 MiB
2026/05/29 08:29:28.097, 2648 MiB
2026/05/29 08:29:29.097, 2648 MiB
2026/05/29 08:29:30.097, 2648 MiB
2026/05/29 08:29:31.098, 2648 MiB
2026/05/29 08:29:32.099, 2648 MiB
2026/05/29 08:29:33.100, 2648 MiB
2026/05/29 08:29:34.100, 2648 MiB
2026/05/29 08:29:35.100, 2648 MiB
2026/05/29 08:29:36.100, 2648 MiB
2026/05/29 08:29:37.101, 2648 MiB
2026/05/29 08:29:38.101, 2648 MiB
2026/05/29 08:29:39.101, 2648 MiB
2026/05/29 08:29:40.103, 2648 MiB
2026/05/29 08:29:41.103, 2648 MiB
2026/05/29 08:29:42.103, 2648 MiB
2026/05/29 08:29:43.103, 2648 MiB
2026/05/29 08:29:44.104, 2648 MiB
2026/05/29 08:29:45.104, 2648 MiB
2026/05/29 08:29:46.104, 2647 MiB
2026/05/29 08:29:47.105, 2644 MiB
2026/05/29 08:29:48.106, 2645 MiB
2026/05/29 08:29:49.106, 2645 MiB
2026/05/29 08:29:50.106, 2645 MiB
2026/05/29 08:29:51.107, 2645 MiB
2026/05/29 08:29:52.107, 2645 MiB
2026/05/29 08:29:53.107, 2645 MiB
2026/05/29 08:29:54.109, 2645 MiB
2026/05/29 08:29:55.109, 2645 MiB
2026/05/29 08:29:56.111, 2645 MiB
2026/05/29 08:29:57.115, 2645 MiB
2026/05/29 08:29:58.133, 2648 MiB
2026/05/29 08:29:59.133, 2848 MiB
2026/05/29 08:30:00.134, 6308 MiB
2026/05/29 08:30:01.134, 6308 MiB
2026/05/29 08:30:02.134, 6308 MiB
2026/05/29 08:30:03.135, 2647 MiB
2026/05/29 08:30:04.135, 2643 MiB
2026/05/29 08:30:05.135, 2643 MiB
2026/05/29 08:30:06.136, 2643 MiB
2026/05/29 08:30:07.136, 2643 MiB
2026/05/29 08:30:08.136, 2643 MiB
2026/05/29 08:30:09.136, 2643 MiB
2026/05/29 08:30:10.138, 2643 MiB
2026/05/29 08:30:11.139, 2643 MiB
2026/05/29 08:30:12.139, 2643 MiB
2026/05/29 08:30:13.139, 2643 MiB
2026/05/29 08:30:14.140, 2643 MiB
2026/05/29 08:30:15.140, 2643 MiB
2026/05/29 08:30:16.149, 2643 MiB
2026/05/29 08:30:17.149, 2643 MiB
2026/05/29 08:30:18.150, 2643 MiB
2026/05/29 08:30:19.150, 2643 MiB
2026/05/29 08:30:20.152, 2643 MiB
2026/05/29 08:30:21.152, 2643 MiB
2026/05/29 08:30:22.153, 2643 MiB
2026/05/29 08:30:23.153, 2643 MiB
2026/05/29 08:30:24.153, 2643 MiB
2026/05/29 08:30:25.154, 2643 MiB
2026/05/29 08:30:26.157, 2643 MiB
2026/05/29 08:30:27.157, 2643 MiB
2026/05/29 08:30:28.157, 2643 MiB
2026/05/29 08:30:29.166, 2643 MiB
2026/05/29 08:30:30.171, 2643 MiB
2026/05/29 08:30:31.180, 2643 MiB
2026/05/29 08:30:32.181, 2643 MiB
2026/05/29 08:30:33.182, 2643 MiB
2026/05/29 08:30:34.182, 2643 MiB
2026/05/29 08:30:35.182, 2643 MiB
2026/05/29 08:30:36.183, 2643 MiB
2026/05/29 08:30:37.184, 2643 MiB
2026/05/29 08:30:38.184, 2643 MiB
2026/05/29 08:30:39.184, 2643 MiB
2026/05/29 08:30:40.184, 2643 MiB
2026/05/29 08:30:41.185, 2643 MiB
2026/05/29 08:30:42.186, 2643 MiB
2026/05/29 08:30:43.186, 6303 MiB
2026/05/29 08:30:44.186, 6303 MiB
2026/05/29 08:30:45.187, 8723 MiB
2026/05/29 08:30:46.187, 2623 MiB
2026/05/29 08:30:47.187, 2623 MiB
2026/05/29 08:30:48.187, 2623 MiB
2026/05/29 08:30:49.188, 2623 MiB
2026/05/29 08:30:50.188, 2623 MiB
2026/05/29 08:30:51.188, 2623 MiB
2026/05/29 08:30:52.188, 2623 MiB
2026/05/29 08:30:53.189, 2623 MiB
2026/05/29 08:30:54.189, 2623 MiB
2026/05/29 08:30:55.189, 2620 MiB
2026/05/29 08:30:56.189, 2620 MiB
2026/05/29 08:30:57.190, 2625 MiB
2026/05/29 08:30:58.190, 2625 MiB
2026/05/29 08:30:59.190, 2625 MiB
2026/05/29 08:31:00.190, 2625 MiB
2026/05/29 08:31:01.191, 2625 MiB
2026/05/29 08:31:02.191, 2628 MiB
2026/05/29 08:31:03.191, 2628 MiB
2026/05/29 08:31:04.191, 2628 MiB
2026/05/29 08:31:05.192, 2628 MiB
2026/05/29 08:31:06.192, 2628 MiB
2026/05/29 08:31:07.192, 2628 MiB
2026/05/29 08:31:08.194, 2628 MiB
2026/05/29 08:31:09.195, 2628 MiB
2026/05/29 08:31:10.195, 2628 MiB
2026/05/29 08:31:11.195, 2628 MiB
2026/05/29 08:31:12.196, 2628 MiB
2026/05/29 08:31:13.199, 2628 MiB
2026/05/29 08:31:14.203, 2628 MiB
2026/05/29 08:31:15.207, 2628 MiB
2026/05/29 08:31:16.208, 2628 MiB
2026/05/29 08:31:17.208, 2628 MiB
2026/05/29 08:31:18.208, 2628 MiB
2026/05/29 08:31:19.209, 2628 MiB
2026/05/29 08:31:20.209, 2628 MiB
2026/05/29 08:31:21.211, 2628 MiB
2026/05/29 08:31:22.211, 2628 MiB
2026/05/29 08:31:23.211, 2628 MiB
2026/05/29 08:31:24.212, 2628 MiB
2026/05/29 08:31:25.212, 6288 MiB
2026/05/29 08:31:26.212, 6288 MiB
2026/05/29 08:31:27.212, 6288 MiB
2026/05/29 08:31:28.213, 8947 MiB
2026/05/29 08:31:29.213, 2627 MiB
2026/05/29 08:31:30.213, 2623 MiB
2026/05/29 08:31:31.213, 2623 MiB
2026/05/29 08:31:32.214, 2623 MiB
2026/05/29 08:31:33.214, 2623 MiB
2026/05/29 08:31:34.214, 2623 MiB
2026/05/29 08:31:35.214, 2623 MiB
2026/05/29 08:31:36.215, 2623 MiB
2026/05/29 08:31:37.215, 2623 MiB
2026/05/29 08:31:38.215, 2623 MiB
2026/05/29 08:31:39.215, 2623 MiB
2026/05/29 08:31:40.216, 2623 MiB
2026/05/29 08:31:41.216, 2623 MiB
2026/05/29 08:31:42.216, 2623 MiB
2026/05/29 08:31:43.218, 2623 MiB
2026/05/29 08:31:44.218, 2623 MiB
2026/05/29 08:31:45.219, 2623 MiB
2026/05/29 08:31:46.221, 2623 MiB
2026/05/29 08:31:47.221, 2623 MiB
2026/05/29 08:31:48.227, 2623 MiB
2026/05/29 08:31:49.228, 2623 MiB
2026/05/29 08:31:50.228, 2623 MiB
2026/05/29 08:31:51.254, 2623 MiB
2026/05/29 08:31:52.255, 2623 MiB
2026/05/29 08:31:53.256, 2623 MiB
2026/05/29 08:31:54.256, 2623 MiB
2026/05/29 08:31:55.256, 2623 MiB
2026/05/29 08:31:56.256, 2623 MiB
2026/05/29 08:31:57.257, 2623 MiB
2026/05/29 08:31:58.257, 2623 MiB
2026/05/29 08:31:59.257, 2623 MiB
2026/05/29 08:32:00.258, 2623 MiB
2026/05/29 08:32:01.258, 2623 MiB
2026/05/29 08:32:02.260, 2623 MiB
2026/05/29 08:32:03.260, 2623 MiB
2026/05/29 08:32:04.260, 2623 MiB
2026/05/29 08:32:05.261, 2623 MiB
2026/05/29 08:32:06.261, 2623 MiB
2026/05/29 08:32:07.261, 2803 MiB
2026/05/29 08:32:08.261, 6283 MiB
2026/05/29 08:32:09.262, 6283 MiB
2026/05/29 08:32:10.262, 6283 MiB
2026/05/29 08:32:11.262, 2623 MiB
2026/05/29 08:32:12.262, 2623 MiB
2026/05/29 08:32:13.263, 2623 MiB
2026/05/29 08:32:14.263, 2623 MiB
2026/05/29 08:32:15.263, 2623 MiB
2026/05/29 08:32:16.263, 2623 MiB
2026/05/29 08:32:17.264, 2623 MiB
2026/05/29 08:32:18.264, 2623 MiB
2026/05/29 08:32:19.264, 2623 MiB
2026/05/29 08:32:20.264, 2623 MiB
2026/05/29 08:32:21.265, 2623 MiB
2026/05/29 08:32:22.265, 2623 MiB
2026/05/29 08:32:23.265, 2623 MiB
2026/05/29 08:32:24.265, 2623 MiB
2026/05/29 08:32:25.266, 2623 MiB
2026/05/29 08:32:26.266, 2623 MiB
2026/05/29 08:32:27.266, 2623 MiB
2026/05/29 08:32:28.267, 2623 MiB
2026/05/29 08:32:29.267, 2623 MiB
2026/05/29 08:32:30.274, 2623 MiB
2026/05/29 08:32:31.274, 2623 MiB
2026/05/29 08:32:32.275, 2623 MiB
2026/05/29 08:32:33.275, 2623 MiB
2026/05/29 08:32:34.275, 2623 MiB
2026/05/29 08:32:35.276, 2623 MiB
2026/05/29 08:32:36.276, 2623 MiB
2026/05/29 08:32:37.276, 2623 MiB
2026/05/29 08:32:38.277, 2623 MiB
2026/05/29 08:32:39.277, 2623 MiB
2026/05/29 08:32:40.279, 2623 MiB
2026/05/29 08:32:41.279, 2623 MiB
2026/05/29 08:32:42.279, 2623 MiB
2026/05/29 08:32:43.280, 2623 MiB
2026/05/29 08:32:44.280, 2623 MiB
2026/05/29 08:32:45.280, 2623 MiB
2026/05/29 08:32:46.280, 2623 MiB
2026/05/29 08:32:47.281, 2623 MiB
2026/05/29 08:32:48.281, 2623 MiB
2026/05/29 08:32:49.281, 2623 MiB
2026/05/29 08:32:50.281, 2643 MiB
2026/05/29 08:32:51.281, 6283 MiB
2026/05/29 08:32:52.282, 6283 MiB
2026/05/29 08:32:53.282, 7543 MiB
2026/05/29 08:32:54.282, 2623 MiB
2026/05/29 08:32:55.282, 2620 MiB
2026/05/29 08:32:56.287, 2628 MiB
2026/05/29 08:32:57.303, 2628 MiB
2026/05/29 08:32:58.303, 2628 MiB
2026/05/29 08:32:59.303, 2628 MiB
2026/05/29 08:33:00.304, 2628 MiB
2026/05/29 08:33:01.304, 2628 MiB
2026/05/29 08:33:02.304, 2628 MiB
2026/05/29 08:33:03.304, 2628 MiB
2026/05/29 08:33:04.305, 2628 MiB
2026/05/29 08:33:05.305, 2628 MiB
2026/05/29 08:33:06.305, 2628 MiB
2026/05/29 08:33:07.305, 2628 MiB
2026/05/29 08:33:08.306, 2627 MiB
2026/05/29 08:33:09.306, 2628 MiB
2026/05/29 08:33:10.306, 2628 MiB
2026/05/29 08:33:11.307, 2628 MiB
2026/05/29 08:33:12.308, 2628 MiB
2026/05/29 08:33:13.308, 2628 MiB
2026/05/29 08:33:14.318, 2628 MiB
2026/05/29 08:33:15.318, 2628 MiB
2026/05/29 08:33:16.324, 2628 MiB
2026/05/29 08:33:17.325, 2628 MiB
2026/05/29 08:33:18.325, 2628 MiB
2026/05/29 08:33:19.325, 2628 MiB
2026/05/29 08:33:20.326, 2628 MiB
2026/05/29 08:33:21.326, 2628 MiB
2026/05/29 08:33:22.326, 2628 MiB
2026/05/29 08:33:23.326, 2628 MiB
2026/05/29 08:33:24.327, 2628 MiB
2026/05/29 08:33:25.328, 2628 MiB
2026/05/29 08:33:26.328, 2628 MiB
2026/05/29 08:33:27.328, 2628 MiB
2026/05/29 08:33:28.329, 2628 MiB
2026/05/29 08:33:29.330, 2628 MiB
2026/05/29 08:33:30.331, 2628 MiB
2026/05/29 08:33:31.331, 2628 MiB
2026/05/29 08:33:32.333, 2628 MiB
2026/05/29 08:33:33.333, 2628 MiB
2026/05/29 08:33:34.335, 2628 MiB
2026/05/29 08:33:35.335, 6288 MiB
2026/05/29 08:33:36.335, 6288 MiB
2026/05/29 08:33:37.336, 5528 MiB
2026/05/29 08:33:38.336, 2648 MiB
2026/05/29 08:33:39.337, 2647 MiB
2026/05/29 08:33:40.367, 2643 MiB
2026/05/29 08:33:41.367, 2643 MiB
2026/05/29 08:33:42.368, 2643 MiB
2026/05/29 08:33:43.368, 2643 MiB
2026/05/29 08:33:44.368, 2643 MiB
2026/05/29 08:33:45.368, 2643 MiB
2026/05/29 08:33:46.369, 2643 MiB
2026/05/29 08:33:47.369, 2643 MiB
2026/05/29 08:33:48.370, 2643 MiB
2026/05/29 08:33:49.370, 2643 MiB
2026/05/29 08:33:50.370, 2643 MiB
2026/05/29 08:33:51.370, 2643 MiB
2026/05/29 08:33:52.371, 2643 MiB
2026/05/29 08:33:53.373, 2643 MiB
2026/05/29 08:33:54.373, 2643 MiB
2026/05/29 08:33:55.374, 2643 MiB
2026/05/29 08:33:56.375, 2643 MiB
2026/05/29 08:33:57.376, 2643 MiB
2026/05/29 08:33:58.376, 2643 MiB
2026/05/29 08:33:59.377, 2643 MiB
2026/05/29 08:34:00.378, 2643 MiB
2026/05/29 08:34:01.378, 2643 MiB
2026/05/29 08:34:02.380, 2643 MiB
2026/05/29 08:34:03.380, 2643 MiB
2026/05/29 08:34:04.380, 2643 MiB
2026/05/29 08:34:05.381, 2643 MiB
2026/05/29 08:34:06.381, 2643 MiB
2026/05/29 08:34:07.381, 2643 MiB
2026/05/29 08:34:08.381, 2643 MiB
2026/05/29 08:34:09.383, 2643 MiB
2026/05/29 08:34:10.383, 2643 MiB
2026/05/29 08:34:11.387, 2643 MiB
2026/05/29 08:34:12.395, 2643 MiB
2026/05/29 08:34:13.395, 2643 MiB
2026/05/29 08:34:14.395, 2643 MiB
2026/05/29 08:34:15.395, 2643 MiB
2026/05/29 08:34:16.396, 2643 MiB
2026/05/29 08:34:17.396, 6303 MiB
2026/05/29 08:34:18.396, 6303 MiB
2026/05/29 08:34:19.396, 6303 MiB
2026/05/29 08:34:20.397, 6303 MiB
2026/05/29 08:34:21.397, 2643 MiB
2026/05/29 08:34:22.397, 2643 MiB
2026/05/29 08:34:23.397, 2643 MiB
2026/05/29 08:34:24.415, 2643 MiB
2026/05/29 08:34:25.415, 2643 MiB
2026/05/29 08:34:26.416, 2643 MiB
2026/05/29 08:34:27.416, 2643 MiB
2026/05/29 08:34:28.416, 2643 MiB
2026/05/29 08:34:29.417, 2643 MiB
2026/05/29 08:34:30.417, 2643 MiB
2026/05/29 08:34:31.417, 2643 MiB
2026/05/29 08:34:32.417, 2643 MiB
2026/05/29 08:34:33.418, 2643 MiB
2026/05/29 08:34:34.420, 2643 MiB
2026/05/29 08:34:35.420, 2643 MiB
2026/05/29 08:34:36.420, 2643 MiB
2026/05/29 08:34:37.421, 2643 MiB
2026/05/29 08:34:38.421, 2643 MiB
2026/05/29 08:34:39.422, 2643 MiB
2026/05/29 08:34:40.422, 2643 MiB
2026/05/29 08:34:41.422, 2643 MiB
2026/05/29 08:34:42.422, 2643 MiB
2026/05/29 08:34:43.423, 2643 MiB
2026/05/29 08:34:44.423, 2643 MiB
2026/05/29 08:34:45.423, 2643 MiB
2026/05/29 08:34:46.423, 2643 MiB
2026/05/29 08:34:47.424, 2643 MiB
2026/05/29 08:34:48.424, 2643 MiB
2026/05/29 08:34:49.424, 2643 MiB
2026/05/29 08:34:50.425, 2643 MiB
2026/05/29 08:34:51.425, 2643 MiB
2026/05/29 08:34:52.425, 2643 MiB
2026/05/29 08:34:53.426, 2643 MiB
2026/05/29 08:34:54.427, 2643 MiB
2026/05/29 08:34:55.428, 2643 MiB
2026/05/29 08:34:56.429, 2643 MiB
2026/05/29 08:34:57.429, 2643 MiB
2026/05/29 08:34:58.429, 2643 MiB
2026/05/29 08:34:59.430, 2643 MiB
2026/05/29 08:35:00.430, 6303 MiB
2026/05/29 08:35:01.431, 6303 MiB
2026/05/29 08:35:02.431, 6303 MiB
2026/05/29 08:35:03.431, 2643 MiB
2026/05/29 08:35:04.432, 2643 MiB
2026/05/29 08:35:05.432, 2643 MiB
2026/05/29 08:35:06.432, 2643 MiB
2026/05/29 08:35:07.433, 2643 MiB
2026/05/29 08:35:08.433, 2643 MiB
2026/05/29 08:35:09.433, 2643 MiB
2026/05/29 08:35:10.434, 2643 MiB
2026/05/29 08:35:11.434, 2643 MiB
2026/05/29 08:35:12.434, 2643 MiB
2026/05/29 08:35:13.434, 2643 MiB
2026/05/29 08:35:14.435, 2643 MiB
2026/05/29 08:35:15.435, 2643 MiB
2026/05/29 08:35:16.436, 2643 MiB
2026/05/29 08:35:17.436, 2643 MiB
2026/05/29 08:35:18.437, 2643 MiB
2026/05/29 08:35:19.438, 2643 MiB
2026/05/29 08:35:20.438, 2643 MiB
2026/05/29 08:35:21.438, 2643 MiB
2026/05/29 08:35:22.439, 2643 MiB
2026/05/29 08:35:23.439, 2643 MiB
2026/05/29 08:35:24.440, 2643 MiB
2026/05/29 08:35:25.441, 2643 MiB
2026/05/29 08:35:26.442, 2643 MiB
2026/05/29 08:35:27.442, 2643 MiB
2026/05/29 08:35:28.443, 2643 MiB
2026/05/29 08:35:29.443, 2643 MiB
2026/05/29 08:35:30.443, 2643 MiB
2026/05/29 08:35:31.444, 2643 MiB
2026/05/29 08:35:32.444, 2643 MiB
2026/05/29 08:35:33.445, 2643 MiB
2026/05/29 08:35:34.445, 2643 MiB
2026/05/29 08:35:35.445, 2643 MiB
2026/05/29 08:35:36.446, 2643 MiB
2026/05/29 08:35:37.446, 2643 MiB
2026/05/29 08:35:38.447, 2643 MiB
2026/05/29 08:35:39.448, 2643 MiB
2026/05/29 08:35:40.448, 2643 MiB
2026/05/29 08:35:41.469, 2643 MiB
2026/05/29 08:35:42.469, 2643 MiB
2026/05/29 08:35:43.469, 6303 MiB
2026/05/29 08:35:44.470, 6303 MiB
2026/05/29 08:35:45.470, 6303 MiB
2026/05/29 08:35:46.471, 3923 MiB
2026/05/29 08:35:47.471, 2643 MiB
2026/05/29 08:35:48.471, 2643 MiB
2026/05/29 08:35:49.471, 2643 MiB
2026/05/29 08:35:50.472, 2643 MiB
2026/05/29 08:35:51.472, 2643 MiB
2026/05/29 08:35:52.472, 2643 MiB
2026/05/29 08:35:53.473, 2643 MiB
2026/05/29 08:35:54.473, 2643 MiB
2026/05/29 08:35:55.473, 2643 MiB
2026/05/29 08:35:56.473, 2643 MiB
2026/05/29 08:35:57.479, 2643 MiB
2026/05/29 08:35:58.530, 2643 MiB
2026/05/29 08:35:59.530, 2643 MiB
2026/05/29 08:36:00.530, 2643 MiB
2026/05/29 08:36:01.531, 2643 MiB
2026/05/29 08:36:02.531, 2643 MiB
2026/05/29 08:36:03.532, 2643 MiB
2026/05/29 08:36:04.532, 2643 MiB
2026/05/29 08:36:05.533, 2643 MiB
2026/05/29 08:36:06.534, 2643 MiB
2026/05/29 08:36:07.535, 2643 MiB
2026/05/29 08:36:08.535, 2643 MiB
2026/05/29 08:36:09.536, 2643 MiB
2026/05/29 08:36:10.537, 2643 MiB
2026/05/29 08:36:11.538, 2643 MiB
2026/05/29 08:36:12.538, 2643 MiB
2026/05/29 08:36:13.544, 2643 MiB
2026/05/29 08:36:14.544, 2643 MiB
2026/05/29 08:36:15.545, 2643 MiB
2026/05/29 08:36:16.545, 2643 MiB
2026/05/29 08:36:17.546, 2643 MiB
2026/05/29 08:36:18.546, 2643 MiB
2026/05/29 08:36:19.547, 2643 MiB
2026/05/29 08:36:20.548, 2643 MiB
2026/05/29 08:36:21.548, 2643 MiB
2026/05/29 08:36:22.548, 2643 MiB
2026/05/29 08:36:23.548, 2643 MiB
2026/05/29 08:36:24.549, 2643 MiB
2026/05/29 08:36:25.549, 2643 MiB
2026/05/29 08:36:26.549, 6043 MiB
2026/05/29 08:36:27.549, 6043 MiB
2026/05/29 08:36:28.550, 6043 MiB
2026/05/29 08:36:29.550, 8963 MiB
2026/05/29 08:36:30.551, 2623 MiB
2026/05/29 08:36:31.551, 2623 MiB
2026/05/29 08:36:32.551, 2623 MiB
2026/05/29 08:36:33.551, 2623 MiB
2026/05/29 08:36:34.552, 2623 MiB
2026/05/29 08:36:35.552, 2623 MiB
2026/05/29 08:36:36.552, 2623 MiB
2026/05/29 08:36:37.552, 2623 MiB
2026/05/29 08:36:38.553, 2623 MiB
2026/05/29 08:36:39.553, 2623 MiB
2026/05/29 08:36:40.553, 2623 MiB
2026/05/29 08:36:41.554, 2623 MiB
2026/05/29 08:36:42.554, 2623 MiB
2026/05/29 08:36:43.555, 2623 MiB
2026/05/29 08:36:44.555, 2623 MiB
2026/05/29 08:36:45.575, 2623 MiB
2026/05/29 08:36:46.575, 2623 MiB
2026/05/29 08:36:47.577, 2623 MiB
2026/05/29 08:36:48.577, 2623 MiB
2026/05/29 08:36:49.578, 2623 MiB
2026/05/29 08:36:50.578, 2623 MiB
2026/05/29 08:36:51.578, 2623 MiB
2026/05/29 08:36:52.579, 2623 MiB
2026/05/29 08:36:53.582, 2623 MiB
2026/05/29 08:36:54.582, 2623 MiB
2026/05/29 08:36:55.583, 2623 MiB
2026/05/29 08:36:56.583, 2623 MiB
2026/05/29 08:36:57.584, 2623 MiB
2026/05/29 08:36:58.584, 2623 MiB
2026/05/29 08:36:59.584, 2623 MiB
2026/05/29 08:37:00.584, 2623 MiB
2026/05/29 08:37:01.585, 2623 MiB
2026/05/29 08:37:02.587, 2623 MiB
2026/05/29 08:37:03.592, 2623 MiB
2026/05/29 08:37:04.593, 2623 MiB
2026/05/29 08:37:05.594, 2623 MiB
2026/05/29 08:37:06.595, 2623 MiB
2026/05/29 08:37:07.595, 2623 MiB
2026/05/29 08:37:08.596, 6283 MiB
2026/05/29 08:37:09.596, 6283 MiB
2026/05/29 08:37:10.596, 6283 MiB
2026/05/29 08:37:11.597, 6283 MiB
2026/05/29 08:37:12.597, 2643 MiB
2026/05/29 08:37:13.598, 2643 MiB
2026/05/29 08:37:14.598, 2643 MiB
2026/05/29 08:37:15.598, 2643 MiB
2026/05/29 08:37:16.598, 2643 MiB
2026/05/29 08:37:17.599, 2643 MiB
2026/05/29 08:37:18.599, 2643 MiB
2026/05/29 08:37:19.599, 2643 MiB
2026/05/29 08:37:20.599, 2643 MiB
2026/05/29 08:37:21.600, 2643 MiB
2026/05/29 08:37:22.600, 2643 MiB
2026/05/29 08:37:23.600, 2643 MiB
2026/05/29 08:37:24.600, 2643 MiB
2026/05/29 08:37:25.600, 2643 MiB
2026/05/29 08:37:26.601, 2643 MiB
2026/05/29 08:37:27.601, 2643 MiB
2026/05/29 08:37:28.601, 2643 MiB
2026/05/29 08:37:29.602, 2640 MiB
2026/05/29 08:37:30.602, 2640 MiB
2026/05/29 08:37:31.602, 2648 MiB
2026/05/29 08:37:32.604, 2648 MiB
2026/05/29 08:37:33.605, 2648 MiB
2026/05/29 08:37:34.605, 2648 MiB
2026/05/29 08:37:35.605, 2648 MiB
2026/05/29 08:37:36.606, 2648 MiB
2026/05/29 08:37:37.606, 2647 MiB
2026/05/29 08:37:38.606, 2648 MiB
2026/05/29 08:37:39.607, 2648 MiB
2026/05/29 08:37:40.607, 2648 MiB
2026/05/29 08:37:41.607, 2648 MiB
2026/05/29 08:37:42.608, 2648 MiB
2026/05/29 08:37:43.609, 2648 MiB
2026/05/29 08:37:44.609, 2648 MiB
2026/05/29 08:37:45.610, 2648 MiB
2026/05/29 08:37:46.610, 2648 MiB
2026/05/29 08:37:47.610, 2648 MiB
2026/05/29 08:37:48.611, 2648 MiB
2026/05/29 08:37:49.611, 2648 MiB
2026/05/29 08:37:50.611, 2648 MiB
2026/05/29 08:37:51.612, 6308 MiB
2026/05/29 08:37:52.612, 6308 MiB
2026/05/29 08:37:53.612, 6311 MiB
2026/05/29 08:37:54.612, 3791 MiB
2026/05/29 08:37:55.613, 2623 MiB
2026/05/29 08:37:56.613, 2623 MiB
2026/05/29 08:37:57.613, 2623 MiB
2026/05/29 08:37:58.614, 2623 MiB
2026/05/29 08:37:59.614, 2623 MiB
2026/05/29 08:38:00.614, 2620 MiB
2026/05/29 08:38:01.614, 2628 MiB
2026/05/29 08:38:02.615, 2628 MiB
2026/05/29 08:38:03.615, 2628 MiB
2026/05/29 08:38:04.615, 2628 MiB
2026/05/29 08:38:05.616, 2628 MiB
2026/05/29 08:38:06.616, 2628 MiB
2026/05/29 08:38:07.616, 2628 MiB
2026/05/29 08:38:08.616, 2628 MiB
2026/05/29 08:38:09.617, 2628 MiB
2026/05/29 08:38:10.617, 2628 MiB
2026/05/29 08:38:11.618, 2628 MiB
2026/05/29 08:38:12.618, 2628 MiB
2026/05/29 08:38:13.618, 2628 MiB
2026/05/29 08:38:14.620, 2628 MiB
2026/05/29 08:38:15.620, 2628 MiB
2026/05/29 08:38:16.620, 2628 MiB
2026/05/29 08:38:17.620, 2628 MiB
2026/05/29 08:38:18.621, 2628 MiB
2026/05/29 08:38:19.622, 2628 MiB
2026/05/29 08:38:20.622, 2628 MiB
2026/05/29 08:38:21.623, 2628 MiB
2026/05/29 08:38:22.623, 2628 MiB
2026/05/29 08:38:23.623, 2628 MiB
2026/05/29 08:38:24.624, 2628 MiB
2026/05/29 08:38:25.624, 2628 MiB
2026/05/29 08:38:26.624, 2628 MiB
2026/05/29 08:38:27.624, 2627 MiB
2026/05/29 08:38:28.626, 2627 MiB
2026/05/29 08:38:29.626, 2623 MiB
2026/05/29 08:38:30.627, 2623 MiB
2026/05/29 08:38:31.627, 2623 MiB
2026/05/29 08:38:32.627, 2623 MiB
2026/05/29 08:38:33.627, 2823 MiB
2026/05/29 08:38:34.628, 6283 MiB
2026/05/29 08:38:35.628, 6283 MiB
2026/05/29 08:38:36.628, 6287 MiB
2026/05/29 08:38:37.629, 4767 MiB
2026/05/29 08:38:38.629, 2627 MiB
2026/05/29 08:38:39.629, 2623 MiB
2026/05/29 08:38:40.630, 2623 MiB
2026/05/29 08:38:41.630, 2623 MiB
2026/05/29 08:38:42.630, 2623 MiB
2026/05/29 08:38:43.630, 2623 MiB
2026/05/29 08:38:44.630, 2623 MiB
2026/05/29 08:38:45.631, 2623 MiB
2026/05/29 08:38:46.631, 2623 MiB
2026/05/29 08:38:47.631, 2623 MiB
2026/05/29 08:38:48.632, 2623 MiB
2026/05/29 08:38:49.632, 2623 MiB
2026/05/29 08:38:50.632, 2623 MiB
2026/05/29 08:38:51.633, 2623 MiB
2026/05/29 08:38:52.635, 2623 MiB
2026/05/29 08:38:53.636, 2623 MiB
2026/05/29 08:38:54.636, 2623 MiB
2026/05/29 08:38:55.636, 2623 MiB
2026/05/29 08:38:56.636, 2623 MiB
2026/05/29 08:38:57.637, 2623 MiB
2026/05/29 08:38:58.637, 2623 MiB
2026/05/29 08:38:59.637, 2623 MiB
2026/05/29 08:39:00.638, 2623 MiB
2026/05/29 08:39:01.638, 2623 MiB
2026/05/29 08:39:02.638, 2623 MiB
2026/05/29 08:39:03.639, 2623 MiB
2026/05/29 08:39:04.639, 2623 MiB
2026/05/29 08:39:05.639, 2623 MiB
2026/05/29 08:39:06.639, 2623 MiB
2026/05/29 08:39:07.640, 2623 MiB
2026/05/29 08:39:08.640, 2620 MiB
2026/05/29 08:39:09.641, 2628 MiB
2026/05/29 08:39:10.642, 2628 MiB
2026/05/29 08:39:11.642, 2628 MiB
2026/05/29 08:39:12.642, 2628 MiB
2026/05/29 08:39:13.644, 2628 MiB
2026/05/29 08:39:14.644, 2628 MiB
2026/05/29 08:39:15.646, 2628 MiB
2026/05/29 08:39:16.646, 2828 MiB
2026/05/29 08:39:17.646, 6288 MiB
2026/05/29 08:39:18.647, 8808 MiB
2026/05/29 08:39:19.647, 2647 MiB
2026/05/29 08:39:20.647, 2647 MiB
2026/05/29 08:39:21.648, 2643 MiB
2026/05/29 08:39:22.648, 2643 MiB
2026/05/29 08:39:23.648, 2643 MiB
2026/05/29 08:39:24.649, 2643 MiB
2026/05/29 08:39:25.649, 2643 MiB
2026/05/29 08:39:26.649, 2643 MiB
2026/05/29 08:39:27.650, 2643 MiB
2026/05/29 08:39:28.650, 2643 MiB
2026/05/29 08:39:29.650, 2643 MiB
2026/05/29 08:39:30.651, 2643 MiB
2026/05/29 08:39:31.665, 2648 MiB
2026/05/29 08:39:32.665, 2648 MiB
2026/05/29 08:39:33.667, 2648 MiB
2026/05/29 08:39:34.667, 2648 MiB
2026/05/29 08:39:35.667, 2648 MiB
2026/05/29 08:39:36.667, 2648 MiB
2026/05/29 08:39:37.668, 2648 MiB
2026/05/29 08:39:38.668, 2648 MiB
2026/05/29 08:39:39.668, 2648 MiB
2026/05/29 08:39:40.668, 2648 MiB
2026/05/29 08:39:41.669, 2648 MiB
2026/05/29 08:39:42.669, 2648 MiB
2026/05/29 08:39:43.669, 2648 MiB
2026/05/29 08:39:44.669, 2648 MiB
2026/05/29 08:39:45.670, 2648 MiB
2026/05/29 08:39:46.670, 2648 MiB
2026/05/29 08:39:47.670, 2648 MiB
2026/05/29 08:39:48.670, 2648 MiB
2026/05/29 08:39:49.671, 2648 MiB
2026/05/29 08:39:50.710, 2648 MiB
2026/05/29 08:39:51.710, 2648 MiB
2026/05/29 08:39:52.711, 2648 MiB
2026/05/29 08:39:53.712, 2648 MiB
2026/05/29 08:39:54.712, 2648 MiB
2026/05/29 08:39:55.712, 2648 MiB
2026/05/29 08:39:56.713, 2648 MiB
2026/05/29 08:39:57.713, 2823 MiB
2026/05/29 08:39:58.714, 6043 MiB
2026/05/29 08:39:59.714, 6043 MiB
2026/05/29 08:40:00.714, 6043 MiB
2026/05/29 08:40:01.714, 8763 MiB
2026/05/29 08:40:02.715, 2623 MiB
2026/05/29 08:40:03.715, 2623 MiB
2026/05/29 08:40:04.715, 2623 MiB
2026/05/29 08:40:05.715, 2623 MiB
2026/05/29 08:40:06.716, 2623 MiB
2026/05/29 08:40:07.716, 2623 MiB
2026/05/29 08:40:08.716, 2623 MiB
2026/05/29 08:40:09.717, 2623 MiB
2026/05/29 08:40:10.719, 2623 MiB
2026/05/29 08:40:11.737, 2623 MiB
2026/05/29 08:40:12.737, 2623 MiB
2026/05/29 08:40:13.737, 2623 MiB
2026/05/29 08:40:14.737, 2623 MiB
2026/05/29 08:40:15.742, 2623 MiB
2026/05/29 08:40:16.753, 2623 MiB
2026/05/29 08:40:17.753, 2623 MiB
2026/05/29 08:40:18.789, 2623 MiB
2026/05/29 08:40:19.790, 2623 MiB
2026/05/29 08:40:20.791, 2623 MiB
2026/05/29 08:40:21.791, 2623 MiB
2026/05/29 08:40:22.793, 2623 MiB
2026/05/29 08:40:23.793, 2623 MiB
2026/05/29 08:40:24.795, 2623 MiB
2026/05/29 08:40:25.795, 2623 MiB
2026/05/29 08:40:26.795, 2623 MiB
2026/05/29 08:40:27.795, 2623 MiB
2026/05/29 08:40:28.796, 2623 MiB
2026/05/29 08:40:29.796, 2623 MiB
2026/05/29 08:40:30.796, 2623 MiB
2026/05/29 08:40:31.796, 2623 MiB
2026/05/29 08:40:32.797, 2623 MiB
2026/05/29 08:40:33.797, 2623 MiB
2026/05/29 08:40:34.797, 2623 MiB
2026/05/29 08:40:35.798, 2623 MiB
2026/05/29 08:40:36.799, 2623 MiB
2026/05/29 08:40:37.799, 2623 MiB
2026/05/29 08:40:38.799, 2623 MiB
2026/05/29 08:40:39.800, 2623 MiB
2026/05/29 08:40:40.805, 2623 MiB
2026/05/29 08:40:41.809, 2623 MiB
2026/05/29 08:40:42.809, 3883 MiB
2026/05/29 08:40:43.809, 6283 MiB
2026/05/29 08:40:44.809, 6283 MiB
2026/05/29 08:40:45.810, 6283 MiB
2026/05/29 08:40:46.810, 2623 MiB
2026/05/29 08:40:47.810, 2623 MiB
2026/05/29 08:40:48.810, 2623 MiB
2026/05/29 08:40:49.811, 2623 MiB
2026/05/29 08:40:50.811, 2623 MiB
2026/05/29 08:40:51.811, 2623 MiB
2026/05/29 08:40:52.812, 2703 MiB
2026/05/29 08:40:53.812, 8323 MiB
2026/05/29 08:40:54.812, 8323 MiB
2026/05/29 08:40:55.813, 8319 MiB
2026/05/29 08:40:56.813, 8319 MiB
2026/05/29 08:40:57.813, 4623 MiB
2026/05/29 08:40:58.813, 8323 MiB
2026/05/29 08:40:59.813, 2623 MiB
2026/05/29 08:41:00.814, 8323 MiB
2026/05/29 08:41:01.814, 8319 MiB
2026/05/29 08:41:02.814, 8316 MiB
2026/05/29 08:41:03.814, 8316 MiB
2026/05/29 08:41:04.815, 8316 MiB
2026/05/29 08:41:05.815, 8316 MiB
2026/05/29 08:41:06.815, 2628 MiB
2026/05/29 08:41:07.816, 8328 MiB
2026/05/29 08:41:08.816, 2628 MiB
2026/05/29 08:41:09.816, 8319 MiB
2026/05/29 08:41:10.817, 8319 MiB
2026/05/29 08:41:11.817, 3983 MiB
2026/05/29 08:41:12.817, 8323 MiB
2026/05/29 08:41:13.817, 6743 MiB
2026/05/29 08:41:14.818, 8319 MiB
2026/05/29 08:41:15.818, 3159 MiB
2026/05/29 08:41:16.818, 8316 MiB
2026/05/29 08:41:17.818, 8316 MiB
2026/05/29 08:41:18.818, 2616 MiB
2026/05/29 08:41:19.819, 8316 MiB
2026/05/29 08:41:20.819, 8316 MiB
2026/05/29 08:41:21.819, 8316 MiB
2026/05/29 08:41:22.820, 8316 MiB
2026/05/29 08:41:23.820, 8316 MiB
2026/05/29 08:41:24.820, 8316 MiB
2026/05/29 08:41:25.820, 8328 MiB
2026/05/29 08:41:26.821, 8328 MiB
2026/05/29 08:41:27.821, 5328 MiB
2026/05/29 08:41:28.821, 8323 MiB
2026/05/29 08:41:29.822, 3999 MiB
2026/05/29 08:41:30.822, 8316 MiB
2026/05/29 08:41:31.823, 8316 MiB
2026/05/29 08:41:32.823, 8328 MiB
2026/05/29 08:41:33.823, 8328 MiB
2026/05/29 08:41:34.823, 8328 MiB
2026/05/29 08:41:35.824, 4223 MiB
2026/05/29 08:41:36.826, 8323 MiB
2026/05/29 08:41:37.826, 8323 MiB
2026/05/29 08:41:38.826, 8323 MiB
2026/05/29 08:41:39.827, 8323 MiB
2026/05/29 08:41:40.827, 8323 MiB
2026/05/29 08:41:41.827, 8319 MiB
2026/05/29 08:41:42.828, 2696 MiB
2026/05/29 08:41:43.828, 8316 MiB
2026/05/29 08:41:44.829, 8316 MiB
2026/05/29 08:41:45.829, 8328 MiB
2026/05/29 08:41:46.829, 8328 MiB
2026/05/29 08:41:47.830, 3188 MiB
2026/05/29 08:41:48.830, 8323 MiB
2026/05/29 08:41:49.830, 8323 MiB
2026/05/29 08:41:50.830, 7856 MiB
2026/05/29 08:41:51.831, 8316 MiB
2026/05/29 08:41:52.831, 8316 MiB
2026/05/29 08:41:53.831, 3176 MiB
2026/05/29 08:41:54.832, 8316 MiB
2026/05/29 08:41:55.832, 2616 MiB
2026/05/29 08:41:56.832, 8316 MiB
2026/05/29 08:41:57.832, 8328 MiB
2026/05/29 08:41:58.833, 8328 MiB
2026/05/29 08:41:59.833, 8328 MiB
2026/05/29 08:42:00.833, 8328 MiB
2026/05/29 08:42:01.833, 8319 MiB
2026/05/29 08:42:02.834, 8319 MiB
2026/05/29 08:42:03.834, 2708 MiB
2026/05/29 08:42:04.834, 8328 MiB
2026/05/29 08:42:05.835, 2628 MiB
2026/05/29 08:42:06.835, 8319 MiB
2026/05/29 08:42:07.835, 8319 MiB
2026/05/29 08:42:08.835, 2616 MiB
2026/05/29 08:42:09.836, 8316 MiB
2026/05/29 08:42:10.836, 8316 MiB
2026/05/29 08:42:11.836, 2616 MiB
2026/05/29 08:42:12.837, 8316 MiB
2026/05/29 08:42:13.837, 2616 MiB
2026/05/29 08:42:14.837, 8316 MiB
2026/05/29 08:42:15.837, 8328 MiB
2026/05/29 08:42:16.838, 5788 MiB
2026/05/29 08:42:17.838, 8328 MiB
2026/05/29 08:42:18.838, 8328 MiB
2026/05/29 08:42:19.838, 8319 MiB
2026/05/29 08:42:20.839, 8319 MiB
2026/05/29 08:42:21.839, 6756 MiB
2026/05/29 08:42:22.839, 8316 MiB
2026/05/29 08:42:23.840, 8316 MiB
2026/05/29 08:42:24.840, 8316 MiB
2026/05/29 08:42:25.840, 8316 MiB
2026/05/29 08:42:26.840, 8316 MiB
2026/05/29 08:42:27.841, 5456 MiB
2026/05/29 08:42:28.841, 8316 MiB
2026/05/29 08:42:29.841, 8316 MiB
2026/05/29 08:42:30.841, 2916 MiB
2026/05/29 08:42:31.842, 8316 MiB
2026/05/29 08:42:32.843, 8316 MiB
2026/05/29 08:42:33.843, 8316 MiB
2026/05/29 08:42:34.843, 8316 MiB
2026/05/29 08:42:35.843, 8316 MiB
2026/05/29 08:42:36.844, 8316 MiB
2026/05/29 08:42:37.844, 2616 MiB
2026/05/29 08:42:38.844, 8316 MiB
2026/05/29 08:42:39.844, 8316 MiB
2026/05/29 08:42:40.845, 8316 MiB
2026/05/29 08:42:41.845, 8316 MiB
2026/05/29 08:42:42.845, 5896 MiB
2026/05/29 08:42:43.845, 8316 MiB
2026/05/29 08:42:44.846, 8316 MiB
2026/05/29 08:42:45.846, 4888 MiB
2026/05/29 08:42:46.846, 8328 MiB
2026/05/29 08:42:47.847, 8328 MiB
2026/05/29 08:42:48.847, 2619 MiB
2026/05/29 08:42:49.847, 8319 MiB
2026/05/29 08:42:50.857, 2623 MiB
2026/05/29 08:42:51.857, 8323 MiB
2026/05/29 08:42:52.858, 8323 MiB
2026/05/29 08:42:53.858, 2623 MiB
2026/05/29 08:42:54.858, 8319 MiB
2026/05/29 08:42:55.859, 2916 MiB
2026/05/29 08:42:56.859, 8316 MiB
2026/05/29 08:42:57.859, 8316 MiB
2026/05/29 08:42:58.859, 2628 MiB
2026/05/29 08:42:59.860, 8328 MiB
2026/05/29 08:43:00.860, 2628 MiB
2026/05/29 08:43:01.860, 8319 MiB
2026/05/29 08:43:02.861, 8319 MiB
2026/05/29 08:43:03.861, 8323 MiB
2026/05/29 08:43:04.861, 8323 MiB
2026/05/29 08:43:05.871, 8323 MiB
2026/05/29 08:43:06.871, 6163 MiB
2026/05/29 08:43:07.871, 8319 MiB
2026/05/29 08:43:08.871, 2616 MiB
2026/05/29 08:43:09.872, 8316 MiB
2026/05/29 08:43:10.872, 2616 MiB
2026/05/29 08:43:11.872, 8316 MiB
2026/05/29 08:43:12.873, 8316 MiB
2026/05/29 08:43:13.873, 5428 MiB
2026/05/29 08:43:14.873, 8328 MiB
2026/05/29 08:43:15.883, 8328 MiB
2026/05/29 08:43:16.883, 2623 MiB
2026/05/29 08:43:17.884, 8319 MiB
2026/05/29 08:43:18.884, 2616 MiB
2026/05/29 08:43:19.884, 8316 MiB
2026/05/29 08:43:20.885, 8316 MiB
2026/05/29 08:43:21.885, 2616 MiB
2026/05/29 08:43:22.885, 2628 MiB
2026/05/29 08:43:23.886, 2628 MiB
2026/05/29 08:43:24.886, 2628 MiB
2026/05/29 08:43:25.896, 2628 MiB
2026/05/29 08:43:26.896, 2628 MiB
2026/05/29 08:43:27.896, 2628 MiB
2026/05/29 08:43:28.897, 2628 MiB
2026/05/29 08:43:29.897, 2628 MiB
2026/05/29 08:43:30.897, 2628 MiB
2026/05/29 08:43:31.898, 2628 MiB
2026/05/29 08:43:32.898, 2628 MiB
2026/05/29 08:43:33.898, 2628 MiB
2026/05/29 08:43:34.899, 2628 MiB
2026/05/29 08:43:35.899, 2628 MiB
2026/05/29 08:43:36.899, 2628 MiB
2026/05/29 08:43:37.900, 2628 MiB
2026/05/29 08:43:38.900, 2628 MiB
2026/05/29 08:43:39.900, 2628 MiB
2026/05/29 08:43:40.901, 2628 MiB
2026/05/29 08:43:41.902, 2628 MiB
2026/05/29 08:43:42.903, 2628 MiB
2026/05/29 08:43:43.903, 2628 MiB
2026/05/29 08:43:44.903, 2628 MiB
2026/05/29 08:43:45.904, 2628 MiB
2026/05/29 08:43:46.904, 2628 MiB
2026/05/29 08:43:47.904, 2628 MiB
2026/05/29 08:43:48.905, 2627 MiB
2026/05/29 08:43:49.905, 2628 MiB
2026/05/29 08:43:50.905, 2628 MiB
2026/05/29 08:43:51.906, 2628 MiB
2026/05/29 08:43:52.906, 2628 MiB
2026/05/29 08:43:53.921, 2628 MiB
2026/05/29 08:43:54.921, 2628 MiB
2026/05/29 08:43:55.921, 2628 MiB
2026/05/29 08:43:56.921, 2628 MiB
2026/05/29 08:43:57.922, 2628 MiB
2026/05/29 08:43:58.922, 2628 MiB
2026/05/29 08:43:59.922, 2628 MiB
2026/05/29 08:44:00.923, 2628 MiB
2026/05/29 08:44:01.923, 2628 MiB
2026/05/29 08:44:02.923, 2628 MiB
2026/05/29 08:44:03.924, 2628 MiB
2026/05/29 08:44:04.925, 3888 MiB
2026/05/29 08:44:05.925, 6308 MiB
2026/05/29 08:44:06.925, 6308 MiB
2026/05/29 08:44:07.925, 6128 MiB
2026/05/29 08:44:08.926, 2647 MiB
2026/05/29 08:44:09.926, 2647 MiB
2026/05/29 08:44:10.926, 2643 MiB
2026/05/29 08:44:11.927, 2643 MiB
2026/05/29 08:44:12.927, 2643 MiB
2026/05/29 08:44:13.927, 2643 MiB
2026/05/29 08:44:14.928, 2643 MiB
2026/05/29 08:44:15.928, 2643 MiB
2026/05/29 08:44:16.928, 2643 MiB
2026/05/29 08:44:17.929, 2643 MiB
2026/05/29 08:44:18.929, 2643 MiB
2026/05/29 08:44:19.929, 2643 MiB
2026/05/29 08:44:20.930, 2643 MiB
2026/05/29 08:44:21.930, 2643 MiB
2026/05/29 08:44:22.930, 2643 MiB
2026/05/29 08:44:23.931, 2643 MiB
2026/05/29 08:44:24.931, 2643 MiB
2026/05/29 08:44:25.932, 2643 MiB
2026/05/29 08:44:26.932, 2643 MiB
2026/05/29 08:44:27.932, 2643 MiB
2026/05/29 08:44:28.933, 2643 MiB
2026/05/29 08:44:29.933, 2643 MiB
2026/05/29 08:44:30.933, 2643 MiB
2026/05/29 08:44:31.934, 2643 MiB
2026/05/29 08:44:32.935, 2648 MiB
2026/05/29 08:44:33.936, 2648 MiB
2026/05/29 08:44:34.936, 2648 MiB
2026/05/29 08:44:35.936, 2648 MiB
2026/05/29 08:44:36.937, 2648 MiB
2026/05/29 08:44:37.937, 2648 MiB
2026/05/29 08:44:38.937, 2647 MiB
2026/05/29 08:44:39.938, 2644 MiB
2026/05/29 08:44:40.938, 2644 MiB
2026/05/29 08:44:41.938, 2644 MiB
2026/05/29 08:44:42.939, 2648 MiB
2026/05/29 08:44:43.939, 2648 MiB
2026/05/29 08:44:44.940, 2648 MiB
2026/05/29 08:44:45.940, 2648 MiB
2026/05/29 08:44:46.950, 2648 MiB
2026/05/29 08:44:47.950, 6308 MiB
2026/05/29 08:44:48.950, 6308 MiB
2026/05/29 08:44:49.950, 6308 MiB
2026/05/29 08:44:50.951, 8908 MiB
2026/05/29 08:44:51.951, 2627 MiB
2026/05/29 08:44:52.951, 2623 MiB
2026/05/29 08:44:53.952, 2620 MiB
2026/05/29 08:44:54.952, 2620 MiB
2026/05/29 08:44:55.952, 2620 MiB
2026/05/29 08:44:56.953, 2628 MiB
2026/05/29 08:44:57.953, 2628 MiB
2026/05/29 08:44:58.954, 2628 MiB
2026/05/29 08:44:59.954, 2628 MiB
2026/05/29 08:45:00.954, 2628 MiB
2026/05/29 08:45:01.955, 2628 MiB
2026/05/29 08:45:02.955, 2627 MiB
2026/05/29 08:45:03.955, 2624 MiB
2026/05/29 08:45:04.956, 2628 MiB
2026/05/29 08:45:05.956, 2628 MiB
2026/05/29 08:45:06.956, 2628 MiB
2026/05/29 08:45:07.956, 2628 MiB
2026/05/29 08:45:08.967, 2628 MiB
2026/05/29 08:45:09.968, 2628 MiB
2026/05/29 08:45:10.968, 2628 MiB
2026/05/29 08:45:11.968, 2628 MiB
2026/05/29 08:45:12.969, 2628 MiB
2026/05/29 08:45:13.969, 2628 MiB
2026/05/29 08:45:14.970, 2628 MiB
2026/05/29 08:45:15.970, 2628 MiB
2026/05/29 08:45:16.971, 2628 MiB
2026/05/29 08:45:17.972, 2628 MiB
2026/05/29 08:45:18.972, 2628 MiB
2026/05/29 08:45:19.973, 2628 MiB
2026/05/29 08:45:20.973, 2628 MiB
2026/05/29 08:45:21.973, 2628 MiB
2026/05/29 08:45:22.984, 2628 MiB
2026/05/29 08:45:23.986, 2628 MiB
2026/05/29 08:45:24.986, 2628 MiB
2026/05/29 08:45:25.987, 2628 MiB
2026/05/29 08:45:26.987, 2628 MiB
2026/05/29 08:45:27.987, 2628 MiB
2026/05/29 08:45:28.989, 2628 MiB
2026/05/29 08:45:29.990, 2623 MiB
2026/05/29 08:45:30.990, 6283 MiB
2026/05/29 08:45:31.990, 6283 MiB
2026/05/29 08:45:32.990, 6283 MiB
2026/05/29 08:45:33.991, 8943 MiB
2026/05/29 08:45:34.991, 2623 MiB
2026/05/29 08:45:35.991, 2620 MiB
2026/05/29 08:45:36.991, 2628 MiB
2026/05/29 08:45:37.992, 2628 MiB
2026/05/29 08:45:38.992, 2628 MiB
2026/05/29 08:45:39.992, 2628 MiB
2026/05/29 08:45:40.992, 2628 MiB
2026/05/29 08:45:41.993, 2628 MiB
2026/05/29 08:45:42.993, 2628 MiB
2026/05/29 08:45:43.993, 2628 MiB
2026/05/29 08:45:44.994, 2628 MiB
2026/05/29 08:45:45.994, 2628 MiB
2026/05/29 08:45:46.994, 2628 MiB
2026/05/29 08:45:47.995, 2628 MiB
2026/05/29 08:45:48.998, 2628 MiB
2026/05/29 08:45:49.998, 2628 MiB
2026/05/29 08:45:50.999, 2628 MiB
2026/05/29 08:45:52.000, 2628 MiB
2026/05/29 08:45:53.000, 2628 MiB
2026/05/29 08:45:54.002, 2628 MiB
2026/05/29 08:45:55.002, 2628 MiB
2026/05/29 08:45:56.002, 2628 MiB
2026/05/29 08:45:57.003, 2628 MiB
2026/05/29 08:45:58.003, 2628 MiB
2026/05/29 08:45:59.003, 2628 MiB
2026/05/29 08:46:00.003, 2628 MiB
2026/05/29 08:46:01.004, 2628 MiB
2026/05/29 08:46:02.004, 2628 MiB
2026/05/29 08:46:03.004, 2627 MiB
2026/05/29 08:46:04.004, 2627 MiB
2026/05/29 08:46:05.005, 2623 MiB
2026/05/29 08:46:06.005, 2623 MiB
2026/05/29 08:46:07.006, 2623 MiB
2026/05/29 08:46:08.030, 2623 MiB
2026/05/29 08:46:09.030, 2623 MiB
2026/05/29 08:46:10.031, 2623 MiB
2026/05/29 08:46:11.031, 2623 MiB
2026/05/29 08:46:12.032, 2623 MiB
2026/05/29 08:46:13.032, 2823 MiB
2026/05/29 08:46:14.032, 6283 MiB
2026/05/29 08:46:15.033, 6283 MiB
2026/05/29 08:46:16.033, 6283 MiB
2026/05/29 08:46:17.034, 2623 MiB
2026/05/29 08:46:18.034, 2623 MiB
2026/05/29 08:46:19.034, 2623 MiB
2026/05/29 08:46:20.034, 2623 MiB
2026/05/29 08:46:21.035, 2623 MiB
2026/05/29 08:46:22.035, 2623 MiB
2026/05/29 08:46:23.035, 2623 MiB
2026/05/29 08:46:24.036, 2623 MiB
2026/05/29 08:46:25.036, 2623 MiB
2026/05/29 08:46:26.036, 2623 MiB
2026/05/29 08:46:27.036, 2623 MiB
2026/05/29 08:46:28.037, 2623 MiB
2026/05/29 08:46:29.037, 2623 MiB
2026/05/29 08:46:30.037, 2623 MiB
2026/05/29 08:46:31.037, 2623 MiB
2026/05/29 08:46:32.037, 2623 MiB
2026/05/29 08:46:33.038, 2623 MiB
2026/05/29 08:46:34.038, 2623 MiB
2026/05/29 08:46:35.038, 2623 MiB
2026/05/29 08:46:36.039, 2623 MiB
2026/05/29 08:46:37.039, 2623 MiB
2026/05/29 08:46:38.041, 2623 MiB
2026/05/29 08:46:39.042, 2623 MiB
2026/05/29 08:46:40.042, 2623 MiB
2026/05/29 08:46:41.042, 2623 MiB
2026/05/29 08:46:42.043, 2623 MiB
2026/05/29 08:46:43.043, 2623 MiB
2026/05/29 08:46:44.043, 2623 MiB
2026/05/29 08:46:45.044, 2623 MiB
2026/05/29 08:46:46.044, 2623 MiB
2026/05/29 08:46:47.046, 2623 MiB
2026/05/29 08:46:48.046, 2623 MiB
2026/05/29 08:46:49.047, 2623 MiB
2026/05/29 08:46:50.047, 2623 MiB
2026/05/29 08:46:51.048, 2623 MiB
2026/05/29 08:46:52.048, 2623 MiB
2026/05/29 08:46:53.048, 2623 MiB
2026/05/29 08:46:54.049, 2623 MiB
2026/05/29 08:46:55.049, 2623 MiB
2026/05/29 08:46:56.049, 2883 MiB
2026/05/29 08:46:57.049, 6283 MiB
2026/05/29 08:46:58.050, 6283 MiB
2026/05/29 08:46:59.050, 6280 MiB
2026/05/29 08:47:00.050, 2660 MiB
2026/05/29 08:47:01.050, 2665 MiB
2026/05/29 08:47:02.051, 2665 MiB
2026/05/29 08:47:03.051, 2665 MiB
2026/05/29 08:47:04.052, 2665 MiB
2026/05/29 08:47:05.052, 2665 MiB
2026/05/29 08:47:06.052, 2665 MiB
2026/05/29 08:47:07.052, 2665 MiB
2026/05/29 08:47:08.053, 2665 MiB
2026/05/29 08:47:09.053, 2665 MiB
2026/05/29 08:47:10.053, 2665 MiB
2026/05/29 08:47:11.054, 2665 MiB
2026/05/29 08:47:12.054, 2665 MiB
2026/05/29 08:47:13.054, 2665 MiB
2026/05/29 08:47:14.054, 2665 MiB
2026/05/29 08:47:15.055, 2665 MiB
2026/05/29 08:47:16.055, 2665 MiB
2026/05/29 08:47:17.056, 2665 MiB
2026/05/29 08:47:18.056, 2665 MiB
2026/05/29 08:47:19.057, 2665 MiB
2026/05/29 08:47:20.061, 2665 MiB
2026/05/29 08:47:21.061, 2665 MiB
2026/05/29 08:47:22.061, 2665 MiB
2026/05/29 08:47:23.062, 2665 MiB
2026/05/29 08:47:24.062, 2665 MiB
2026/05/29 08:47:25.062, 2665 MiB
2026/05/29 08:47:26.063, 2665 MiB
2026/05/29 08:47:27.063, 2665 MiB
2026/05/29 08:47:28.063, 2665 MiB
2026/05/29 08:47:29.063, 2665 MiB
2026/05/29 08:47:30.064, 2665 MiB
2026/05/29 08:47:31.064, 2665 MiB
2026/05/29 08:47:32.065, 2665 MiB
2026/05/29 08:47:33.065, 2665 MiB
2026/05/29 08:47:34.066, 2665 MiB
2026/05/29 08:47:35.066, 2665 MiB
2026/05/29 08:47:36.067, 2665 MiB
2026/05/29 08:47:37.067, 2665 MiB
2026/05/29 08:47:38.067, 2666 MiB
2026/05/29 08:47:39.067, 2665 MiB
2026/05/29 08:47:40.068, 6025 MiB
2026/05/29 08:47:41.068, 6025 MiB
2026/05/29 08:47:42.068, 6025 MiB
2026/05/29 08:47:43.069, 8905 MiB
2026/05/29 08:47:44.069, 2624 MiB
2026/05/29 08:47:45.069, 2616 MiB
2026/05/29 08:47:46.069, 2616 MiB
2026/05/29 08:47:47.070, 2625 MiB
2026/05/29 08:47:48.070, 2625 MiB
2026/05/29 08:47:49.070, 2625 MiB
2026/05/29 08:47:50.070, 2625 MiB
2026/05/29 08:47:51.071, 2625 MiB
2026/05/29 08:47:52.072, 2625 MiB
2026/05/29 08:47:53.072, 2625 MiB
2026/05/29 08:47:54.072, 2625 MiB
2026/05/29 08:47:55.072, 2625 MiB
2026/05/29 08:47:56.073, 2625 MiB
2026/05/29 08:47:57.073, 2625 MiB
2026/05/29 08:47:58.073, 2625 MiB
2026/05/29 08:47:59.073, 2625 MiB
2026/05/29 08:48:00.074, 2625 MiB
2026/05/29 08:48:01.074, 2625 MiB
2026/05/29 08:48:02.075, 2625 MiB
2026/05/29 08:48:03.076, 2625 MiB
2026/05/29 08:48:04.076, 2625 MiB
2026/05/29 08:48:05.078, 2625 MiB
2026/05/29 08:48:06.078, 2625 MiB
2026/05/29 08:48:07.079, 2625 MiB
2026/05/29 08:48:08.080, 2625 MiB
2026/05/29 08:48:09.080, 2625 MiB
2026/05/29 08:48:10.080, 2625 MiB
2026/05/29 08:48:11.081, 2625 MiB
2026/05/29 08:48:12.082, 2628 MiB
2026/05/29 08:48:13.087, 2628 MiB
2026/05/29 08:48:14.088, 2628 MiB
2026/05/29 08:48:15.088, 2628 MiB
2026/05/29 08:48:16.088, 2628 MiB
2026/05/29 08:48:17.089, 2628 MiB
2026/05/29 08:48:18.092, 2628 MiB
2026/05/29 08:48:19.092, 2628 MiB
2026/05/29 08:48:20.092, 2628 MiB
2026/05/29 08:48:21.093, 2628 MiB
2026/05/29 08:48:22.093, 2808 MiB
2026/05/29 08:48:23.093, 6288 MiB
2026/05/29 08:48:24.093, 6288 MiB
2026/05/29 08:48:25.094, 6288 MiB
2026/05/29 08:48:26.094, 8547 MiB
2026/05/29 08:48:27.094, 2643 MiB
2026/05/29 08:48:28.094, 2643 MiB
2026/05/29 08:48:29.095, 2643 MiB
2026/05/29 08:48:30.095, 2643 MiB
2026/05/29 08:48:31.095, 2643 MiB
2026/05/29 08:48:32.096, 2643 MiB
2026/05/29 08:48:33.096, 2643 MiB
2026/05/29 08:48:34.101, 2643 MiB
2026/05/29 08:48:35.101, 2643 MiB
2026/05/29 08:48:36.102, 2643 MiB
2026/05/29 08:48:37.102, 2643 MiB
2026/05/29 08:48:38.102, 2643 MiB
2026/05/29 08:48:39.103, 2643 MiB
2026/05/29 08:48:40.103, 2643 MiB
2026/05/29 08:48:41.103, 2643 MiB
2026/05/29 08:48:42.104, 2643 MiB
2026/05/29 08:48:43.104, 2643 MiB
2026/05/29 08:48:44.104, 2643 MiB
2026/05/29 08:48:45.105, 2643 MiB
2026/05/29 08:48:46.105, 2643 MiB
2026/05/29 08:48:47.105, 2643 MiB
2026/05/29 08:48:48.106, 2643 MiB
2026/05/29 08:48:49.106, 2643 MiB
2026/05/29 08:48:50.106, 2643 MiB
2026/05/29 08:48:51.107, 2643 MiB
2026/05/29 08:48:52.107, 2643 MiB
2026/05/29 08:48:53.107, 2643 MiB
2026/05/29 08:48:54.107, 2643 MiB
2026/05/29 08:48:55.109, 2643 MiB
2026/05/29 08:48:56.109, 2643 MiB
2026/05/29 08:48:57.109, 2643 MiB
2026/05/29 08:48:58.110, 2643 MiB
2026/05/29 08:48:59.110, 2643 MiB
2026/05/29 08:49:00.130, 2643 MiB
2026/05/29 08:49:01.130, 2643 MiB
2026/05/29 08:49:02.130, 2643 MiB
2026/05/29 08:49:03.130, 2643 MiB
2026/05/29 08:49:04.135, 2643 MiB
2026/05/29 08:49:05.136, 2843 MiB
2026/05/29 08:49:06.136, 6003 MiB
2026/05/29 08:49:07.136, 6003 MiB
2026/05/29 08:49:08.137, 6007 MiB
2026/05/29 08:49:09.137, 2647 MiB
2026/05/29 08:49:10.137, 2643 MiB
2026/05/29 08:49:11.138, 2643 MiB
2026/05/29 08:49:12.138, 2643 MiB
2026/05/29 08:49:13.138, 2643 MiB
2026/05/29 08:49:14.139, 2643 MiB
2026/05/29 08:49:15.139, 2643 MiB
2026/05/29 08:49:16.139, 2643 MiB
2026/05/29 08:49:17.139, 2643 MiB
2026/05/29 08:49:18.140, 2643 MiB
2026/05/29 08:49:19.140, 2643 MiB
2026/05/29 08:49:20.140, 2643 MiB
2026/05/29 08:49:21.141, 2643 MiB
2026/05/29 08:49:22.141, 2643 MiB
2026/05/29 08:49:23.141, 2643 MiB
2026/05/29 08:49:24.142, 2643 MiB
2026/05/29 08:49:25.143, 2643 MiB
2026/05/29 08:49:26.143, 2643 MiB
2026/05/29 08:49:27.143, 2643 MiB
2026/05/29 08:49:28.144, 2643 MiB
2026/05/29 08:49:29.145, 2643 MiB
2026/05/29 08:49:30.146, 2643 MiB
2026/05/29 08:49:31.146, 2643 MiB
2026/05/29 08:49:32.146, 2643 MiB
2026/05/29 08:49:33.147, 2643 MiB
2026/05/29 08:49:34.147, 2643 MiB
2026/05/29 08:49:35.147, 2643 MiB
2026/05/29 08:49:36.147, 2643 MiB
2026/05/29 08:49:37.169, 2643 MiB
2026/05/29 08:49:38.170, 2643 MiB
2026/05/29 08:49:39.170, 2643 MiB
2026/05/29 08:49:40.171, 2643 MiB
2026/05/29 08:49:41.171, 2643 MiB
2026/05/29 08:49:42.172, 2643 MiB
2026/05/29 08:49:43.172, 2643 MiB
2026/05/29 08:49:44.173, 2643 MiB
2026/05/29 08:49:45.173, 2643 MiB
2026/05/29 08:49:46.173, 2643 MiB
2026/05/29 08:49:47.173, 2643 MiB
2026/05/29 08:49:48.174, 6303 MiB
2026/05/29 08:49:49.174, 6303 MiB
2026/05/29 08:49:50.174, 6303 MiB
2026/05/29 08:49:51.175, 6303 MiB
2026/05/29 08:49:52.175, 2643 MiB
2026/05/29 08:49:53.175, 2643 MiB
2026/05/29 08:49:54.176, 2643 MiB
2026/05/29 08:49:55.176, 2643 MiB
2026/05/29 08:49:56.176, 2643 MiB
2026/05/29 08:49:57.177, 2643 MiB
2026/05/29 08:49:58.177, 2643 MiB
2026/05/29 08:49:59.178, 2643 MiB
2026/05/29 08:50:00.178, 2643 MiB
2026/05/29 08:50:01.178, 2643 MiB
2026/05/29 08:50:02.178, 2643 MiB
2026/05/29 08:50:03.179, 2643 MiB
2026/05/29 08:50:04.179, 2643 MiB
2026/05/29 08:50:05.179, 2643 MiB
2026/05/29 08:50:06.181, 2643 MiB
2026/05/29 08:50:07.181, 2643 MiB
2026/05/29 08:50:08.181, 2643 MiB
2026/05/29 08:50:09.182, 2643 MiB
2026/05/29 08:50:10.183, 2643 MiB
2026/05/29 08:50:11.184, 2643 MiB
2026/05/29 08:50:12.185, 2643 MiB
2026/05/29 08:50:13.185, 2643 MiB
2026/05/29 08:50:14.186, 2643 MiB
2026/05/29 08:50:15.187, 2643 MiB
2026/05/29 08:50:16.189, 2643 MiB
2026/05/29 08:50:17.189, 2643 MiB
2026/05/29 08:50:18.189, 2643 MiB
2026/05/29 08:50:19.189, 2643 MiB
2026/05/29 08:50:20.190, 2643 MiB
2026/05/29 08:50:21.190, 2643 MiB
2026/05/29 08:50:22.190, 2643 MiB
2026/05/29 08:50:23.191, 2643 MiB
2026/05/29 08:50:24.191, 2643 MiB
2026/05/29 08:50:25.192, 2643 MiB
2026/05/29 08:50:26.192, 2643 MiB
2026/05/29 08:50:27.192, 2643 MiB
2026/05/29 08:50:28.193, 2643 MiB
2026/05/29 08:50:29.198, 2643 MiB
2026/05/29 08:50:30.199, 2643 MiB
2026/05/29 08:50:31.199, 6303 MiB
2026/05/29 08:50:32.199, 6303 MiB
2026/05/29 08:50:33.199, 6303 MiB
2026/05/29 08:50:34.200, 4867 MiB
2026/05/29 08:50:35.200, 2623 MiB
2026/05/29 08:50:36.200, 2623 MiB
2026/05/29 08:50:37.200, 2623 MiB
2026/05/29 08:50:38.201, 2623 MiB
2026/05/29 08:50:39.201, 2623 MiB
2026/05/29 08:50:40.201, 2623 MiB
2026/05/29 08:50:41.201, 2623 MiB
2026/05/29 08:50:42.203, 2623 MiB
2026/05/29 08:50:43.203, 2623 MiB
2026/05/29 08:50:44.203, 2623 MiB
2026/05/29 08:50:45.204, 2623 MiB
2026/05/29 08:50:46.204, 2623 MiB
2026/05/29 08:50:47.204, 2623 MiB
2026/05/29 08:50:48.204, 2623 MiB
2026/05/29 08:50:49.205, 2623 MiB
2026/05/29 08:50:50.205, 2623 MiB
2026/05/29 08:50:51.206, 2623 MiB
2026/05/29 08:50:52.207, 2623 MiB
2026/05/29 08:50:53.207, 2623 MiB
2026/05/29 08:50:54.208, 2623 MiB
2026/05/29 08:50:55.208, 2623 MiB
2026/05/29 08:50:56.208, 2623 MiB
2026/05/29 08:50:57.208, 2623 MiB
2026/05/29 08:50:58.209, 2623 MiB
2026/05/29 08:50:59.209, 2623 MiB
2026/05/29 08:51:00.209, 2623 MiB
2026/05/29 08:51:01.209, 2623 MiB
2026/05/29 08:51:02.211, 2623 MiB
2026/05/29 08:51:03.211, 2623 MiB
2026/05/29 08:51:04.211, 2623 MiB
2026/05/29 08:51:05.211, 2623 MiB
2026/05/29 08:51:06.212, 2623 MiB
2026/05/29 08:51:07.214, 2623 MiB
2026/05/29 08:51:08.215, 2623 MiB
2026/05/29 08:51:09.215, 2623 MiB
2026/05/29 08:51:10.215, 2623 MiB
2026/05/29 08:51:11.215, 2623 MiB
2026/05/29 08:51:12.218, 2623 MiB
2026/05/29 08:51:13.218, 2623 MiB
2026/05/29 08:51:14.218, 2623 MiB
2026/05/29 08:51:15.219, 2623 MiB
2026/05/29 08:51:16.219, 2623 MiB
2026/05/29 08:51:17.219, 6283 MiB
2026/05/29 08:51:18.219, 6283 MiB
2026/05/29 08:51:19.220, 6283 MiB
2026/05/29 08:51:20.221, 4667 MiB
2026/05/29 08:51:21.221, 2627 MiB
2026/05/29 08:51:22.222, 2623 MiB
2026/05/29 08:51:23.222, 2623 MiB
2026/05/29 08:51:24.222, 2623 MiB
2026/05/29 08:51:25.222, 2623 MiB
2026/05/29 08:51:26.223, 2623 MiB
2026/05/29 08:51:27.223, 2623 MiB
2026/05/29 08:51:28.223, 2623 MiB
2026/05/29 08:51:29.224, 2623 MiB
2026/05/29 08:51:30.224, 2628 MiB
2026/05/29 08:51:31.224, 2628 MiB
2026/05/29 08:51:32.224, 2628 MiB
2026/05/29 08:51:33.225, 2628 MiB
2026/05/29 08:51:34.225, 2628 MiB
2026/05/29 08:51:35.226, 2628 MiB
2026/05/29 08:51:36.226, 2628 MiB
2026/05/29 08:51:37.226, 2628 MiB
2026/05/29 08:51:38.227, 2628 MiB
2026/05/29 08:51:39.227, 2628 MiB
2026/05/29 08:51:40.227, 2628 MiB
2026/05/29 08:51:41.228, 2628 MiB
2026/05/29 08:51:42.228, 2628 MiB
2026/05/29 08:51:43.229, 2628 MiB
2026/05/29 08:51:44.229, 2628 MiB
2026/05/29 08:51:45.229, 2628 MiB
2026/05/29 08:51:46.230, 2628 MiB
2026/05/29 08:51:47.230, 2628 MiB
2026/05/29 08:51:48.231, 2628 MiB
2026/05/29 08:51:49.231, 2628 MiB
2026/05/29 08:51:50.232, 2628 MiB
2026/05/29 08:51:51.232, 2628 MiB
2026/05/29 08:51:52.233, 2628 MiB
2026/05/29 08:51:53.233, 2628 MiB
2026/05/29 08:51:54.235, 2628 MiB
2026/05/29 08:51:55.235, 2628 MiB
2026/05/29 08:51:56.235, 2628 MiB
2026/05/29 08:51:57.235, 2628 MiB
2026/05/29 08:51:58.236, 2628 MiB
2026/05/29 08:51:59.237, 2628 MiB
2026/05/29 08:52:00.237, 6288 MiB
2026/05/29 08:52:01.237, 6288 MiB
2026/05/29 08:52:02.237, 6288 MiB
2026/05/29 08:52:03.238, 6528 MiB
2026/05/29 08:52:04.238, 2628 MiB
2026/05/29 08:52:05.238, 2628 MiB
2026/05/29 08:52:06.239, 2628 MiB
2026/05/29 08:52:07.239, 2628 MiB
2026/05/29 08:52:08.239, 2628 MiB
2026/05/29 08:52:09.239, 2628 MiB
2026/05/29 08:52:10.240, 2628 MiB
2026/05/29 08:52:11.240, 2628 MiB
2026/05/29 08:52:12.240, 2628 MiB
2026/05/29 08:52:13.240, 2628 MiB
2026/05/29 08:52:14.241, 2628 MiB
2026/05/29 08:52:15.241, 2628 MiB
2026/05/29 08:52:16.241, 2627 MiB
2026/05/29 08:52:17.242, 2624 MiB
2026/05/29 08:52:18.242, 2624 MiB
2026/05/29 08:52:19.242, 2624 MiB
2026/05/29 08:52:20.242, 2628 MiB
2026/05/29 08:52:21.243, 2628 MiB
2026/05/29 08:52:22.243, 2628 MiB
2026/05/29 08:52:23.243, 2628 MiB
2026/05/29 08:52:24.243, 2628 MiB
2026/05/29 08:52:25.244, 2628 MiB
2026/05/29 08:52:26.245, 2628 MiB
2026/05/29 08:52:27.245, 2628 MiB
2026/05/29 08:52:28.245, 2628 MiB
2026/05/29 08:52:29.245, 2628 MiB
2026/05/29 08:52:30.245, 2628 MiB
2026/05/29 08:52:31.246, 2628 MiB
2026/05/29 08:52:32.247, 2627 MiB
2026/05/29 08:52:33.247, 2624 MiB
2026/05/29 08:52:34.247, 2624 MiB
2026/05/29 08:52:35.248, 2628 MiB
2026/05/29 08:52:36.248, 2628 MiB
2026/05/29 08:52:37.248, 2628 MiB
2026/05/29 08:52:38.248, 2628 MiB
2026/05/29 08:52:39.249, 2628 MiB
2026/05/29 08:52:40.249, 2628 MiB
2026/05/29 08:52:41.249, 2628 MiB
2026/05/29 08:52:42.249, 2628 MiB
2026/05/29 08:52:43.249, 6288 MiB
2026/05/29 08:52:44.250, 6288 MiB
2026/05/29 08:52:45.250, 8768 MiB
2026/05/29 08:52:46.250, 2648 MiB
2026/05/29 08:52:47.251, 2647 MiB
2026/05/29 08:52:48.251, 2647 MiB
2026/05/29 08:52:49.251, 2643 MiB
2026/05/29 08:52:50.251, 2643 MiB
2026/05/29 08:52:51.252, 2648 MiB
2026/05/29 08:52:52.252, 2648 MiB
2026/05/29 08:52:53.252, 2648 MiB
2026/05/29 08:52:54.252, 2648 MiB
2026/05/29 08:52:55.253, 2648 MiB
2026/05/29 08:52:56.253, 2648 MiB
2026/05/29 08:52:57.253, 2648 MiB
2026/05/29 08:52:58.253, 2648 MiB
2026/05/29 08:52:59.254, 2648 MiB
2026/05/29 08:53:00.254, 2648 MiB
2026/05/29 08:53:01.254, 2648 MiB
2026/05/29 08:53:02.255, 2648 MiB
2026/05/29 08:53:03.255, 2648 MiB
2026/05/29 08:53:04.256, 2648 MiB
2026/05/29 08:53:05.256, 2648 MiB
2026/05/29 08:53:06.257, 2648 MiB
2026/05/29 08:53:07.258, 2648 MiB
2026/05/29 08:53:08.258, 2648 MiB
2026/05/29 08:53:09.258, 2648 MiB
2026/05/29 08:53:10.259, 2648 MiB
2026/05/29 08:53:11.259, 2648 MiB
2026/05/29 08:53:12.259, 2648 MiB
2026/05/29 08:53:13.260, 2647 MiB
2026/05/29 08:53:14.261, 2648 MiB
2026/05/29 08:53:15.262, 2648 MiB
2026/05/29 08:53:16.262, 2648 MiB
2026/05/29 08:53:17.267, 2648 MiB
2026/05/29 08:53:18.268, 2648 MiB
2026/05/29 08:53:19.268, 2648 MiB
2026/05/29 08:53:20.269, 2648 MiB
2026/05/29 08:53:21.269, 2648 MiB
2026/05/29 08:53:22.269, 2648 MiB
2026/05/29 08:53:23.270, 2648 MiB
2026/05/29 08:53:24.270, 2648 MiB
2026/05/29 08:53:25.270, 6308 MiB
2026/05/29 08:53:26.270, 6308 MiB
2026/05/29 08:53:27.271, 4588 MiB
2026/05/29 08:53:28.271, 2628 MiB
2026/05/29 08:53:29.271, 2627 MiB
2026/05/29 08:53:30.272, 2627 MiB
2026/05/29 08:53:31.272, 2623 MiB
2026/05/29 08:53:32.272, 2623 MiB
2026/05/29 08:53:33.272, 2623 MiB
2026/05/29 08:53:34.273, 2623 MiB
2026/05/29 08:53:35.273, 2623 MiB
2026/05/29 08:53:36.273, 2623 MiB
2026/05/29 08:53:37.273, 2623 MiB
2026/05/29 08:53:38.274, 2623 MiB
2026/05/29 08:53:39.274, 2623 MiB
2026/05/29 08:53:40.274, 2623 MiB
2026/05/29 08:53:41.274, 2623 MiB
2026/05/29 08:53:42.276, 2623 MiB
2026/05/29 08:53:43.276, 2623 MiB
2026/05/29 08:53:44.276, 2623 MiB
2026/05/29 08:53:45.276, 2623 MiB
2026/05/29 08:53:46.277, 2623 MiB
2026/05/29 08:53:47.277, 2623 MiB
2026/05/29 08:53:48.277, 2623 MiB
2026/05/29 08:53:49.278, 2623 MiB
2026/05/29 08:53:50.278, 2623 MiB
2026/05/29 08:53:51.278, 2623 MiB
2026/05/29 08:53:52.278, 2623 MiB
2026/05/29 08:53:53.279, 2623 MiB
2026/05/29 08:53:54.280, 2623 MiB
2026/05/29 08:53:55.281, 2623 MiB
2026/05/29 08:53:56.281, 2623 MiB
2026/05/29 08:53:57.281, 2623 MiB
2026/05/29 08:53:58.281, 2623 MiB
2026/05/29 08:53:59.282, 2623 MiB
2026/05/29 08:54:00.282, 2623 MiB
2026/05/29 08:54:01.282, 2620 MiB
2026/05/29 08:54:02.285, 2628 MiB
2026/05/29 08:54:03.285, 2628 MiB
2026/05/29 08:54:04.285, 2628 MiB
2026/05/29 08:54:05.286, 2628 MiB
2026/05/29 08:54:06.286, 2628 MiB
2026/05/29 08:54:07.286, 6284 MiB
2026/05/29 08:54:08.287, 6284 MiB
2026/05/29 08:54:09.287, 6284 MiB
2026/05/29 08:54:10.287, 8268 MiB
2026/05/29 08:54:11.287, 2628 MiB
2026/05/29 08:54:12.288, 2628 MiB
2026/05/29 08:54:13.288, 2628 MiB
2026/05/29 08:54:14.288, 2628 MiB
2026/05/29 08:54:15.288, 2628 MiB
2026/05/29 08:54:16.289, 2628 MiB
2026/05/29 08:54:17.289, 2628 MiB
2026/05/29 08:54:18.289, 2628 MiB
2026/05/29 08:54:19.290, 2628 MiB
2026/05/29 08:54:20.290, 2628 MiB
2026/05/29 08:54:21.290, 2628 MiB
2026/05/29 08:54:22.290, 2628 MiB
2026/05/29 08:54:23.291, 2628 MiB
2026/05/29 08:54:24.291, 2628 MiB
2026/05/29 08:54:25.291, 2628 MiB
2026/05/29 08:54:26.291, 2628 MiB
2026/05/29 08:54:27.292, 2628 MiB
2026/05/29 08:54:28.293, 2628 MiB
2026/05/29 08:54:29.293, 2628 MiB
2026/05/29 08:54:30.295, 2628 MiB
2026/05/29 08:54:31.296, 2628 MiB
2026/05/29 08:54:32.296, 2628 MiB
2026/05/29 08:54:33.296, 2628 MiB
2026/05/29 08:54:34.297, 2628 MiB
2026/05/29 08:54:35.297, 2628 MiB
2026/05/29 08:54:36.297, 2628 MiB
2026/05/29 08:54:37.297, 2628 MiB
2026/05/29 08:54:38.298, 2627 MiB
2026/05/29 08:54:39.298, 2627 MiB
2026/05/29 08:54:40.298, 2623 MiB
2026/05/29 08:54:41.299, 2623 MiB
2026/05/29 08:54:42.299, 2623 MiB
2026/05/29 08:54:43.299, 2623 MiB
2026/05/29 08:54:44.299, 2623 MiB
2026/05/29 08:54:45.300, 2623 MiB
2026/05/29 08:54:46.300, 2623 MiB
2026/05/29 08:54:47.300, 2623 MiB
2026/05/29 08:54:48.301, 2623 MiB
2026/05/29 08:54:49.302, 2623 MiB
2026/05/29 08:54:50.302, 6283 MiB
2026/05/29 08:54:51.302, 6283 MiB
2026/05/29 08:54:52.302, 6283 MiB
2026/05/29 08:54:53.303, 8880 MiB
2026/05/29 08:54:54.303, 2648 MiB
2026/05/29 08:54:55.303, 2648 MiB
2026/05/29 08:54:56.303, 2648 MiB
2026/05/29 08:54:57.304, 2648 MiB
2026/05/29 08:54:58.304, 2648 MiB
2026/05/29 08:54:59.304, 2648 MiB
2026/05/29 08:55:00.304, 2648 MiB
2026/05/29 08:55:01.305, 2647 MiB
2026/05/29 08:55:02.305, 2644 MiB
2026/05/29 08:55:03.315, 2648 MiB
2026/05/29 08:55:04.316, 2648 MiB
2026/05/29 08:55:05.316, 2648 MiB
2026/05/29 08:55:06.316, 2648 MiB
2026/05/29 08:55:07.317, 2648 MiB
2026/05/29 08:55:08.317, 2648 MiB
2026/05/29 08:55:09.317, 2648 MiB
2026/05/29 08:55:10.318, 2648 MiB
2026/05/29 08:55:11.318, 2648 MiB
2026/05/29 08:55:12.318, 2648 MiB
2026/05/29 08:55:13.318, 2648 MiB
2026/05/29 08:55:14.319, 2648 MiB
2026/05/29 08:55:15.319, 2648 MiB
2026/05/29 08:55:16.320, 2648 MiB
2026/05/29 08:55:17.321, 2648 MiB
2026/05/29 08:55:18.321, 2648 MiB
2026/05/29 08:55:19.321, 2648 MiB
2026/05/29 08:55:20.322, 2648 MiB
2026/05/29 08:55:21.322, 2648 MiB
2026/05/29 08:55:22.322, 2648 MiB
2026/05/29 08:55:23.325, 2648 MiB
2026/05/29 08:55:24.325, 2648 MiB
2026/05/29 08:55:25.325, 2648 MiB
2026/05/29 08:55:26.325, 2648 MiB
2026/05/29 08:55:27.326, 2648 MiB
2026/05/29 08:55:28.329, 2648 MiB
2026/05/29 08:55:29.329, 2648 MiB
2026/05/29 08:55:30.329, 2647 MiB
2026/05/29 08:55:31.330, 2647 MiB
2026/05/29 08:55:32.331, 4783 MiB
2026/05/29 08:55:33.331, 6043 MiB
2026/05/29 08:55:34.332, 6040 MiB
2026/05/29 08:55:35.332, 6040 MiB
2026/05/29 08:55:36.332, 2620 MiB
2026/05/29 08:55:37.332, 2620 MiB
2026/05/29 08:55:38.333, 2616 MiB
2026/05/29 08:55:39.333, 2628 MiB
2026/05/29 08:55:40.333, 2628 MiB
2026/05/29 08:55:41.333, 2628 MiB
2026/05/29 08:55:42.334, 2628 MiB
2026/05/29 08:55:43.334, 2628 MiB
2026/05/29 08:55:44.334, 2628 MiB
2026/05/29 08:55:45.334, 2628 MiB
2026/05/29 08:55:46.335, 2627 MiB
2026/05/29 08:55:47.335, 2624 MiB
2026/05/29 08:55:48.335, 2624 MiB
2026/05/29 08:55:49.336, 2624 MiB
2026/05/29 08:55:50.336, 2624 MiB
2026/05/29 08:55:51.336, 2624 MiB
2026/05/29 08:55:52.337, 2624 MiB
2026/05/29 08:55:53.338, 2624 MiB
2026/05/29 08:55:54.338, 2624 MiB
2026/05/29 08:55:55.338, 2628 MiB
2026/05/29 08:55:56.338, 2628 MiB
2026/05/29 08:55:57.339, 2628 MiB
2026/05/29 08:55:58.339, 2628 MiB
2026/05/29 08:55:59.340, 2628 MiB
2026/05/29 08:56:00.340, 2628 MiB
2026/05/29 08:56:01.340, 2628 MiB
2026/05/29 08:56:02.340, 2628 MiB
2026/05/29 08:56:03.341, 2628 MiB
2026/05/29 08:56:04.341, 2628 MiB
2026/05/29 08:56:05.342, 2628 MiB
2026/05/29 08:56:06.342, 2628 MiB
2026/05/29 08:56:07.342, 2628 MiB
2026/05/29 08:56:08.343, 2628 MiB
2026/05/29 08:56:09.344, 2628 MiB
2026/05/29 08:56:10.344, 2628 MiB
2026/05/29 08:56:11.344, 2628 MiB
2026/05/29 08:56:12.344, 2628 MiB
2026/05/29 08:56:13.345, 2628 MiB
2026/05/29 08:56:14.345, 2628 MiB
2026/05/29 08:56:15.346, 6288 MiB
2026/05/29 08:56:16.346, 6288 MiB
2026/05/29 08:56:17.347, 6288 MiB
2026/05/29 08:56:18.347, 9028 MiB
2026/05/29 08:56:19.347, 2647 MiB
2026/05/29 08:56:20.347, 2643 MiB
2026/05/29 08:56:21.348, 2640 MiB
2026/05/29 08:56:22.348, 2648 MiB
2026/05/29 08:56:23.348, 2648 MiB
2026/05/29 08:56:24.348, 2648 MiB
2026/05/29 08:56:25.349, 2648 MiB
2026/05/29 08:56:26.349, 2648 MiB
2026/05/29 08:56:27.349, 2648 MiB
2026/05/29 08:56:28.349, 2647 MiB
2026/05/29 08:56:29.350, 2644 MiB
2026/05/29 08:56:30.350, 2644 MiB
2026/05/29 08:56:31.350, 2644 MiB
2026/05/29 08:56:32.350, 2644 MiB
2026/05/29 08:56:33.352, 2648 MiB
2026/05/29 08:56:34.352, 2648 MiB
2026/05/29 08:56:35.352, 2648 MiB
2026/05/29 08:56:36.353, 2648 MiB
2026/05/29 08:56:37.353, 2648 MiB
2026/05/29 08:56:38.354, 2648 MiB
2026/05/29 08:56:39.354, 2648 MiB
2026/05/29 08:56:40.354, 2648 MiB
2026/05/29 08:56:41.355, 2648 MiB
2026/05/29 08:56:42.355, 2648 MiB
2026/05/29 08:56:43.355, 2648 MiB
2026/05/29 08:56:44.355, 2648 MiB
2026/05/29 08:56:45.356, 2648 MiB
2026/05/29 08:56:46.357, 2648 MiB
2026/05/29 08:56:47.357, 2648 MiB
2026/05/29 08:56:48.357, 2648 MiB
2026/05/29 08:56:49.357, 2648 MiB
2026/05/29 08:56:50.359, 2648 MiB
2026/05/29 08:56:51.359, 2648 MiB
2026/05/29 08:56:52.359, 2648 MiB
2026/05/29 08:56:53.360, 2648 MiB
2026/05/29 08:56:54.360, 2648 MiB
2026/05/29 08:56:55.360, 2648 MiB
2026/05/29 08:56:56.360, 2648 MiB
2026/05/29 08:56:57.361, 6048 MiB
2026/05/29 08:56:58.361, 6043 MiB
2026/05/29 08:56:59.361, 6043 MiB
2026/05/29 08:57:00.370, 3763 MiB
2026/05/29 08:57:01.370, 2643 MiB
2026/05/29 08:57:02.370, 2643 MiB
2026/05/29 08:57:03.371, 2643 MiB
2026/05/29 08:57:04.371, 2643 MiB
2026/05/29 08:57:05.371, 2643 MiB
2026/05/29 08:57:06.371, 2643 MiB
2026/05/29 08:57:07.372, 2643 MiB
2026/05/29 08:57:08.372, 2643 MiB
2026/05/29 08:57:09.372, 2643 MiB
2026/05/29 08:57:10.372, 2643 MiB
2026/05/29 08:57:11.373, 2643 MiB
2026/05/29 08:57:12.373, 2643 MiB
2026/05/29 08:57:13.373, 2643 MiB
2026/05/29 08:57:14.374, 2643 MiB
2026/05/29 08:57:15.375, 2643 MiB
2026/05/29 08:57:16.375, 2643 MiB
2026/05/29 08:57:17.376, 2643 MiB
2026/05/29 08:57:18.378, 2643 MiB
2026/05/29 08:57:19.378, 2643 MiB
2026/05/29 08:57:20.378, 2643 MiB
2026/05/29 08:57:21.379, 2643 MiB
2026/05/29 08:57:22.380, 2643 MiB
2026/05/29 08:57:23.380, 2643 MiB
2026/05/29 08:57:24.380, 2643 MiB
2026/05/29 08:57:25.380, 2643 MiB
2026/05/29 08:57:26.382, 2643 MiB
2026/05/29 08:57:27.382, 2643 MiB
2026/05/29 08:57:28.382, 2643 MiB
2026/05/29 08:57:29.382, 2643 MiB
2026/05/29 08:57:30.383, 2643 MiB
2026/05/29 08:57:31.383, 2643 MiB
2026/05/29 08:57:32.383, 2643 MiB
2026/05/29 08:57:33.384, 2643 MiB
2026/05/29 08:57:34.385, 2643 MiB
2026/05/29 08:57:35.385, 2643 MiB
2026/05/29 08:57:36.385, 2643 MiB
2026/05/29 08:57:37.386, 2643 MiB
2026/05/29 08:57:38.387, 2643 MiB
2026/05/29 08:57:39.387, 2643 MiB
2026/05/29 08:57:40.387, 6003 MiB
2026/05/29 08:57:41.387, 6003 MiB
2026/05/29 08:57:42.388, 6003 MiB
2026/05/29 08:57:43.389, 8983 MiB
2026/05/29 08:57:44.389, 2623 MiB
2026/05/29 08:57:45.390, 2623 MiB
2026/05/29 08:57:46.390, 2623 MiB
2026/05/29 08:57:47.390, 2623 MiB
2026/05/29 08:57:48.390, 2623 MiB
2026/05/29 08:57:49.391, 2623 MiB
2026/05/29 08:57:50.391, 2623 MiB
2026/05/29 08:57:51.391, 2623 MiB
2026/05/29 08:57:52.391, 2623 MiB
2026/05/29 08:57:53.392, 2623 MiB
2026/05/29 08:57:54.392, 2623 MiB
2026/05/29 08:57:55.393, 2623 MiB
2026/05/29 08:57:56.393, 2623 MiB
2026/05/29 08:57:57.393, 2623 MiB
2026/05/29 08:57:58.394, 2623 MiB
2026/05/29 08:57:59.394, 2623 MiB
2026/05/29 08:58:00.396, 2623 MiB
2026/05/29 08:58:01.397, 2623 MiB
2026/05/29 08:58:02.397, 2623 MiB
2026/05/29 08:58:03.397, 2623 MiB
2026/05/29 08:58:04.398, 2623 MiB
2026/05/29 08:58:05.399, 2623 MiB
2026/05/29 08:58:06.399, 2623 MiB
2026/05/29 08:58:07.400, 2623 MiB
2026/05/29 08:58:08.400, 2623 MiB
2026/05/29 08:58:09.401, 2623 MiB
2026/05/29 08:58:10.401, 2623 MiB
2026/05/29 08:58:11.403, 2623 MiB
2026/05/29 08:58:12.403, 2623 MiB
2026/05/29 08:58:13.403, 2623 MiB
2026/05/29 08:58:14.404, 2623 MiB
2026/05/29 08:58:15.405, 2623 MiB
2026/05/29 08:58:16.405, 2623 MiB
2026/05/29 08:58:17.406, 2623 MiB
2026/05/29 08:58:18.406, 2623 MiB
2026/05/29 08:58:19.407, 2623 MiB
2026/05/29 08:58:20.407, 2623 MiB
2026/05/29 08:58:21.407, 2623 MiB
2026/05/29 08:58:22.408, 2623 MiB
2026/05/29 08:58:23.408, 2623 MiB
2026/05/29 08:58:24.409, 2623 MiB
2026/05/29 08:58:25.409, 6283 MiB
2026/05/29 08:58:26.409, 6283 MiB
2026/05/29 08:58:27.409, 6283 MiB
2026/05/29 08:58:28.410, 9343 MiB
2026/05/29 08:58:29.410, 2663 MiB
2026/05/29 08:58:30.411, 2663 MiB
2026/05/29 08:58:31.411, 2663 MiB
2026/05/29 08:58:32.411, 2663 MiB
2026/05/29 08:58:33.412, 2663 MiB
2026/05/29 08:58:34.412, 2663 MiB
2026/05/29 08:58:35.412, 2663 MiB
2026/05/29 08:58:36.412, 2663 MiB
2026/05/29 08:58:37.413, 2663 MiB
2026/05/29 08:58:38.413, 2663 MiB
2026/05/29 08:58:39.413, 2663 MiB
2026/05/29 08:58:40.414, 2663 MiB
2026/05/29 08:58:41.414, 2663 MiB
2026/05/29 08:58:42.415, 2663 MiB
2026/05/29 08:58:43.416, 2663 MiB
2026/05/29 08:58:44.417, 2663 MiB
2026/05/29 08:58:45.418, 2663 MiB
2026/05/29 08:58:46.419, 2663 MiB
2026/05/29 08:58:47.430, 2663 MiB
2026/05/29 08:58:48.431, 2663 MiB
2026/05/29 08:58:49.431, 2663 MiB
2026/05/29 08:58:50.432, 2663 MiB
2026/05/29 08:58:51.432, 2663 MiB
2026/05/29 08:58:52.432, 2663 MiB
2026/05/29 08:58:53.432, 2663 MiB
2026/05/29 08:58:54.432, 2663 MiB
2026/05/29 08:58:55.433, 2663 MiB
2026/05/29 08:58:56.433, 2663 MiB
2026/05/29 08:58:57.435, 2663 MiB
2026/05/29 08:58:58.435, 2663 MiB
2026/05/29 08:58:59.435, 2663 MiB
2026/05/29 08:59:00.436, 2663 MiB
2026/05/29 08:59:01.437, 2663 MiB
2026/05/29 08:59:02.437, 2663 MiB
2026/05/29 08:59:03.437, 2663 MiB
2026/05/29 08:59:04.438, 2663 MiB
2026/05/29 08:59:05.438, 2663 MiB
2026/05/29 08:59:06.438, 2663 MiB
2026/05/29 08:59:07.438, 2663 MiB
2026/05/29 08:59:08.439, 6023 MiB
2026/05/29 08:59:09.439, 6023 MiB
2026/05/29 08:59:10.449, 6027 MiB
2026/05/29 08:59:11.449, 8847 MiB
2026/05/29 08:59:12.450, 2627 MiB
2026/05/29 08:59:13.450, 2623 MiB
2026/05/29 08:59:14.450, 2623 MiB
2026/05/29 08:59:15.451, 2623 MiB
2026/05/29 08:59:16.451, 2623 MiB
2026/05/29 08:59:17.451, 2623 MiB
2026/05/29 08:59:18.451, 2623 MiB
2026/05/29 08:59:19.452, 2623 MiB
2026/05/29 08:59:20.452, 2623 MiB
2026/05/29 08:59:21.452, 2623 MiB
2026/05/29 08:59:22.452, 2623 MiB
2026/05/29 08:59:23.453, 2623 MiB
2026/05/29 08:59:24.453, 2623 MiB
2026/05/29 08:59:25.453, 2623 MiB
2026/05/29 08:59:26.455, 2628 MiB
2026/05/29 08:59:27.455, 2628 MiB
2026/05/29 08:59:28.455, 2628 MiB
2026/05/29 08:59:29.456, 2628 MiB
2026/05/29 08:59:30.456, 2628 MiB
2026/05/29 08:59:31.456, 2628 MiB
2026/05/29 08:59:32.456, 2627 MiB
2026/05/29 08:59:33.462, 2628 MiB
2026/05/29 08:59:34.463, 2628 MiB
2026/05/29 08:59:35.464, 2628 MiB
2026/05/29 08:59:36.464, 2628 MiB
2026/05/29 08:59:37.465, 2628 MiB
2026/05/29 08:59:38.465, 2628 MiB
2026/05/29 08:59:39.465, 2628 MiB
2026/05/29 08:59:40.466, 2628 MiB
2026/05/29 08:59:41.466, 2628 MiB
2026/05/29 08:59:42.467, 2628 MiB
2026/05/29 08:59:43.468, 2628 MiB
2026/05/29 08:59:44.470, 2628 MiB
2026/05/29 08:59:45.470, 2628 MiB
2026/05/29 08:59:46.474, 2628 MiB
2026/05/29 08:59:47.474, 2628 MiB
2026/05/29 08:59:48.475, 2628 MiB
2026/05/29 08:59:49.475, 2628 MiB
2026/05/29 08:59:50.475, 2808 MiB
2026/05/29 08:59:51.476, 6288 MiB
2026/05/29 08:59:52.476, 6288 MiB
2026/05/29 08:59:53.476, 6287 MiB
2026/05/29 08:59:54.477, 7227 MiB
2026/05/29 08:59:55.477, 2643 MiB
2026/05/29 08:59:56.477, 2643 MiB
2026/05/29 08:59:57.478, 2643 MiB
2026/05/29 08:59:58.478, 2643 MiB
2026/05/29 08:59:59.478, 2643 MiB
2026/05/29 09:00:00.479, 2643 MiB
2026/05/29 09:00:01.479, 2643 MiB
2026/05/29 09:00:02.480, 2643 MiB
2026/05/29 09:00:03.480, 2643 MiB
2026/05/29 09:00:04.480, 2643 MiB
2026/05/29 09:00:05.481, 2643 MiB
2026/05/29 09:00:06.482, 2643 MiB
2026/05/29 09:00:07.482, 2643 MiB
2026/05/29 09:00:08.482, 2643 MiB
2026/05/29 09:00:09.482, 2643 MiB
2026/05/29 09:00:10.483, 2643 MiB
2026/05/29 09:00:11.483, 2643 MiB
2026/05/29 09:00:12.484, 2643 MiB
2026/05/29 09:00:13.484, 2643 MiB
2026/05/29 09:00:14.484, 2643 MiB
2026/05/29 09:00:15.486, 2643 MiB
2026/05/29 09:00:16.486, 2643 MiB
2026/05/29 09:00:17.487, 2643 MiB
2026/05/29 09:00:18.488, 2643 MiB
2026/05/29 09:00:19.488, 2643 MiB
2026/05/29 09:00:20.490, 2643 MiB
2026/05/29 09:00:21.490, 2643 MiB
2026/05/29 09:00:22.490, 2643 MiB
2026/05/29 09:00:23.490, 2643 MiB
2026/05/29 09:00:24.491, 2648 MiB
2026/05/29 09:00:25.491, 2648 MiB
2026/05/29 09:00:26.492, 2648 MiB
2026/05/29 09:00:27.492, 2648 MiB
2026/05/29 09:00:28.492, 2648 MiB
2026/05/29 09:00:29.493, 2648 MiB
2026/05/29 09:00:30.493, 2648 MiB
2026/05/29 09:00:31.494, 2648 MiB
2026/05/29 09:00:32.494, 2648 MiB
2026/05/29 09:00:33.494, 6008 MiB
2026/05/29 09:00:34.495, 6008 MiB
2026/05/29 09:00:35.495, 6008 MiB
2026/05/29 09:00:36.495, 6008 MiB
2026/05/29 09:00:37.496, 2627 MiB
2026/05/29 09:00:38.496, 2627 MiB
2026/05/29 09:00:39.496, 2623 MiB
2026/05/29 09:00:40.497, 2623 MiB
2026/05/29 09:00:41.497, 2623 MiB
2026/05/29 09:00:42.498, 2623 MiB
2026/05/29 09:00:43.498, 2623 MiB
2026/05/29 09:00:44.498, 2623 MiB
2026/05/29 09:00:45.499, 2623 MiB
2026/05/29 09:00:46.499, 2623 MiB
2026/05/29 09:00:47.499, 2623 MiB
2026/05/29 09:00:48.500, 2623 MiB
2026/05/29 09:00:49.500, 2623 MiB
2026/05/29 09:00:50.500, 2623 MiB
2026/05/29 09:00:51.500, 2623 MiB
2026/05/29 09:00:52.501, 2623 MiB
2026/05/29 09:00:53.501, 2623 MiB
2026/05/29 09:00:54.501, 2623 MiB
2026/05/29 09:00:55.502, 2623 MiB
2026/05/29 09:00:56.502, 2623 MiB
2026/05/29 09:00:57.502, 2623 MiB
2026/05/29 09:00:58.503, 2623 MiB
2026/05/29 09:00:59.503, 2623 MiB
2026/05/29 09:01:00.503, 2623 MiB
2026/05/29 09:01:01.504, 2623 MiB
2026/05/29 09:01:02.506, 2623 MiB
2026/05/29 09:01:03.506, 2623 MiB
2026/05/29 09:01:04.507, 2623 MiB
2026/05/29 09:01:05.507, 2623 MiB
2026/05/29 09:01:06.508, 2623 MiB
2026/05/29 09:01:07.509, 2623 MiB
2026/05/29 09:01:08.509, 2623 MiB
2026/05/29 09:01:09.509, 2623 MiB
2026/05/29 09:01:10.510, 2623 MiB
2026/05/29 09:01:11.510, 2623 MiB
2026/05/29 09:01:12.511, 2623 MiB
2026/05/29 09:01:13.511, 2623 MiB
2026/05/29 09:01:14.512, 2623 MiB
2026/05/29 09:01:15.512, 2623 MiB
2026/05/29 09:01:16.513, 6283 MiB
2026/05/29 09:01:17.513, 6283 MiB
2026/05/29 09:01:18.513, 6283 MiB
2026/05/29 09:01:19.513, 3283 MiB
2026/05/29 09:01:20.514, 2623 MiB
2026/05/29 09:01:21.514, 2623 MiB
2026/05/29 09:01:22.514, 2623 MiB
2026/05/29 09:01:23.514, 2623 MiB
2026/05/29 09:01:24.515, 2623 MiB
2026/05/29 09:01:25.515, 2623 MiB
2026/05/29 09:01:26.515, 2623 MiB
2026/05/29 09:01:27.516, 2623 MiB
2026/05/29 09:01:28.533, 2623 MiB
2026/05/29 09:01:29.533, 2623 MiB
2026/05/29 09:01:30.533, 2623 MiB
2026/05/29 09:01:31.534, 2623 MiB
2026/05/29 09:01:32.534, 2623 MiB
2026/05/29 09:01:33.534, 2623 MiB
2026/05/29 09:01:34.535, 2623 MiB
2026/05/29 09:01:35.535, 2623 MiB
2026/05/29 09:01:36.535, 2623 MiB
2026/05/29 09:01:37.535, 2623 MiB
2026/05/29 09:01:38.536, 2623 MiB
2026/05/29 09:01:39.537, 2623 MiB
2026/05/29 09:01:40.538, 2623 MiB
2026/05/29 09:01:41.538, 2623 MiB
2026/05/29 09:01:42.539, 2623 MiB
2026/05/29 09:01:43.540, 2623 MiB
2026/05/29 09:01:44.540, 2623 MiB
2026/05/29 09:01:45.541, 2623 MiB
2026/05/29 09:01:46.542, 2623 MiB
2026/05/29 09:01:47.543, 2623 MiB
2026/05/29 09:01:48.544, 2623 MiB
2026/05/29 09:01:49.544, 2623 MiB
2026/05/29 09:01:50.544, 2623 MiB
2026/05/29 09:01:51.559, 2623 MiB
2026/05/29 09:01:52.560, 2623 MiB
2026/05/29 09:01:53.560, 2623 MiB
2026/05/29 09:01:54.560, 2623 MiB
2026/05/29 09:01:55.561, 2623 MiB
2026/05/29 09:01:56.562, 2623 MiB
2026/05/29 09:01:57.562, 2623 MiB
2026/05/29 09:01:58.563, 2623 MiB
2026/05/29 09:01:59.565, 6283 MiB
2026/05/29 09:02:00.565, 6283 MiB
2026/05/29 09:02:01.566, 6283 MiB
2026/05/29 09:02:02.566, 6283 MiB
2026/05/29 09:02:03.566, 2643 MiB
2026/05/29 09:02:04.567, 2643 MiB
2026/05/29 09:02:05.567, 2643 MiB
2026/05/29 09:02:06.567, 2643 MiB
2026/05/29 09:02:07.567, 2643 MiB
2026/05/29 09:02:08.568, 2643 MiB
2026/05/29 09:02:09.568, 2643 MiB
2026/05/29 09:02:10.568, 2643 MiB
2026/05/29 09:02:11.569, 2643 MiB
2026/05/29 09:02:12.569, 2643 MiB
2026/05/29 09:02:13.569, 2643 MiB
2026/05/29 09:02:14.570, 2643 MiB
2026/05/29 09:02:15.570, 2643 MiB
2026/05/29 09:02:16.570, 2643 MiB
2026/05/29 09:02:17.571, 2643 MiB
2026/05/29 09:02:18.571, 2643 MiB
2026/05/29 09:02:19.573, 2643 MiB
2026/05/29 09:02:20.573, 2643 MiB
2026/05/29 09:02:21.574, 2643 MiB
2026/05/29 09:02:22.574, 2643 MiB
2026/05/29 09:02:23.574, 2643 MiB
2026/05/29 09:02:24.575, 2643 MiB
2026/05/29 09:02:25.575, 2643 MiB
2026/05/29 09:02:26.575, 2643 MiB
2026/05/29 09:02:27.576, 2643 MiB
2026/05/29 09:02:28.576, 2643 MiB
2026/05/29 09:02:29.577, 2643 MiB
2026/05/29 09:02:30.577, 2643 MiB
2026/05/29 09:02:31.579, 2643 MiB
2026/05/29 09:02:32.579, 2643 MiB
2026/05/29 09:02:33.579, 2643 MiB
2026/05/29 09:02:34.581, 2643 MiB
2026/05/29 09:02:35.582, 2643 MiB
2026/05/29 09:02:36.583, 2643 MiB
2026/05/29 09:02:37.584, 2643 MiB
2026/05/29 09:02:38.584, 2643 MiB
2026/05/29 09:02:39.585, 2643 MiB
2026/05/29 09:02:40.586, 2643 MiB
2026/05/29 09:02:41.587, 2643 MiB
2026/05/29 09:02:42.587, 4543 MiB
2026/05/29 09:02:43.587, 6303 MiB
2026/05/29 09:02:44.595, 6303 MiB
2026/05/29 09:02:45.596, 6303 MiB
2026/05/29 09:02:46.596, 2643 MiB
2026/05/29 09:02:47.596, 2643 MiB
2026/05/29 09:02:48.596, 2643 MiB
2026/05/29 09:02:49.597, 2643 MiB
2026/05/29 09:02:50.597, 2643 MiB
2026/05/29 09:02:51.597, 2643 MiB
2026/05/29 09:02:52.598, 2641 MiB
2026/05/29 09:02:53.598, 2642 MiB
2026/05/29 09:02:54.598, 2642 MiB
2026/05/29 09:02:55.598, 2641 MiB
2026/05/29 09:02:56.599, 2641 MiB
2026/05/29 09:02:57.599, 2641 MiB
2026/05/29 09:02:58.600, 2641 MiB
2026/05/29 09:02:59.600, 2641 MiB
2026/05/29 09:03:00.601, 2641 MiB
2026/05/29 09:03:01.601, 2641 MiB
2026/05/29 09:03:02.602, 2641 MiB
2026/05/29 09:03:03.602, 2641 MiB
2026/05/29 09:03:04.602, 2641 MiB
2026/05/29 09:03:05.603, 2641 MiB
2026/05/29 09:03:06.603, 2641 MiB
2026/05/29 09:03:07.603, 2641 MiB
2026/05/29 09:03:08.604, 2641 MiB
2026/05/29 09:03:09.605, 2641 MiB
2026/05/29 09:03:10.605, 2641 MiB
2026/05/29 09:03:11.605, 2641 MiB
2026/05/29 09:03:12.605, 2641 MiB
2026/05/29 09:03:13.606, 2641 MiB
2026/05/29 09:03:14.606, 2641 MiB
2026/05/29 09:03:15.607, 2641 MiB
2026/05/29 09:03:16.607, 2641 MiB
2026/05/29 09:03:17.608, 2641 MiB
2026/05/29 09:03:18.608, 2641 MiB
2026/05/29 09:03:19.609, 2641 MiB
2026/05/29 09:03:20.609, 2641 MiB
2026/05/29 09:03:21.609, 2641 MiB
2026/05/29 09:03:22.609, 2641 MiB
2026/05/29 09:03:23.610, 2641 MiB
2026/05/29 09:03:24.610, 2641 MiB
2026/05/29 09:03:25.610, 6301 MiB
2026/05/29 09:03:26.610, 6301 MiB
2026/05/29 09:03:27.610, 6301 MiB
2026/05/29 09:03:28.611, 2641 MiB
2026/05/29 09:03:29.620, 2621 MiB
2026/05/29 09:03:30.621, 2621 MiB
2026/05/29 09:03:31.621, 2621 MiB
2026/05/29 09:03:32.621, 2621 MiB
2026/05/29 09:03:33.621, 2621 MiB
2026/05/29 09:03:34.622, 2621 MiB
2026/05/29 09:03:35.622, 2621 MiB
2026/05/29 09:03:36.622, 2621 MiB
2026/05/29 09:03:37.623, 2621 MiB
2026/05/29 09:03:38.623, 2621 MiB
2026/05/29 09:03:39.624, 2621 MiB
2026/05/29 09:03:40.624, 2621 MiB
2026/05/29 09:03:41.624, 2621 MiB
2026/05/29 09:03:42.625, 2621 MiB
2026/05/29 09:03:43.625, 2621 MiB
2026/05/29 09:03:44.626, 2621 MiB
2026/05/29 09:03:45.626, 2621 MiB
2026/05/29 09:03:46.626, 2621 MiB
2026/05/29 09:03:47.627, 2621 MiB
2026/05/29 09:03:48.627, 2621 MiB
2026/05/29 09:03:49.627, 2621 MiB
2026/05/29 09:03:50.628, 2621 MiB
2026/05/29 09:03:51.628, 2621 MiB
2026/05/29 09:03:52.628, 2621 MiB
2026/05/29 09:03:53.629, 2621 MiB
2026/05/29 09:03:54.629, 2621 MiB
2026/05/29 09:03:55.629, 2621 MiB
2026/05/29 09:03:56.630, 2621 MiB
2026/05/29 09:03:57.630, 2621 MiB
2026/05/29 09:03:58.630, 2621 MiB
2026/05/29 09:03:59.631, 2621 MiB
2026/05/29 09:04:00.631, 2621 MiB
2026/05/29 09:04:01.632, 2621 MiB
2026/05/29 09:04:02.632, 2621 MiB
2026/05/29 09:04:03.632, 2621 MiB
2026/05/29 09:04:04.633, 2621 MiB
2026/05/29 09:04:05.634, 2621 MiB
2026/05/29 09:04:06.634, 2621 MiB
2026/05/29 09:04:07.634, 2801 MiB
2026/05/29 09:04:08.635, 6281 MiB
2026/05/29 09:04:09.636, 6281 MiB
2026/05/29 09:04:10.637, 6281 MiB
2026/05/29 09:04:11.637, 9100 MiB
2026/05/29 09:04:12.637, 2621 MiB
2026/05/29 09:04:13.638, 2621 MiB
2026/05/29 09:04:14.639, 2621 MiB
2026/05/29 09:04:15.639, 2621 MiB
2026/05/29 09:04:16.639, 2621 MiB
2026/05/29 09:04:17.640, 2621 MiB
2026/05/29 09:04:18.640, 2621 MiB
2026/05/29 09:04:19.640, 2621 MiB
2026/05/29 09:04:20.641, 2621 MiB
2026/05/29 09:04:21.641, 2621 MiB
2026/05/29 09:04:22.641, 2621 MiB
2026/05/29 09:04:23.641, 2621 MiB
2026/05/29 09:04:24.642, 2621 MiB
2026/05/29 09:04:25.642, 2621 MiB
2026/05/29 09:04:26.642, 2621 MiB
2026/05/29 09:04:27.643, 2621 MiB
2026/05/29 09:04:28.644, 2621 MiB
2026/05/29 09:04:29.645, 2621 MiB
2026/05/29 09:04:30.645, 2621 MiB
2026/05/29 09:04:31.645, 2621 MiB
2026/05/29 09:04:32.645, 2621 MiB
2026/05/29 09:04:33.646, 2621 MiB
2026/05/29 09:04:34.648, 2621 MiB
2026/05/29 09:04:35.648, 2621 MiB
2026/05/29 09:04:36.649, 2621 MiB
2026/05/29 09:04:37.649, 2621 MiB
2026/05/29 09:04:38.649, 2621 MiB
2026/05/29 09:04:39.651, 2621 MiB
2026/05/29 09:04:40.652, 2621 MiB
2026/05/29 09:04:41.652, 2621 MiB
2026/05/29 09:04:42.652, 2621 MiB
2026/05/29 09:04:43.653, 2621 MiB
2026/05/29 09:04:44.653, 2621 MiB
2026/05/29 09:04:45.654, 2621 MiB
2026/05/29 09:04:46.654, 2621 MiB
2026/05/29 09:04:47.654, 2621 MiB
2026/05/29 09:04:48.656, 2621 MiB
2026/05/29 09:04:49.656, 2621 MiB
2026/05/29 09:04:50.656, 6281 MiB
2026/05/29 09:04:51.656, 6301 MiB
2026/05/29 09:04:52.657, 6301 MiB
2026/05/29 09:04:53.657, 6301 MiB
2026/05/29 09:04:54.667, 2641 MiB
2026/05/29 09:04:55.667, 2641 MiB
2026/05/29 09:04:56.667, 2641 MiB
2026/05/29 09:04:57.668, 2641 MiB
2026/05/29 09:04:58.668, 2641 MiB
2026/05/29 09:04:59.668, 2641 MiB
2026/05/29 09:05:00.668, 2641 MiB
2026/05/29 09:05:01.669, 2641 MiB
2026/05/29 09:05:02.669, 2641 MiB
2026/05/29 09:05:03.669, 2641 MiB
2026/05/29 09:05:04.670, 2641 MiB
2026/05/29 09:05:05.670, 2641 MiB
2026/05/29 09:05:06.671, 2641 MiB
2026/05/29 09:05:07.671, 2641 MiB
2026/05/29 09:05:08.671, 2641 MiB
2026/05/29 09:05:09.672, 2641 MiB
2026/05/29 09:05:10.673, 2641 MiB
2026/05/29 09:05:11.673, 2641 MiB
2026/05/29 09:05:12.673, 2641 MiB
2026/05/29 09:05:13.674, 2641 MiB
2026/05/29 09:05:14.674, 2641 MiB
2026/05/29 09:05:15.675, 2641 MiB
2026/05/29 09:05:16.675, 2641 MiB
2026/05/29 09:05:17.675, 2641 MiB
2026/05/29 09:05:18.676, 2641 MiB
2026/05/29 09:05:19.677, 2641 MiB
2026/05/29 09:05:20.677, 2641 MiB
2026/05/29 09:05:21.677, 2641 MiB
2026/05/29 09:05:22.678, 2641 MiB
2026/05/29 09:05:23.678, 2641 MiB
2026/05/29 09:05:24.679, 2641 MiB
2026/05/29 09:05:25.679, 2641 MiB
2026/05/29 09:05:26.679, 2641 MiB
2026/05/29 09:05:27.680, 2641 MiB
2026/05/29 09:05:28.680, 2641 MiB
2026/05/29 09:05:29.681, 2641 MiB
2026/05/29 09:05:30.681, 2641 MiB
2026/05/29 09:05:31.682, 2641 MiB
2026/05/29 09:05:32.682, 2641 MiB
2026/05/29 09:05:33.683, 2641 MiB
2026/05/29 09:05:34.683, 2641 MiB
2026/05/29 09:05:35.684, 2841 MiB
2026/05/29 09:05:36.684, 6001 MiB
2026/05/29 09:05:37.684, 6001 MiB
2026/05/29 09:05:38.685, 6001 MiB
2026/05/29 09:05:39.685, 9321 MiB
2026/05/29 09:05:40.685, 2641 MiB
2026/05/29 09:05:41.686, 2641 MiB
2026/05/29 09:05:42.686, 2641 MiB
2026/05/29 09:05:43.686, 2641 MiB
2026/05/29 09:05:44.687, 2641 MiB
2026/05/29 09:05:45.687, 2641 MiB
2026/05/29 09:05:46.687, 2641 MiB
2026/05/29 09:05:47.688, 2641 MiB
2026/05/29 09:05:48.688, 2641 MiB
2026/05/29 09:05:49.688, 2641 MiB
2026/05/29 09:05:50.689, 2641 MiB
2026/05/29 09:05:51.689, 2641 MiB
2026/05/29 09:05:52.689, 2641 MiB
2026/05/29 09:05:53.690, 2641 MiB
2026/05/29 09:05:54.690, 2641 MiB
2026/05/29 09:05:55.691, 2641 MiB
2026/05/29 09:05:56.692, 2641 MiB
2026/05/29 09:05:57.692, 2641 MiB
2026/05/29 09:05:58.693, 2641 MiB
2026/05/29 09:05:59.693, 2641 MiB
2026/05/29 09:06:00.693, 2641 MiB
2026/05/29 09:06:01.694, 2641 MiB
2026/05/29 09:06:02.694, 2641 MiB
2026/05/29 09:06:03.694, 2641 MiB
2026/05/29 09:06:04.695, 2641 MiB
2026/05/29 09:06:05.695, 2641 MiB
2026/05/29 09:06:06.695, 2641 MiB
2026/05/29 09:06:07.697, 2641 MiB
2026/05/29 09:06:08.697, 2641 MiB
2026/05/29 09:06:09.698, 2641 MiB
2026/05/29 09:06:10.698, 2641 MiB
2026/05/29 09:06:11.698, 2641 MiB
2026/05/29 09:06:12.699, 2641 MiB
2026/05/29 09:06:13.700, 2641 MiB
2026/05/29 09:06:14.700, 2641 MiB
2026/05/29 09:06:15.701, 2641 MiB
2026/05/29 09:06:16.702, 2641 MiB
2026/05/29 09:06:17.702, 2641 MiB
2026/05/29 09:06:18.702, 3081 MiB
2026/05/29 09:06:19.702, 6001 MiB
2026/05/29 09:06:20.703, 6001 MiB
2026/05/29 09:06:21.703, 6001 MiB
2026/05/29 09:06:22.703, 2621 MiB
2026/05/29 09:06:23.703, 2621 MiB
2026/05/29 09:06:24.704, 2621 MiB
2026/05/29 09:06:25.704, 2621 MiB
2026/05/29 09:06:26.704, 2621 MiB
2026/05/29 09:06:27.705, 2621 MiB
2026/05/29 09:06:28.705, 2621 MiB
2026/05/29 09:06:29.705, 2621 MiB
2026/05/29 09:06:30.706, 2621 MiB
2026/05/29 09:06:31.706, 2621 MiB
2026/05/29 09:06:32.706, 2621 MiB
2026/05/29 09:06:33.707, 2621 MiB
2026/05/29 09:06:34.707, 2621 MiB
2026/05/29 09:06:35.707, 2617 MiB
2026/05/29 09:06:36.708, 2625 MiB
2026/05/29 09:06:37.708, 2625 MiB
2026/05/29 09:06:38.708, 2625 MiB
2026/05/29 09:06:39.709, 2625 MiB
2026/05/29 09:06:40.709, 2625 MiB
2026/05/29 09:06:41.709, 2625 MiB
2026/05/29 09:06:42.710, 2625 MiB
2026/05/29 09:06:43.710, 2621 MiB
2026/05/29 09:06:44.710, 2625 MiB
2026/05/29 09:06:45.711, 2625 MiB
2026/05/29 09:06:46.711, 2625 MiB
2026/05/29 09:06:47.711, 2625 MiB
2026/05/29 09:06:48.712, 2625 MiB
2026/05/29 09:06:49.712, 2625 MiB
2026/05/29 09:06:50.722, 2625 MiB
2026/05/29 09:06:51.722, 2625 MiB
2026/05/29 09:06:52.722, 2625 MiB
2026/05/29 09:06:53.723, 2625 MiB
2026/05/29 09:06:54.724, 2625 MiB
2026/05/29 09:06:55.726, 2625 MiB
2026/05/29 09:06:56.726, 2625 MiB
2026/05/29 09:06:57.726, 2625 MiB
2026/05/29 09:06:58.727, 2625 MiB
2026/05/29 09:06:59.727, 2625 MiB
2026/05/29 09:07:00.728, 2625 MiB
2026/05/29 09:07:01.728, 5225 MiB
2026/05/29 09:07:02.729, 6285 MiB
2026/05/29 09:07:03.729, 6285 MiB
2026/05/29 09:07:04.729, 6285 MiB
2026/05/29 09:07:05.730, 2645 MiB
2026/05/29 09:07:06.730, 2645 MiB
2026/05/29 09:07:07.731, 2641 MiB
2026/05/29 09:07:08.731, 2641 MiB
2026/05/29 09:07:09.731, 2641 MiB
2026/05/29 09:07:10.732, 2641 MiB
2026/05/29 09:07:11.732, 2645 MiB
2026/05/29 09:07:12.732, 2645 MiB
2026/05/29 09:07:13.732, 2645 MiB
2026/05/29 09:07:14.733, 2645 MiB
2026/05/29 09:07:15.733, 2645 MiB
2026/05/29 09:07:16.733, 2645 MiB
2026/05/29 09:07:17.733, 2645 MiB
2026/05/29 09:07:18.734, 2645 MiB
2026/05/29 09:07:19.734, 2645 MiB
2026/05/29 09:07:20.734, 2645 MiB
2026/05/29 09:07:21.734, 2645 MiB
2026/05/29 09:07:22.735, 2645 MiB
2026/05/29 09:07:23.736, 2645 MiB
2026/05/29 09:07:24.736, 2645 MiB
2026/05/29 09:07:25.738, 2645 MiB
2026/05/29 09:07:26.738, 2645 MiB
2026/05/29 09:07:27.738, 2645 MiB
2026/05/29 09:07:28.739, 2645 MiB
2026/05/29 09:07:29.739, 2645 MiB
2026/05/29 09:07:30.739, 2645 MiB
2026/05/29 09:07:31.740, 2645 MiB
2026/05/29 09:07:32.740, 2645 MiB
2026/05/29 09:07:33.741, 2645 MiB
2026/05/29 09:07:34.741, 2645 MiB
2026/05/29 09:07:35.741, 2645 MiB
2026/05/29 09:07:36.743, 2645 MiB
2026/05/29 09:07:37.743, 2645 MiB
2026/05/29 09:07:38.743, 2645 MiB
2026/05/29 09:07:39.744, 2645 MiB
2026/05/29 09:07:40.750, 2645 MiB
2026/05/29 09:07:41.750, 2645 MiB
2026/05/29 09:07:42.751, 2645 MiB
2026/05/29 09:07:43.751, 2645 MiB
2026/05/29 09:07:44.751, 5685 MiB
2026/05/29 09:07:45.751, 6005 MiB
2026/05/29 09:07:46.752, 6005 MiB
2026/05/29 09:07:47.752, 6005 MiB
2026/05/29 09:07:48.752, 2625 MiB
2026/05/29 09:07:49.753, 2625 MiB
2026/05/29 09:07:50.753, 2621 MiB
2026/05/29 09:07:51.753, 2621 MiB
2026/05/29 09:07:52.754, 2621 MiB
2026/05/29 09:07:53.754, 2621 MiB
2026/05/29 09:07:54.754, 2621 MiB
2026/05/29 09:07:55.754, 2621 MiB
2026/05/29 09:07:56.755, 2621 MiB
2026/05/29 09:07:57.755, 2621 MiB
2026/05/29 09:07:58.755, 2621 MiB
2026/05/29 09:07:59.756, 2621 MiB
2026/05/29 09:08:00.756, 2621 MiB
2026/05/29 09:08:01.756, 2621 MiB
2026/05/29 09:08:02.757, 2621 MiB
2026/05/29 09:08:03.757, 2621 MiB
2026/05/29 09:08:04.758, 2621 MiB
2026/05/29 09:08:05.759, 2621 MiB
2026/05/29 09:08:06.759, 2621 MiB
2026/05/29 09:08:07.759, 2621 MiB
2026/05/29 09:08:08.759, 2621 MiB
2026/05/29 09:08:09.760, 2621 MiB
2026/05/29 09:08:10.760, 2621 MiB
2026/05/29 09:08:11.760, 2621 MiB
2026/05/29 09:08:12.761, 2621 MiB
2026/05/29 09:08:13.761, 2621 MiB
2026/05/29 09:08:14.761, 2621 MiB
2026/05/29 09:08:15.762, 2621 MiB
2026/05/29 09:08:16.762, 2621 MiB
2026/05/29 09:08:17.762, 2621 MiB
2026/05/29 09:08:18.763, 2621 MiB
2026/05/29 09:08:19.765, 2621 MiB
2026/05/29 09:08:20.765, 2621 MiB
2026/05/29 09:08:21.766, 2621 MiB
2026/05/29 09:08:22.766, 2621 MiB
2026/05/29 09:08:23.766, 2621 MiB
2026/05/29 09:08:24.766, 2621 MiB
2026/05/29 09:08:25.767, 2621 MiB
2026/05/29 09:08:26.767, 2621 MiB
2026/05/29 09:08:27.767, 6281 MiB
2026/05/29 09:08:28.767, 6278 MiB
2026/05/29 09:08:29.768, 6285 MiB
2026/05/29 09:08:30.768, 3185 MiB
2026/05/29 09:08:31.768, 2645 MiB
2026/05/29 09:08:32.768, 2645 MiB
2026/05/29 09:08:33.769, 2645 MiB
2026/05/29 09:08:34.769, 2645 MiB
2026/05/29 09:08:35.769, 2645 MiB
2026/05/29 09:08:36.770, 2645 MiB
2026/05/29 09:08:37.770, 2645 MiB
2026/05/29 09:08:38.770, 2645 MiB
2026/05/29 09:08:39.770, 2645 MiB
2026/05/29 09:08:40.771, 2645 MiB
2026/05/29 09:08:41.771, 2645 MiB
2026/05/29 09:08:42.771, 2645 MiB
2026/05/29 09:08:43.771, 2645 MiB
2026/05/29 09:08:44.773, 2645 MiB
2026/05/29 09:08:45.774, 2645 MiB
2026/05/29 09:08:46.774, 2645 MiB
2026/05/29 09:08:47.774, 2645 MiB
2026/05/29 09:08:48.774, 2645 MiB
2026/05/29 09:08:49.775, 2645 MiB
2026/05/29 09:08:50.775, 2645 MiB
2026/05/29 09:08:51.775, 2645 MiB
2026/05/29 09:08:52.775, 2645 MiB
2026/05/29 09:08:53.776, 2645 MiB
2026/05/29 09:08:54.776, 2645 MiB
2026/05/29 09:08:55.776, 2645 MiB
2026/05/29 09:08:56.776, 2645 MiB
2026/05/29 09:08:57.777, 2640 MiB
2026/05/29 09:08:58.777, 2640 MiB
2026/05/29 09:08:59.777, 2641 MiB
2026/05/29 09:09:00.778, 2641 MiB
2026/05/29 09:09:01.778, 2641 MiB
2026/05/29 09:09:02.791, 2641 MiB
2026/05/29 09:09:03.792, 2641 MiB
2026/05/29 09:09:04.792, 2641 MiB
2026/05/29 09:09:05.793, 2641 MiB
2026/05/29 09:09:06.794, 2641 MiB
2026/05/29 09:09:07.794, 2641 MiB
2026/05/29 09:09:08.794, 2641 MiB
2026/05/29 09:09:09.795, 2641 MiB
2026/05/29 09:09:10.795, 6001 MiB
2026/05/29 09:09:11.795, 6001 MiB
2026/05/29 09:09:12.796, 6001 MiB
2026/05/29 09:09:13.796, 8281 MiB
2026/05/29 09:09:14.796, 2621 MiB
2026/05/29 09:09:15.797, 2621 MiB
2026/05/29 09:09:16.797, 2621 MiB
2026/05/29 09:09:17.797, 2621 MiB
2026/05/29 09:09:18.797, 2621 MiB
2026/05/29 09:09:19.798, 2621 MiB
2026/05/29 09:09:20.798, 2621 MiB
2026/05/29 09:09:21.798, 2621 MiB
2026/05/29 09:09:22.798, 2621 MiB
2026/05/29 09:09:23.799, 2621 MiB
2026/05/29 09:09:24.799, 2621 MiB
2026/05/29 09:09:25.799, 2621 MiB
2026/05/29 09:09:26.799, 2621 MiB
2026/05/29 09:09:27.800, 2621 MiB
2026/05/29 09:09:28.800, 2621 MiB
2026/05/29 09:09:29.800, 2621 MiB
2026/05/29 09:09:30.800, 2621 MiB
2026/05/29 09:09:31.801, 2621 MiB
2026/05/29 09:09:32.801, 2621 MiB
2026/05/29 09:09:33.801, 2621 MiB
2026/05/29 09:09:34.801, 2621 MiB
2026/05/29 09:09:35.802, 2621 MiB
2026/05/29 09:09:36.807, 2621 MiB
2026/05/29 09:09:37.807, 2621 MiB
2026/05/29 09:09:38.807, 2621 MiB
2026/05/29 09:09:39.808, 2621 MiB
2026/05/29 09:09:40.809, 2621 MiB
2026/05/29 09:09:41.809, 2621 MiB
2026/05/29 09:09:42.810, 2621 MiB
2026/05/29 09:09:43.810, 2621 MiB
2026/05/29 09:09:44.810, 2621 MiB
2026/05/29 09:09:45.811, 2621 MiB
2026/05/29 09:09:46.813, 2621 MiB
2026/05/29 09:09:47.814, 2621 MiB
2026/05/29 09:09:48.823, 2621 MiB
2026/05/29 09:09:49.824, 2621 MiB
2026/05/29 09:09:50.824, 2621 MiB
2026/05/29 09:09:51.825, 2621 MiB
2026/05/29 09:09:52.825, 6281 MiB
2026/05/29 09:09:53.826, 6281 MiB
2026/05/29 09:09:54.835, 6281 MiB
2026/05/29 09:09:55.835, 4625 MiB
2026/05/29 09:09:56.835, 2645 MiB
2026/05/29 09:09:57.835, 2645 MiB
2026/05/29 09:09:58.836, 2641 MiB
2026/05/29 09:09:59.836, 2641 MiB
2026/05/29 09:10:00.836, 2641 MiB
2026/05/29 09:10:01.836, 2641 MiB
2026/05/29 09:10:02.837, 2641 MiB
2026/05/29 09:10:03.837, 2641 MiB
2026/05/29 09:10:04.837, 2641 MiB
2026/05/29 09:10:05.838, 2641 MiB
2026/05/29 09:10:06.838, 2641 MiB
2026/05/29 09:10:07.838, 2641 MiB
2026/05/29 09:10:08.839, 2641 MiB
2026/05/29 09:10:09.839, 2641 MiB
2026/05/29 09:10:10.840, 2641 MiB
2026/05/29 09:10:11.841, 2641 MiB
2026/05/29 09:10:12.841, 2641 MiB
2026/05/29 09:10:13.842, 2641 MiB
2026/05/29 09:10:14.845, 2641 MiB
2026/05/29 09:10:15.847, 2641 MiB
2026/05/29 09:10:16.847, 2641 MiB
2026/05/29 09:10:17.847, 2641 MiB
2026/05/29 09:10:18.848, 2641 MiB
2026/05/29 09:10:19.849, 2641 MiB
2026/05/29 09:10:20.849, 2641 MiB
2026/05/29 09:10:21.850, 2641 MiB
2026/05/29 09:10:22.850, 2641 MiB
2026/05/29 09:10:23.850, 2641 MiB
2026/05/29 09:10:24.851, 2641 MiB
2026/05/29 09:10:25.852, 2641 MiB
2026/05/29 09:10:26.852, 2641 MiB
2026/05/29 09:10:27.852, 2641 MiB
2026/05/29 09:10:28.853, 2641 MiB
2026/05/29 09:10:29.853, 2641 MiB
2026/05/29 09:10:30.854, 2641 MiB
2026/05/29 09:10:31.854, 2641 MiB
2026/05/29 09:10:32.855, 2641 MiB
2026/05/29 09:10:33.855, 2641 MiB
2026/05/29 09:10:34.855, 6001 MiB
2026/05/29 09:10:35.856, 6901 MiB
2026/05/29 09:10:36.856, 2625 MiB
2026/05/29 09:10:37.856, 2625 MiB
2026/05/29 09:10:38.856, 2625 MiB
2026/05/29 09:10:39.857, 2625 MiB
2026/05/29 09:10:40.858, 2625 MiB
2026/05/29 09:10:41.858, 2625 MiB
2026/05/29 09:10:42.859, 2625 MiB
2026/05/29 09:10:43.859, 2625 MiB
2026/05/29 09:10:44.860, 2625 MiB
2026/05/29 09:10:45.860, 2625 MiB
2026/05/29 09:10:46.860, 2625 MiB
2026/05/29 09:10:47.861, 2625 MiB
2026/05/29 09:10:48.861, 2625 MiB
2026/05/29 09:10:49.861, 2625 MiB
2026/05/29 09:10:50.862, 2625 MiB
2026/05/29 09:10:51.862, 2625 MiB
2026/05/29 09:10:52.862, 2625 MiB
2026/05/29 09:10:53.863, 2625 MiB
2026/05/29 09:10:54.863, 2625 MiB
2026/05/29 09:10:55.863, 2625 MiB
2026/05/29 09:10:56.864, 2625 MiB
2026/05/29 09:10:57.864, 2625 MiB
2026/05/29 09:10:58.864, 2625 MiB
2026/05/29 09:10:59.865, 2625 MiB
2026/05/29 09:11:00.865, 2625 MiB
2026/05/29 09:11:01.866, 2625 MiB
2026/05/29 09:11:02.866, 2625 MiB
2026/05/29 09:11:03.867, 2625 MiB
2026/05/29 09:11:04.867, 2620 MiB
2026/05/29 09:11:05.868, 2620 MiB
2026/05/29 09:11:06.868, 2621 MiB
2026/05/29 09:11:07.870, 2621 MiB
2026/05/29 09:11:08.874, 2621 MiB
2026/05/29 09:11:09.874, 2621 MiB
2026/05/29 09:11:10.874, 2621 MiB
2026/05/29 09:11:11.875, 2621 MiB
2026/05/29 09:11:12.875, 2621 MiB
2026/05/29 09:11:13.875, 2621 MiB
2026/05/29 09:11:14.876, 2641 MiB
2026/05/29 09:11:15.876, 6281 MiB
2026/05/29 09:11:16.877, 6281 MiB
2026/05/29 09:11:17.877, 6281 MiB
2026/05/29 09:11:18.877, 8961 MiB
2026/05/29 09:11:19.878, 2641 MiB
2026/05/29 09:11:20.878, 2641 MiB
2026/05/29 09:11:21.878, 2641 MiB
2026/05/29 09:11:22.879, 2641 MiB
2026/05/29 09:11:23.879, 2641 MiB
2026/05/29 09:11:24.879, 2641 MiB
2026/05/29 09:11:25.880, 2641 MiB
2026/05/29 09:11:26.880, 2641 MiB
2026/05/29 09:11:27.880, 2641 MiB
2026/05/29 09:11:28.881, 2641 MiB
2026/05/29 09:11:29.881, 2641 MiB
2026/05/29 09:11:30.881, 2641 MiB
2026/05/29 09:11:31.881, 2641 MiB
2026/05/29 09:11:32.882, 2641 MiB
2026/05/29 09:11:33.882, 2641 MiB
2026/05/29 09:11:34.882, 2641 MiB
2026/05/29 09:11:35.883, 2641 MiB
2026/05/29 09:11:36.883, 2641 MiB
2026/05/29 09:11:37.883, 2641 MiB
2026/05/29 09:11:38.884, 2641 MiB
2026/05/29 09:11:39.885, 2641 MiB
2026/05/29 09:11:40.885, 2641 MiB
2026/05/29 09:11:41.886, 2641 MiB
2026/05/29 09:11:42.886, 2641 MiB
2026/05/29 09:11:43.887, 2641 MiB
2026/05/29 09:11:44.887, 2641 MiB
2026/05/29 09:11:45.887, 2641 MiB
2026/05/29 09:11:46.887, 2641 MiB
2026/05/29 09:11:47.888, 2641 MiB
2026/05/29 09:11:48.888, 2641 MiB
2026/05/29 09:11:49.888, 2641 MiB
2026/05/29 09:11:50.890, 2641 MiB
2026/05/29 09:11:51.890, 2641 MiB
2026/05/29 09:11:52.890, 2641 MiB
2026/05/29 09:11:53.891, 2641 MiB
2026/05/29 09:11:54.891, 2641 MiB
2026/05/29 09:11:55.891, 2641 MiB
2026/05/29 09:11:56.891, 2641 MiB
2026/05/29 09:11:57.892, 6301 MiB
2026/05/29 09:11:58.892, 6301 MiB
2026/05/29 09:11:59.901, 6301 MiB
2026/05/29 09:12:00.901, 2641 MiB
2026/05/29 09:12:01.901, 2621 MiB
2026/05/29 09:12:02.902, 2621 MiB
2026/05/29 09:12:03.902, 2621 MiB
2026/05/29 09:12:04.902, 2621 MiB
2026/05/29 09:12:05.902, 2621 MiB
2026/05/29 09:12:06.903, 2621 MiB
2026/05/29 09:12:07.903, 2621 MiB
2026/05/29 09:12:08.904, 2621 MiB
2026/05/29 09:12:09.905, 2621 MiB
2026/05/29 09:12:10.905, 2621 MiB
2026/05/29 09:12:11.905, 2621 MiB
2026/05/29 09:12:12.906, 2621 MiB
2026/05/29 09:12:13.906, 2621 MiB
2026/05/29 09:12:14.907, 2621 MiB
2026/05/29 09:12:15.907, 2621 MiB
2026/05/29 09:12:16.908, 2621 MiB
2026/05/29 09:12:17.908, 2621 MiB
2026/05/29 09:12:18.909, 2621 MiB
2026/05/29 09:12:19.910, 2621 MiB
2026/05/29 09:12:20.910, 2621 MiB
2026/05/29 09:12:21.910, 2621 MiB
2026/05/29 09:12:22.911, 2621 MiB
2026/05/29 09:12:23.911, 2621 MiB
2026/05/29 09:12:24.911, 2621 MiB
2026/05/29 09:12:25.912, 2621 MiB
2026/05/29 09:12:26.912, 2621 MiB
2026/05/29 09:12:27.912, 2621 MiB
2026/05/29 09:12:28.913, 2620 MiB
2026/05/29 09:12:29.913, 2617 MiB
2026/05/29 09:12:30.914, 2617 MiB
2026/05/29 09:12:31.915, 2625 MiB
2026/05/29 09:12:32.916, 2625 MiB
2026/05/29 09:12:33.916, 2625 MiB
2026/05/29 09:12:34.916, 2625 MiB
2026/05/29 09:12:35.917, 2625 MiB
2026/05/29 09:12:36.917, 2625 MiB
2026/05/29 09:12:37.918, 2625 MiB
2026/05/29 09:12:38.918, 2625 MiB
2026/05/29 09:12:39.919, 2625 MiB
2026/05/29 09:12:40.919, 2625 MiB
2026/05/29 09:12:41.919, 2625 MiB
2026/05/29 09:12:42.919, 6285 MiB
2026/05/29 09:12:43.920, 6285 MiB
2026/05/29 09:12:44.920, 4085 MiB
2026/05/29 09:12:45.920, 2665 MiB
2026/05/29 09:12:46.921, 2665 MiB
2026/05/29 09:12:47.921, 2661 MiB
2026/05/29 09:12:48.921, 2661 MiB
2026/05/29 09:12:49.922, 2661 MiB
2026/05/29 09:12:50.922, 2661 MiB
2026/05/29 09:12:51.922, 2661 MiB
2026/05/29 09:12:52.923, 2666 MiB
2026/05/29 09:12:53.923, 2666 MiB
2026/05/29 09:12:54.923, 2666 MiB
2026/05/29 09:12:55.924, 2666 MiB
2026/05/29 09:12:56.924, 2666 MiB
2026/05/29 09:12:57.924, 2666 MiB
2026/05/29 09:12:58.925, 2666 MiB
2026/05/29 09:12:59.925, 2666 MiB
2026/05/29 09:13:00.925, 2666 MiB
2026/05/29 09:13:01.926, 2666 MiB
2026/05/29 09:13:02.926, 2666 MiB
2026/05/29 09:13:03.926, 2666 MiB
2026/05/29 09:13:04.927, 2666 MiB
2026/05/29 09:13:05.927, 2666 MiB
2026/05/29 09:13:06.928, 2666 MiB
2026/05/29 09:13:07.929, 2666 MiB
2026/05/29 09:13:08.929, 2666 MiB
2026/05/29 09:13:09.930, 2666 MiB
2026/05/29 09:13:10.930, 2666 MiB
2026/05/29 09:13:11.931, 2666 MiB
2026/05/29 09:13:12.931, 2666 MiB
2026/05/29 09:13:13.931, 2666 MiB
2026/05/29 09:13:14.932, 2666 MiB
2026/05/29 09:13:15.932, 2666 MiB
2026/05/29 09:13:16.933, 2666 MiB
2026/05/29 09:13:17.934, 2666 MiB
2026/05/29 09:13:18.935, 2661 MiB
2026/05/29 09:13:19.935, 2661 MiB
2026/05/29 09:13:20.935, 2661 MiB
2026/05/29 09:13:21.937, 2661 MiB
2026/05/29 09:13:22.937, 2661 MiB
2026/05/29 09:13:23.937, 6022 MiB
2026/05/29 09:13:24.938, 6022 MiB
2026/05/29 09:13:25.938, 6021 MiB
2026/05/29 09:13:26.939, 8901 MiB
2026/05/29 09:13:27.939, 2621 MiB
2026/05/29 09:13:28.939, 2621 MiB
2026/05/29 09:13:29.940, 2621 MiB
2026/05/29 09:13:30.940, 2621 MiB
2026/05/29 09:13:31.940, 2621 MiB
2026/05/29 09:13:32.940, 2621 MiB
2026/05/29 09:13:33.941, 2621 MiB
2026/05/29 09:13:34.941, 2621 MiB
2026/05/29 09:13:35.941, 2621 MiB
2026/05/29 09:13:36.942, 2621 MiB
2026/05/29 09:13:37.942, 2621 MiB
2026/05/29 09:13:38.942, 2621 MiB
2026/05/29 09:13:39.943, 2621 MiB
2026/05/29 09:13:40.943, 2621 MiB
2026/05/29 09:13:41.943, 2621 MiB
2026/05/29 09:13:42.944, 2621 MiB
2026/05/29 09:13:43.944, 2621 MiB
2026/05/29 09:13:44.944, 2621 MiB
2026/05/29 09:13:45.945, 2621 MiB
2026/05/29 09:13:46.947, 2621 MiB
2026/05/29 09:13:47.948, 2621 MiB
2026/05/29 09:13:48.948, 2621 MiB
2026/05/29 09:13:49.955, 2621 MiB
2026/05/29 09:13:50.956, 2621 MiB
2026/05/29 09:13:51.956, 2621 MiB
2026/05/29 09:13:52.956, 2621 MiB
2026/05/29 09:13:53.956, 2621 MiB
2026/05/29 09:13:54.957, 2621 MiB
2026/05/29 09:13:55.958, 2621 MiB
2026/05/29 09:13:56.958, 2621 MiB
2026/05/29 09:13:57.958, 2621 MiB
2026/05/29 09:13:58.959, 2625 MiB
2026/05/29 09:13:59.959, 2625 MiB
2026/05/29 09:14:00.959, 2625 MiB
2026/05/29 09:14:01.959, 2625 MiB
2026/05/29 09:14:02.960, 2625 MiB
2026/05/29 09:14:03.961, 2625 MiB
2026/05/29 09:14:04.961, 2625 MiB
2026/05/29 09:14:05.962, 3065 MiB
2026/05/29 09:14:06.962, 6285 MiB
2026/05/29 09:14:07.962, 6285 MiB
2026/05/29 09:14:08.963, 6285 MiB
2026/05/29 09:14:09.963, 2645 MiB
2026/05/29 09:14:10.963, 2645 MiB
2026/05/29 09:14:11.964, 2641 MiB
2026/05/29 09:14:12.964, 2641 MiB
2026/05/29 09:14:13.971, 2641 MiB
2026/05/29 09:14:14.971, 2641 MiB
2026/05/29 09:14:15.971, 2641 MiB
2026/05/29 09:14:16.972, 2641 MiB
2026/05/29 09:14:17.972, 2641 MiB
2026/05/29 09:14:18.972, 2641 MiB
2026/05/29 09:14:19.973, 2641 MiB
2026/05/29 09:14:20.973, 2641 MiB
2026/05/29 09:14:21.973, 2641 MiB
2026/05/29 09:14:22.973, 2641 MiB
2026/05/29 09:14:23.974, 2641 MiB
2026/05/29 09:14:24.974, 2641 MiB
2026/05/29 09:14:25.976, 2641 MiB
2026/05/29 09:14:26.976, 2641 MiB
2026/05/29 09:14:27.976, 2641 MiB
2026/05/29 09:14:28.976, 2641 MiB
2026/05/29 09:14:29.977, 2641 MiB
2026/05/29 09:14:30.977, 2641 MiB
2026/05/29 09:14:31.977, 2641 MiB
2026/05/29 09:14:32.978, 2641 MiB
2026/05/29 09:14:33.992, 2641 MiB
2026/05/29 09:14:34.992, 2641 MiB
2026/05/29 09:14:35.993, 2641 MiB
2026/05/29 09:14:36.993, 2641 MiB
2026/05/29 09:14:37.994, 2641 MiB
2026/05/29 09:14:38.994, 2641 MiB
2026/05/29 09:14:39.995, 2641 MiB
2026/05/29 09:14:40.995, 2641 MiB
2026/05/29 09:14:41.996, 2641 MiB
2026/05/29 09:14:42.996, 2641 MiB
2026/05/29 09:14:43.996, 2641 MiB
2026/05/29 09:14:44.997, 2641 MiB
2026/05/29 09:14:45.997, 2641 MiB
2026/05/29 09:14:46.997, 2641 MiB
2026/05/29 09:14:47.998, 2641 MiB
2026/05/29 09:14:48.998, 6041 MiB
2026/05/29 09:14:49.998, 6041 MiB
2026/05/29 09:14:50.999, 6041 MiB
2026/05/29 09:14:51.999, 9141 MiB
2026/05/29 09:14:52.999, 2621 MiB
2026/05/29 09:14:54.000, 2621 MiB
2026/05/29 09:14:55.000, 2621 MiB
2026/05/29 09:14:56.000, 2621 MiB
2026/05/29 09:14:57.000, 2621 MiB
2026/05/29 09:14:58.001, 2621 MiB
2026/05/29 09:14:59.001, 2621 MiB
2026/05/29 09:15:00.001, 2621 MiB
2026/05/29 09:15:01.002, 2622 MiB
2026/05/29 09:15:02.002, 2622 MiB
2026/05/29 09:15:03.002, 2622 MiB
2026/05/29 09:15:04.002, 2622 MiB
2026/05/29 09:15:05.003, 2622 MiB
2026/05/29 09:15:06.003, 2622 MiB
2026/05/29 09:15:07.003, 2622 MiB
2026/05/29 09:15:08.005, 2622 MiB
2026/05/29 09:15:09.005, 2622 MiB
2026/05/29 09:15:10.006, 2622 MiB
2026/05/29 09:15:11.006, 2622 MiB
2026/05/29 09:15:12.006, 2622 MiB
2026/05/29 09:15:13.008, 2622 MiB
2026/05/29 09:15:14.008, 2622 MiB
2026/05/29 09:15:15.008, 2622 MiB
2026/05/29 09:15:16.008, 2625 MiB
2026/05/29 09:15:17.009, 2625 MiB
2026/05/29 09:15:18.009, 2625 MiB
2026/05/29 09:15:19.010, 2625 MiB
2026/05/29 09:15:20.010, 2625 MiB
2026/05/29 09:15:21.010, 2625 MiB
2026/05/29 09:15:22.010, 2625 MiB
2026/05/29 09:15:23.011, 2625 MiB
2026/05/29 09:15:24.011, 2625 MiB
2026/05/29 09:15:25.011, 2625 MiB
2026/05/29 09:15:26.011, 2625 MiB
2026/05/29 09:15:27.012, 2625 MiB
2026/05/29 09:15:28.012, 2625 MiB
2026/05/29 09:15:29.012, 2625 MiB
2026/05/29 09:15:30.012, 2625 MiB
2026/05/29 09:15:31.013, 6286 MiB
2026/05/29 09:15:32.013, 6286 MiB
2026/05/29 09:15:33.013, 3786 MiB
2026/05/29 09:15:34.014, 2646 MiB
2026/05/29 09:15:35.014, 2645 MiB
2026/05/29 09:15:36.014, 2645 MiB
2026/05/29 09:15:37.015, 2641 MiB
2026/05/29 09:15:38.015, 2641 MiB
2026/05/29 09:15:39.015, 2641 MiB
2026/05/29 09:15:40.015, 2641 MiB
2026/05/29 09:15:41.016, 2641 MiB
2026/05/29 09:15:42.016, 2641 MiB
2026/05/29 09:15:43.017, 2641 MiB
2026/05/29 09:15:44.017, 2641 MiB
2026/05/29 09:15:45.017, 2641 MiB
2026/05/29 09:15:46.017, 2641 MiB
2026/05/29 09:15:47.018, 2641 MiB
2026/05/29 09:15:48.018, 2641 MiB
2026/05/29 09:15:49.018, 2641 MiB
2026/05/29 09:15:50.019, 2641 MiB
2026/05/29 09:15:51.019, 2641 MiB
2026/05/29 09:15:52.020, 2641 MiB
2026/05/29 09:15:53.020, 2641 MiB
2026/05/29 09:15:54.021, 2641 MiB
2026/05/29 09:15:55.022, 2641 MiB
2026/05/29 09:15:56.022, 2641 MiB
2026/05/29 09:15:57.022, 2641 MiB
2026/05/29 09:15:58.022, 2641 MiB
2026/05/29 09:15:59.023, 2641 MiB
2026/05/29 09:16:00.024, 2641 MiB
2026/05/29 09:16:01.024, 2641 MiB
2026/05/29 09:16:02.025, 2641 MiB
2026/05/29 09:16:03.025, 2641 MiB
2026/05/29 09:16:04.025, 2641 MiB
2026/05/29 09:16:05.025, 2641 MiB
2026/05/29 09:16:06.028, 2641 MiB
2026/05/29 09:16:07.028, 2641 MiB
2026/05/29 09:16:08.028, 2641 MiB
2026/05/29 09:16:09.029, 2641 MiB
2026/05/29 09:16:10.030, 2641 MiB
2026/05/29 09:16:11.030, 2641 MiB
2026/05/29 09:16:12.031, 2641 MiB
2026/05/29 09:16:13.031, 6301 MiB
2026/05/29 09:16:14.031, 6301 MiB
2026/05/29 09:16:15.031, 6301 MiB
2026/05/29 09:16:16.032, 2640 MiB
2026/05/29 09:16:17.032, 2641 MiB
2026/05/29 09:16:18.032, 2641 MiB
2026/05/29 09:16:19.032, 2641 MiB
2026/05/29 09:16:20.033, 2641 MiB
2026/05/29 09:16:21.033, 2641 MiB
2026/05/29 09:16:22.033, 2641 MiB
2026/05/29 09:16:23.033, 2641 MiB
2026/05/29 09:16:24.034, 2641 MiB
2026/05/29 09:16:25.034, 2641 MiB
2026/05/29 09:16:26.034, 2641 MiB
2026/05/29 09:16:27.034, 2641 MiB
2026/05/29 09:16:28.035, 2641 MiB
2026/05/29 09:16:29.035, 2641 MiB
2026/05/29 09:16:30.035, 2641 MiB
2026/05/29 09:16:31.036, 2641 MiB
2026/05/29 09:16:32.036, 2641 MiB
2026/05/29 09:16:33.036, 2641 MiB
2026/05/29 09:16:34.037, 2641 MiB
2026/05/29 09:16:35.037, 2641 MiB
2026/05/29 09:16:36.038, 2641 MiB
2026/05/29 09:16:37.039, 2641 MiB
2026/05/29 09:16:38.039, 2641 MiB
2026/05/29 09:16:39.039, 2641 MiB
2026/05/29 09:16:40.039, 2641 MiB
2026/05/29 09:16:41.041, 2641 MiB
2026/05/29 09:16:42.041, 2641 MiB
2026/05/29 09:16:43.041, 2641 MiB
2026/05/29 09:16:44.042, 2641 MiB
2026/05/29 09:16:45.042, 2641 MiB
2026/05/29 09:16:46.042, 2641 MiB
2026/05/29 09:16:47.042, 2641 MiB
2026/05/29 09:16:48.043, 2641 MiB
2026/05/29 09:16:49.043, 2641 MiB
2026/05/29 09:16:50.043, 2641 MiB
2026/05/29 09:16:51.043, 2641 MiB
2026/05/29 09:16:52.044, 2641 MiB
2026/05/29 09:16:53.044, 2641 MiB
2026/05/29 09:16:54.044, 2841 MiB
2026/05/29 09:16:55.044, 6301 MiB
2026/05/29 09:16:56.045, 6301 MiB
2026/05/29 09:16:57.045, 6305 MiB
2026/05/29 09:16:58.045, 2625 MiB
2026/05/29 09:16:59.046, 2625 MiB
2026/05/29 09:17:00.046, 2621 MiB
2026/05/29 09:17:01.046, 2621 MiB
2026/05/29 09:17:02.046, 2621 MiB
2026/05/29 09:17:03.047, 2621 MiB
2026/05/29 09:17:04.047, 2621 MiB
2026/05/29 09:17:05.047, 2621 MiB
2026/05/29 09:17:06.047, 2621 MiB
2026/05/29 09:17:07.048, 2621 MiB
2026/05/29 09:17:08.048, 2621 MiB
2026/05/29 09:17:09.048, 2621 MiB
2026/05/29 09:17:10.049, 2621 MiB
2026/05/29 09:17:11.049, 2621 MiB
2026/05/29 09:17:12.050, 2621 MiB
2026/05/29 09:17:13.050, 2621 MiB
2026/05/29 09:17:14.050, 2621 MiB
2026/05/29 09:17:15.051, 2621 MiB
2026/05/29 09:17:16.051, 2621 MiB
2026/05/29 09:17:17.052, 2621 MiB
2026/05/29 09:17:18.052, 2621 MiB
2026/05/29 09:17:19.052, 2621 MiB
2026/05/29 09:17:20.053, 2621 MiB
2026/05/29 09:17:21.053, 2621 MiB
2026/05/29 09:17:22.053, 2621 MiB
2026/05/29 09:17:23.054, 2621 MiB
2026/05/29 09:17:24.054, 2621 MiB
2026/05/29 09:17:25.054, 2621 MiB
2026/05/29 09:17:26.054, 2621 MiB
2026/05/29 09:17:27.055, 2621 MiB
2026/05/29 09:17:28.055, 2621 MiB
2026/05/29 09:17:29.055, 2621 MiB
2026/05/29 09:17:30.057, 2621 MiB
2026/05/29 09:17:31.057, 2621 MiB
2026/05/29 09:17:32.057, 2621 MiB
2026/05/29 09:17:33.058, 2621 MiB
2026/05/29 09:17:34.058, 2621 MiB
2026/05/29 09:17:35.058, 2621 MiB
2026/05/29 09:17:36.059, 2621 MiB
2026/05/29 09:17:37.060, 6301 MiB
2026/05/29 09:17:38.060, 6301 MiB
2026/05/29 09:17:39.060, 5981 MiB
2026/05/29 09:17:40.060, 2621 MiB
2026/05/29 09:17:41.061, 2621 MiB
2026/05/29 09:17:42.061, 2621 MiB
2026/05/29 09:17:43.061, 2621 MiB
2026/05/29 09:17:44.061, 2621 MiB
2026/05/29 09:17:45.062, 2621 MiB
2026/05/29 09:17:46.062, 2621 MiB
2026/05/29 09:17:47.062, 2621 MiB
2026/05/29 09:17:48.063, 2621 MiB
2026/05/29 09:17:49.063, 2621 MiB
2026/05/29 09:17:50.063, 2621 MiB
2026/05/29 09:17:51.064, 2621 MiB
2026/05/29 09:17:52.064, 2621 MiB
2026/05/29 09:17:53.064, 2621 MiB
2026/05/29 09:17:54.064, 2621 MiB
2026/05/29 09:17:55.065, 2621 MiB
2026/05/29 09:17:56.065, 2621 MiB
2026/05/29 09:17:57.066, 2621 MiB
2026/05/29 09:17:58.066, 2621 MiB
2026/05/29 09:17:59.067, 2621 MiB
2026/05/29 09:18:00.067, 2621 MiB
2026/05/29 09:18:01.067, 2621 MiB
2026/05/29 09:18:02.068, 2621 MiB
2026/05/29 09:18:03.068, 2621 MiB
2026/05/29 09:18:04.068, 2621 MiB
2026/05/29 09:18:05.068, 2621 MiB
2026/05/29 09:18:06.069, 2621 MiB
2026/05/29 09:18:07.069, 2621 MiB
2026/05/29 09:18:08.069, 2621 MiB
2026/05/29 09:18:09.070, 2621 MiB
2026/05/29 09:18:10.070, 2621 MiB
2026/05/29 09:18:11.070, 2621 MiB
2026/05/29 09:18:12.070, 2621 MiB
2026/05/29 09:18:13.072, 2621 MiB
2026/05/29 09:18:14.072, 2621 MiB
2026/05/29 09:18:15.072, 2621 MiB
2026/05/29 09:18:16.072, 2621 MiB
2026/05/29 09:18:17.073, 2621 MiB
2026/05/29 09:18:18.073, 2821 MiB
2026/05/29 09:18:19.073, 6281 MiB
2026/05/29 09:18:20.074, 6281 MiB
2026/05/29 09:18:21.074, 6281 MiB
2026/05/29 09:18:22.074, 9001 MiB
2026/05/29 09:18:23.075, 2621 MiB
2026/05/29 09:18:24.075, 2622 MiB
2026/05/29 09:18:25.075, 2622 MiB
2026/05/29 09:18:26.076, 2622 MiB
2026/05/29 09:18:27.076, 2622 MiB
2026/05/29 09:18:28.076, 2622 MiB
2026/05/29 09:18:29.076, 2622 MiB
2026/05/29 09:18:30.077, 2622 MiB
2026/05/29 09:18:31.077, 2622 MiB
2026/05/29 09:18:32.078, 2622 MiB
2026/05/29 09:18:33.078, 2622 MiB
2026/05/29 09:18:34.079, 2622 MiB
2026/05/29 09:18:35.080, 2622 MiB
2026/05/29 09:18:36.080, 2622 MiB
2026/05/29 09:18:37.081, 2622 MiB
2026/05/29 09:18:38.081, 2622 MiB
2026/05/29 09:18:39.081, 2622 MiB
2026/05/29 09:18:40.082, 2622 MiB
2026/05/29 09:18:41.082, 2622 MiB
2026/05/29 09:18:42.082, 2625 MiB
2026/05/29 09:18:43.083, 2625 MiB
2026/05/29 09:18:44.084, 2625 MiB
2026/05/29 09:18:45.084, 2625 MiB
2026/05/29 09:18:46.085, 2625 MiB
2026/05/29 09:18:47.085, 2625 MiB
2026/05/29 09:18:48.085, 2625 MiB
2026/05/29 09:18:49.086, 2625 MiB
2026/05/29 09:18:50.087, 2625 MiB
2026/05/29 09:18:51.087, 2625 MiB
2026/05/29 09:18:52.088, 2625 MiB
2026/05/29 09:18:53.088, 2625 MiB
2026/05/29 09:18:54.088, 2625 MiB
2026/05/29 09:18:55.089, 2625 MiB
2026/05/29 09:18:56.089, 2625 MiB
2026/05/29 09:18:57.089, 2625 MiB
2026/05/29 09:18:58.090, 2625 MiB
2026/05/29 09:18:59.090, 2625 MiB
2026/05/29 09:19:00.090, 2625 MiB
2026/05/29 09:19:01.091, 4646 MiB
2026/05/29 09:19:02.091, 6286 MiB
2026/05/29 09:19:03.091, 6285 MiB
2026/05/29 09:19:04.092, 6285 MiB
2026/05/29 09:19:05.093, 2642 MiB
2026/05/29 09:19:06.093, 2642 MiB
2026/05/29 09:19:07.093, 2642 MiB
2026/05/29 09:19:08.094, 2642 MiB
2026/05/29 09:19:09.094, 2642 MiB
2026/05/29 09:19:10.094, 2645 MiB
2026/05/29 09:19:11.095, 2645 MiB
2026/05/29 09:19:12.095, 2645 MiB
2026/05/29 09:19:13.095, 2645 MiB
2026/05/29 09:19:14.096, 2645 MiB
2026/05/29 09:19:15.096, 2646 MiB
2026/05/29 09:19:16.096, 2646 MiB
2026/05/29 09:19:17.097, 2646 MiB
2026/05/29 09:19:18.097, 2646 MiB
2026/05/29 09:19:19.097, 2646 MiB
2026/05/29 09:19:20.097, 2646 MiB
2026/05/29 09:19:21.098, 2646 MiB
2026/05/29 09:19:22.098, 2646 MiB
2026/05/29 09:19:23.099, 2646 MiB
2026/05/29 09:19:24.099, 2646 MiB
2026/05/29 09:19:25.099, 2646 MiB
2026/05/29 09:19:26.100, 2646 MiB
2026/05/29 09:19:27.101, 2646 MiB
2026/05/29 09:19:28.101, 2646 MiB
2026/05/29 09:19:29.102, 2646 MiB
2026/05/29 09:19:30.102, 2646 MiB
2026/05/29 09:19:31.102, 2646 MiB
2026/05/29 09:19:32.103, 2646 MiB
2026/05/29 09:19:33.103, 2646 MiB
2026/05/29 09:19:34.103, 2646 MiB
2026/05/29 09:19:35.103, 2646 MiB
2026/05/29 09:19:36.104, 2646 MiB
2026/05/29 09:19:37.104, 2645 MiB
2026/05/29 09:19:38.104, 2644 MiB
2026/05/29 09:19:39.105, 2640 MiB
2026/05/29 09:19:40.105, 2640 MiB
2026/05/29 09:19:41.105, 2642 MiB
2026/05/29 09:19:42.106, 2642 MiB
2026/05/29 09:19:43.106, 2642 MiB
2026/05/29 09:19:44.106, 2642 MiB
2026/05/29 09:19:45.107, 2642 MiB
2026/05/29 09:19:46.107, 2645 MiB
2026/05/29 09:19:47.107, 2845 MiB
2026/05/29 09:19:48.108, 6045 MiB
2026/05/29 09:19:49.108, 6045 MiB
2026/05/29 09:19:50.108, 6054 MiB
2026/05/29 09:19:51.109, 7318 MiB
2026/05/29 09:19:52.109, 2644 MiB
2026/05/29 09:19:53.109, 2644 MiB
2026/05/29 09:19:54.110, 2642 MiB
2026/05/29 09:19:55.110, 2638 MiB
2026/05/29 09:19:56.110, 2638 MiB
2026/05/29 09:19:57.111, 2635 MiB
2026/05/29 09:19:58.111, 2635 MiB
2026/05/29 09:19:59.111, 2635 MiB
2026/05/29 09:20:00.111, 2644 MiB
2026/05/29 09:20:01.112, 2639 MiB
2026/05/29 09:20:02.112, 2644 MiB
2026/05/29 09:20:03.112, 2643 MiB
2026/05/29 09:20:04.113, 2643 MiB
2026/05/29 09:20:05.113, 2646 MiB
2026/05/29 09:20:06.113, 2646 MiB
2026/05/29 09:20:07.114, 2646 MiB
2026/05/29 09:20:08.115, 2646 MiB
2026/05/29 09:20:09.116, 2646 MiB
2026/05/29 09:20:10.116, 2646 MiB
2026/05/29 09:20:11.116, 2643 MiB
2026/05/29 09:20:12.117, 2647 MiB
2026/05/29 09:20:13.117, 2646 MiB
2026/05/29 09:20:14.117, 2646 MiB
2026/05/29 09:20:15.117, 2646 MiB
2026/05/29 09:20:16.118, 2646 MiB
2026/05/29 09:20:17.119, 2646 MiB
2026/05/29 09:20:18.119, 2646 MiB
2026/05/29 09:20:19.129, 2646 MiB
2026/05/29 09:20:20.130, 2646 MiB
2026/05/29 09:20:21.130, 2643 MiB
2026/05/29 09:20:22.131, 2647 MiB
2026/05/29 09:20:23.131, 2647 MiB
2026/05/29 09:20:24.131, 2647 MiB
2026/05/29 09:20:25.132, 2647 MiB
2026/05/29 09:20:26.133, 2647 MiB
2026/05/29 09:20:27.133, 2647 MiB
2026/05/29 09:20:28.133, 2647 MiB
2026/05/29 09:20:29.133, 2647 MiB
2026/05/29 09:20:30.134, 2647 MiB
2026/05/29 09:20:31.134, 6298 MiB
2026/05/29 09:20:32.134, 6302 MiB
2026/05/29 09:20:33.134, 6301 MiB
2026/05/29 09:20:34.135, 2641 MiB
2026/05/29 09:20:35.135, 2645 MiB
2026/05/29 09:20:36.135, 2645 MiB
2026/05/29 09:20:37.135, 2645 MiB
2026/05/29 09:20:38.136, 2641 MiB
2026/05/29 09:20:39.136, 2641 MiB
2026/05/29 09:20:40.136, 2641 MiB
2026/05/29 09:20:41.136, 2637 MiB
2026/05/29 09:20:42.137, 2641 MiB
2026/05/29 09:20:43.137, 2641 MiB
2026/05/29 09:20:44.137, 2641 MiB
2026/05/29 09:20:45.138, 2641 MiB
2026/05/29 09:20:46.138, 2641 MiB
2026/05/29 09:20:47.138, 2641 MiB
2026/05/29 09:20:48.138, 2641 MiB
2026/05/29 09:20:49.139, 2641 MiB
2026/05/29 09:20:50.139, 2641 MiB
2026/05/29 09:20:51.139, 2637 MiB
2026/05/29 09:20:52.140, 2641 MiB
2026/05/29 09:20:53.141, 2641 MiB
2026/05/29 09:20:54.141, 2641 MiB
2026/05/29 09:20:55.142, 2641 MiB
2026/05/29 09:20:56.142, 2641 MiB
2026/05/29 09:20:57.143, 2641 MiB
2026/05/29 09:20:58.143, 2641 MiB
2026/05/29 09:20:59.143, 2641 MiB
2026/05/29 09:21:00.143, 2641 MiB
2026/05/29 09:21:01.144, 2637 MiB
2026/05/29 09:21:02.144, 2646 MiB
2026/05/29 09:21:03.145, 2645 MiB
2026/05/29 09:21:04.145, 2645 MiB
2026/05/29 09:21:05.146, 2645 MiB
2026/05/29 09:21:06.147, 2645 MiB
2026/05/29 09:21:07.147, 2646 MiB
2026/05/29 09:21:08.148, 2646 MiB
2026/05/29 09:21:09.148, 2646 MiB
2026/05/29 09:21:10.149, 2646 MiB
2026/05/29 09:21:11.149, 2642 MiB
2026/05/29 09:21:12.150, 2646 MiB
2026/05/29 09:21:13.151, 2645 MiB
2026/05/29 09:21:14.151, 6306 MiB
2026/05/29 09:21:15.151, 6306 MiB
2026/05/29 09:21:16.151, 6306 MiB
2026/05/29 09:21:17.152, 6265 MiB
2026/05/29 09:21:18.152, 2665 MiB
2026/05/29 09:21:19.152, 2661 MiB
2026/05/29 09:21:20.152, 2661 MiB
2026/05/29 09:21:21.153, 2657 MiB
2026/05/29 09:21:22.153, 2661 MiB
2026/05/29 09:21:23.153, 2661 MiB
2026/05/29 09:21:24.154, 2661 MiB
2026/05/29 09:21:25.154, 2661 MiB
2026/05/29 09:21:26.154, 2661 MiB
2026/05/29 09:21:27.154, 2661 MiB
2026/05/29 09:21:28.155, 2661 MiB
2026/05/29 09:21:29.155, 2661 MiB
2026/05/29 09:21:30.155, 2661 MiB
2026/05/29 09:21:31.155, 2657 MiB
2026/05/29 09:21:32.156, 2661 MiB
2026/05/29 09:21:33.156, 2661 MiB
2026/05/29 09:21:34.156, 2661 MiB
2026/05/29 09:21:35.156, 2661 MiB
2026/05/29 09:21:36.156, 2661 MiB
2026/05/29 09:21:37.157, 2661 MiB
2026/05/29 09:21:38.158, 2661 MiB
2026/05/29 09:21:39.158, 2661 MiB
2026/05/29 09:21:40.158, 2661 MiB
2026/05/29 09:21:41.159, 2657 MiB
2026/05/29 09:21:42.159, 2661 MiB
2026/05/29 09:21:43.159, 2661 MiB
2026/05/29 09:21:44.161, 2661 MiB
2026/05/29 09:21:45.162, 2661 MiB
2026/05/29 09:21:46.162, 2661 MiB
2026/05/29 09:21:47.163, 2661 MiB
2026/05/29 09:21:48.163, 2661 MiB
2026/05/29 09:21:49.164, 2661 MiB
2026/05/29 09:21:50.164, 2661 MiB
2026/05/29 09:21:51.165, 2657 MiB
2026/05/29 09:21:52.165, 2661 MiB
2026/05/29 09:21:53.166, 2661 MiB
2026/05/29 09:21:54.166, 2661 MiB
2026/05/29 09:21:55.166, 2661 MiB
2026/05/29 09:21:56.175, 2861 MiB
2026/05/29 09:21:57.175, 6321 MiB
2026/05/29 09:21:58.176, 6321 MiB
2026/05/29 09:21:59.176, 6321 MiB
2026/05/29 09:22:00.177, 2641 MiB
2026/05/29 09:22:01.177, 2637 MiB
2026/05/29 09:22:02.177, 2641 MiB
2026/05/29 09:22:03.177, 2641 MiB
2026/05/29 09:22:04.178, 2641 MiB
2026/05/29 09:22:05.178, 2641 MiB
2026/05/29 09:22:06.178, 2641 MiB
2026/05/29 09:22:07.178, 2641 MiB
2026/05/29 09:22:08.179, 2641 MiB
2026/05/29 09:22:09.179, 2641 MiB
2026/05/29 09:22:10.179, 2641 MiB
2026/05/29 09:22:11.179, 2637 MiB
2026/05/29 09:22:12.180, 2641 MiB
2026/05/29 09:22:13.181, 2641 MiB
2026/05/29 09:22:14.181, 2641 MiB
2026/05/29 09:22:15.182, 2641 MiB
2026/05/29 09:22:16.182, 2641 MiB
2026/05/29 09:22:17.183, 2641 MiB
2026/05/29 09:22:18.183, 2641 MiB
2026/05/29 09:22:19.183, 2641 MiB
2026/05/29 09:22:20.184, 2641 MiB
2026/05/29 09:22:21.184, 2637 MiB
2026/05/29 09:22:22.184, 2641 MiB
2026/05/29 09:22:23.186, 2641 MiB
2026/05/29 09:22:24.186, 2641 MiB
2026/05/29 09:22:25.186, 2641 MiB
2026/05/29 09:22:26.186, 2641 MiB
2026/05/29 09:22:27.187, 2641 MiB
2026/05/29 09:22:28.188, 2641 MiB
2026/05/29 09:22:29.190, 2641 MiB
2026/05/29 09:22:30.190, 2641 MiB
2026/05/29 09:22:31.190, 2637 MiB
2026/05/29 09:22:32.191, 2641 MiB
2026/05/29 09:22:33.191, 2641 MiB
2026/05/29 09:22:34.192, 2641 MiB
2026/05/29 09:22:35.192, 2641 MiB
2026/05/29 09:22:36.192, 2641 MiB
2026/05/29 09:22:37.192, 2641 MiB
2026/05/29 09:22:38.193, 2641 MiB
2026/05/29 09:22:39.193, 6301 MiB
2026/05/29 09:22:40.193, 6301 MiB
2026/05/29 09:22:41.194, 6297 MiB
2026/05/29 09:22:42.194, 3961 MiB
2026/05/29 09:22:43.194, 2661 MiB
2026/05/29 09:22:44.195, 2661 MiB
2026/05/29 09:22:45.195, 2661 MiB
2026/05/29 09:22:46.195, 2661 MiB
2026/05/29 09:22:47.195, 2661 MiB
2026/05/29 09:22:48.196, 2661 MiB
2026/05/29 09:22:49.196, 2660 MiB
2026/05/29 09:22:50.196, 2657 MiB
2026/05/29 09:22:51.197, 2662 MiB
2026/05/29 09:22:52.197, 2666 MiB
2026/05/29 09:22:53.197, 2665 MiB
2026/05/29 09:22:54.197, 2665 MiB
2026/05/29 09:22:55.198, 2665 MiB
2026/05/29 09:22:56.198, 2665 MiB
2026/05/29 09:22:57.198, 2665 MiB
2026/05/29 09:22:58.199, 2665 MiB
2026/05/29 09:22:59.199, 2665 MiB
2026/05/29 09:23:00.199, 2665 MiB
2026/05/29 09:23:01.199, 2662 MiB
2026/05/29 09:23:02.200, 2666 MiB
2026/05/29 09:23:03.201, 2665 MiB
2026/05/29 09:23:04.201, 2665 MiB
2026/05/29 09:23:05.202, 2665 MiB
2026/05/29 09:23:06.202, 2665 MiB
2026/05/29 09:23:07.203, 2665 MiB
2026/05/29 09:23:08.204, 2665 MiB
2026/05/29 09:23:09.204, 2665 MiB
2026/05/29 09:23:10.204, 2665 MiB
2026/05/29 09:23:11.204, 2662 MiB
2026/05/29 09:23:12.205, 2666 MiB
2026/05/29 09:23:13.205, 2665 MiB
2026/05/29 09:23:14.205, 2665 MiB
2026/05/29 09:23:15.206, 2665 MiB
2026/05/29 09:23:16.206, 2665 MiB
2026/05/29 09:23:17.206, 2665 MiB
2026/05/29 09:23:18.207, 2664 MiB
2026/05/29 09:23:19.207, 2660 MiB
2026/05/29 09:23:20.207, 2660 MiB
2026/05/29 09:23:21.208, 2837 MiB
2026/05/29 09:23:22.208, 6341 MiB
2026/05/29 09:23:23.208, 6341 MiB
2026/05/29 09:23:24.208, 6341 MiB
2026/05/29 09:23:25.209, 8261 MiB
2026/05/29 09:23:26.209, 2641 MiB
2026/05/29 09:23:27.209, 2640 MiB
2026/05/29 09:23:28.210, 2637 MiB
2026/05/29 09:23:29.210, 2637 MiB
2026/05/29 09:23:30.210, 2637 MiB
2026/05/29 09:23:31.210, 2630 MiB
2026/05/29 09:23:32.211, 2634 MiB
2026/05/29 09:23:33.211, 2633 MiB
2026/05/29 09:23:34.211, 2633 MiB
2026/05/29 09:23:35.212, 2633 MiB
2026/05/29 09:23:36.212, 2645 MiB
2026/05/29 09:23:37.212, 2645 MiB
2026/05/29 09:23:38.212, 2645 MiB
2026/05/29 09:23:39.212, 2645 MiB
2026/05/29 09:23:40.213, 2645 MiB
2026/05/29 09:23:41.213, 2642 MiB
2026/05/29 09:23:42.213, 2646 MiB
2026/05/29 09:23:43.214, 2645 MiB
2026/05/29 09:23:44.214, 2645 MiB
2026/05/29 09:23:45.215, 2645 MiB
2026/05/29 09:23:46.216, 2645 MiB
2026/05/29 09:23:47.216, 2645 MiB
2026/05/29 09:23:48.216, 2645 MiB
2026/05/29 09:23:49.217, 2645 MiB
2026/05/29 09:23:50.217, 2645 MiB
2026/05/29 09:23:51.218, 2642 MiB
2026/05/29 09:23:52.218, 2646 MiB
2026/05/29 09:23:53.219, 2645 MiB
2026/05/29 09:23:54.219, 2645 MiB
2026/05/29 09:23:55.219, 2645 MiB
2026/05/29 09:23:56.219, 2645 MiB
2026/05/29 09:23:57.220, 2645 MiB
2026/05/29 09:23:58.220, 2644 MiB
2026/05/29 09:23:59.221, 2641 MiB
2026/05/29 09:24:00.221, 2641 MiB
2026/05/29 09:24:01.221, 2638 MiB
2026/05/29 09:24:02.221, 2642 MiB
2026/05/29 09:24:03.222, 2637 MiB
2026/05/29 09:24:04.222, 6297 MiB
2026/05/29 09:24:05.222, 6297 MiB
2026/05/29 09:24:06.223, 6297 MiB
2026/05/29 09:24:07.223, 8225 MiB
2026/05/29 09:24:08.223, 2645 MiB
2026/05/29 09:24:09.224, 2645 MiB
2026/05/29 09:24:10.224, 2645 MiB
2026/05/29 09:24:11.224, 2642 MiB
2026/05/29 09:24:12.224, 2646 MiB
2026/05/29 09:24:13.225, 2645 MiB
2026/05/29 09:24:14.225, 2645 MiB
2026/05/29 09:24:15.225, 2645 MiB
2026/05/29 09:24:16.225, 2645 MiB
2026/05/29 09:24:17.226, 2645 MiB
2026/05/29 09:24:18.226, 2645 MiB
2026/05/29 09:24:19.226, 2645 MiB
2026/05/29 09:24:20.226, 2645 MiB
2026/05/29 09:24:21.227, 2642 MiB
2026/05/29 09:24:22.228, 2646 MiB
2026/05/29 09:24:23.228, 2645 MiB
2026/05/29 09:24:24.228, 2645 MiB
2026/05/29 09:24:25.229, 2645 MiB
2026/05/29 09:24:26.230, 2645 MiB
2026/05/29 09:24:27.231, 2645 MiB
2026/05/29 09:24:28.231, 2645 MiB
2026/05/29 09:24:29.231, 2645 MiB
2026/05/29 09:24:30.233, 2645 MiB
2026/05/29 09:24:31.234, 2642 MiB
2026/05/29 09:24:32.235, 2646 MiB
2026/05/29 09:24:33.235, 2646 MiB
2026/05/29 09:24:34.235, 2645 MiB
2026/05/29 09:24:35.235, 2644 MiB
2026/05/29 09:24:36.236, 2640 MiB
2026/05/29 09:24:37.236, 2641 MiB
2026/05/29 09:24:38.236, 2641 MiB
2026/05/29 09:24:39.237, 2641 MiB
2026/05/29 09:24:40.237, 2641 MiB
2026/05/29 09:24:41.237, 2637 MiB
2026/05/29 09:24:42.238, 2641 MiB
2026/05/29 09:24:43.238, 2640 MiB
2026/05/29 09:24:44.238, 2640 MiB
2026/05/29 09:24:45.239, 2640 MiB
2026/05/29 09:24:46.239, 6301 MiB
2026/05/29 09:24:47.239, 6301 MiB
2026/05/29 09:24:48.240, 6301 MiB
2026/05/29 09:24:49.240, 8805 MiB
2026/05/29 09:24:50.240, 2645 MiB
2026/05/29 09:24:51.240, 2642 MiB
2026/05/29 09:24:52.241, 2626 MiB
2026/05/29 09:24:53.241, 2626 MiB
2026/05/29 09:24:54.242, 2626 MiB
2026/05/29 09:24:55.242, 2626 MiB
2026/05/29 09:24:56.242, 2626 MiB
2026/05/29 09:24:57.243, 2626 MiB
2026/05/29 09:24:58.244, 2626 MiB
2026/05/29 09:24:59.244, 2626 MiB
2026/05/29 09:25:00.244, 2626 MiB
2026/05/29 09:25:01.244, 2626 MiB
2026/05/29 09:25:02.245, 2626 MiB
2026/05/29 09:25:03.246, 2626 MiB
2026/05/29 09:25:04.246, 2626 MiB
2026/05/29 09:25:05.246, 2626 MiB
2026/05/29 09:25:06.247, 2626 MiB
2026/05/29 09:25:07.247, 2626 MiB
2026/05/29 09:25:08.250, 2626 MiB
2026/05/29 09:25:09.251, 2626 MiB
2026/05/29 09:25:10.251, 2626 MiB
2026/05/29 09:25:11.252, 2626 MiB
2026/05/29 09:25:12.252, 2626 MiB
2026/05/29 09:25:13.252, 2626 MiB
2026/05/29 09:25:14.253, 2626 MiB
2026/05/29 09:25:15.253, 2626 MiB
2026/05/29 09:25:16.253, 2626 MiB
2026/05/29 09:25:17.255, 2625 MiB
2026/05/29 09:25:18.256, 2621 MiB
2026/05/29 09:25:19.256, 2621 MiB
2026/05/29 09:25:20.256, 2621 MiB
2026/05/29 09:25:21.258, 2621 MiB
2026/05/29 09:25:22.259, 2621 MiB
2026/05/29 09:25:23.259, 2621 MiB
2026/05/29 09:25:24.259, 2621 MiB
2026/05/29 09:25:25.260, 2621 MiB
2026/05/29 09:25:26.260, 2621 MiB
2026/05/29 09:25:27.260, 2821 MiB
2026/05/29 09:25:28.261, 6301 MiB
2026/05/29 09:25:29.261, 6301 MiB
2026/05/29 09:25:30.261, 6301 MiB
2026/05/29 09:25:31.263, 8961 MiB
2026/05/29 09:25:32.264, 2641 MiB
2026/05/29 09:25:33.265, 2641 MiB
2026/05/29 09:25:34.265, 2641 MiB
2026/05/29 09:25:35.265, 2641 MiB
2026/05/29 09:25:36.265, 2641 MiB
2026/05/29 09:25:37.266, 2641 MiB
2026/05/29 09:25:38.268, 2641 MiB
2026/05/29 09:25:39.269, 2641 MiB
2026/05/29 09:25:40.269, 2641 MiB
2026/05/29 09:25:41.270, 2641 MiB
2026/05/29 09:25:42.270, 2641 MiB
2026/05/29 09:25:43.271, 2641 MiB
2026/05/29 09:25:44.271, 2641 MiB
2026/05/29 09:25:45.271, 2641 MiB
2026/05/29 09:25:46.272, 2641 MiB
2026/05/29 09:25:47.273, 2641 MiB
2026/05/29 09:25:48.273, 2641 MiB
2026/05/29 09:25:49.274, 2641 MiB
2026/05/29 09:25:50.274, 2641 MiB
2026/05/29 09:25:51.274, 2641 MiB
2026/05/29 09:25:52.275, 2641 MiB
2026/05/29 09:25:53.275, 2641 MiB
2026/05/29 09:25:54.296, 2641 MiB
2026/05/29 09:25:55.297, 2641 MiB
2026/05/29 09:25:56.298, 2641 MiB
2026/05/29 09:25:57.299, 2641 MiB
2026/05/29 09:25:58.299, 2641 MiB
2026/05/29 09:25:59.299, 2641 MiB
2026/05/29 09:26:00.300, 2641 MiB
2026/05/29 09:26:01.300, 2641 MiB
2026/05/29 09:26:02.300, 2641 MiB
2026/05/29 09:26:03.301, 2641 MiB
2026/05/29 09:26:04.301, 2641 MiB
2026/05/29 09:26:05.301, 2641 MiB
2026/05/29 09:26:06.302, 2641 MiB
2026/05/29 09:26:07.302, 2641 MiB
2026/05/29 09:26:08.302, 2641 MiB
2026/05/29 09:26:09.303, 2641 MiB
2026/05/29 09:26:10.303, 2841 MiB
2026/05/29 09:26:11.303, 6301 MiB
2026/05/29 09:26:12.304, 6301 MiB
2026/05/29 09:26:13.304, 6301 MiB
2026/05/29 09:26:14.304, 2621 MiB
2026/05/29 09:26:15.304, 2621 MiB
2026/05/29 09:26:16.305, 2621 MiB
2026/05/29 09:26:17.305, 2621 MiB
2026/05/29 09:26:18.305, 2621 MiB
2026/05/29 09:26:19.306, 2621 MiB
2026/05/29 09:26:20.306, 2621 MiB
2026/05/29 09:26:21.306, 2621 MiB
2026/05/29 09:26:22.307, 2621 MiB
2026/05/29 09:26:23.307, 2621 MiB
2026/05/29 09:26:24.307, 2621 MiB
2026/05/29 09:26:25.308, 2621 MiB
2026/05/29 09:26:26.308, 2621 MiB
2026/05/29 09:26:27.308, 2621 MiB
2026/05/29 09:26:28.309, 2621 MiB
2026/05/29 09:26:29.309, 2621 MiB
2026/05/29 09:26:30.309, 2621 MiB
2026/05/29 09:26:31.310, 2621 MiB
2026/05/29 09:26:32.310, 2621 MiB
2026/05/29 09:26:33.311, 2621 MiB
2026/05/29 09:26:34.311, 2621 MiB
2026/05/29 09:26:35.311, 2621 MiB
2026/05/29 09:26:36.312, 2621 MiB
2026/05/29 09:26:37.312, 2621 MiB
2026/05/29 09:26:38.312, 2621 MiB
2026/05/29 09:26:39.313, 2621 MiB
2026/05/29 09:26:40.313, 2621 MiB
2026/05/29 09:26:41.313, 2621 MiB
2026/05/29 09:26:42.314, 2621 MiB
2026/05/29 09:26:43.314, 2621 MiB
2026/05/29 09:26:44.314, 2621 MiB
2026/05/29 09:26:45.315, 2621 MiB
2026/05/29 09:26:46.315, 2621 MiB
2026/05/29 09:26:47.315, 2621 MiB
2026/05/29 09:26:48.316, 2621 MiB
2026/05/29 09:26:49.316, 2621 MiB
2026/05/29 09:26:50.317, 2621 MiB
2026/05/29 09:26:51.317, 2621 MiB
2026/05/29 09:26:52.318, 2621 MiB
2026/05/29 09:26:53.319, 2621 MiB
2026/05/29 09:26:54.319, 2621 MiB
2026/05/29 09:26:55.319, 2621 MiB
2026/05/29 09:26:56.320, 6281 MiB
2026/05/29 09:26:57.320, 6281 MiB
2026/05/29 09:26:58.320, 6281 MiB
2026/05/29 09:26:59.320, 3781 MiB
2026/05/29 09:27:00.321, 2661 MiB
2026/05/29 09:27:01.321, 2661 MiB
2026/05/29 09:27:02.321, 2670 MiB
2026/05/29 09:27:03.322, 2670 MiB
2026/05/29 09:27:04.322, 2670 MiB
2026/05/29 09:27:05.322, 2666 MiB
2026/05/29 09:27:06.323, 2666 MiB
2026/05/29 09:27:07.323, 2666 MiB
2026/05/29 09:27:08.323, 2665 MiB
2026/05/29 09:27:09.324, 2666 MiB
2026/05/29 09:27:10.324, 2666 MiB
2026/05/29 09:27:11.324, 2666 MiB
2026/05/29 09:27:12.325, 2666 MiB
2026/05/29 09:27:13.325, 2666 MiB
2026/05/29 09:27:14.325, 2666 MiB
2026/05/29 09:27:15.326, 2666 MiB
2026/05/29 09:27:16.326, 2666 MiB
2026/05/29 09:27:17.326, 2666 MiB
2026/05/29 09:27:18.327, 2666 MiB
2026/05/29 09:27:19.328, 2666 MiB
2026/05/29 09:27:20.329, 2666 MiB
2026/05/29 09:27:21.330, 2666 MiB
2026/05/29 09:27:22.330, 2666 MiB
2026/05/29 09:27:23.330, 2666 MiB
2026/05/29 09:27:24.331, 2666 MiB
2026/05/29 09:27:25.331, 2666 MiB
2026/05/29 09:27:26.331, 2666 MiB
2026/05/29 09:27:27.332, 2666 MiB
2026/05/29 09:27:28.332, 2666 MiB
2026/05/29 09:27:29.334, 2666 MiB
2026/05/29 09:27:30.334, 2666 MiB
2026/05/29 09:27:31.334, 2666 MiB
2026/05/29 09:27:32.335, 2666 MiB
2026/05/29 09:27:33.336, 2666 MiB
2026/05/29 09:27:34.336, 2666 MiB
2026/05/29 09:27:35.337, 2668 MiB
2026/05/29 09:27:36.337, 2667 MiB
2026/05/29 09:27:37.337, 2667 MiB
2026/05/29 09:27:38.338, 2666 MiB
2026/05/29 09:27:39.338, 2668 MiB
2026/05/29 09:27:40.338, 6325 MiB
2026/05/29 09:27:41.339, 6324 MiB
2026/05/29 09:27:42.339, 6324 MiB
2026/05/29 09:27:43.339, 8904 MiB
2026/05/29 09:27:44.339, 2663 MiB
2026/05/29 09:27:45.340, 2671 MiB
2026/05/29 09:27:46.340, 2671 MiB
2026/05/29 09:27:47.340, 2666 MiB
2026/05/29 09:27:48.341, 2666 MiB
2026/05/29 09:27:49.341, 2666 MiB
2026/05/29 09:27:50.341, 2666 MiB
2026/05/29 09:27:51.342, 2666 MiB
2026/05/29 09:27:52.342, 2666 MiB
2026/05/29 09:27:53.342, 2666 MiB
2026/05/29 09:27:54.343, 2666 MiB
2026/05/29 09:27:55.343, 2666 MiB
2026/05/29 09:27:56.343, 2666 MiB
2026/05/29 09:27:57.345, 2666 MiB
2026/05/29 09:27:58.346, 2666 MiB
2026/05/29 09:27:59.346, 2666 MiB
2026/05/29 09:28:00.346, 2666 MiB
2026/05/29 09:28:01.347, 2666 MiB
2026/05/29 09:28:02.347, 2666 MiB
2026/05/29 09:28:03.347, 2666 MiB
2026/05/29 09:28:04.348, 2666 MiB
2026/05/29 09:28:05.348, 2666 MiB
2026/05/29 09:28:06.372, 2666 MiB
2026/05/29 09:28:07.373, 2666 MiB
2026/05/29 09:28:08.373, 2666 MiB
2026/05/29 09:28:09.374, 2666 MiB
2026/05/29 09:28:10.374, 2666 MiB
2026/05/29 09:28:11.374, 2665 MiB
2026/05/29 09:28:12.375, 2665 MiB
2026/05/29 09:28:13.376, 2661 MiB
2026/05/29 09:28:14.376, 2661 MiB
2026/05/29 09:28:15.376, 2661 MiB
2026/05/29 09:28:16.377, 2661 MiB
2026/05/29 09:28:17.378, 2661 MiB
2026/05/29 09:28:18.378, 2661 MiB
2026/05/29 09:28:19.378, 2661 MiB
2026/05/29 09:28:20.378, 2661 MiB
2026/05/29 09:28:21.379, 2661 MiB
2026/05/29 09:28:22.379, 2681 MiB
2026/05/29 09:28:23.379, 6021 MiB
2026/05/29 09:28:24.380, 6021 MiB
2026/05/29 09:28:25.380, 6025 MiB
2026/05/29 09:28:26.380, 9065 MiB
2026/05/29 09:28:27.380, 2625 MiB
2026/05/29 09:28:28.381, 2621 MiB
2026/05/29 09:28:29.381, 2621 MiB
2026/05/29 09:28:30.382, 2621 MiB
2026/05/29 09:28:31.382, 2621 MiB
2026/05/29 09:28:32.382, 2621 MiB
2026/05/29 09:28:33.382, 2621 MiB
2026/05/29 09:28:34.383, 2621 MiB
2026/05/29 09:28:35.383, 2621 MiB
2026/05/29 09:28:36.383, 2621 MiB
2026/05/29 09:28:37.384, 2621 MiB
2026/05/29 09:28:38.384, 2621 MiB
2026/05/29 09:28:39.384, 2621 MiB
2026/05/29 09:28:40.385, 2621 MiB
2026/05/29 09:28:41.385, 2621 MiB
2026/05/29 09:28:42.385, 2626 MiB
2026/05/29 09:28:43.386, 2626 MiB
2026/05/29 09:28:44.387, 2626 MiB
2026/05/29 09:28:45.388, 2626 MiB
2026/05/29 09:28:46.388, 2626 MiB
2026/05/29 09:28:47.389, 2626 MiB
2026/05/29 09:28:48.390, 2626 MiB
2026/05/29 09:28:49.390, 2626 MiB
2026/05/29 09:28:50.392, 2626 MiB
2026/05/29 09:28:51.411, 2626 MiB
2026/05/29 09:28:52.411, 2626 MiB
2026/05/29 09:28:53.412, 2626 MiB
2026/05/29 09:28:54.412, 2626 MiB
2026/05/29 09:28:55.413, 2626 MiB
2026/05/29 09:28:56.413, 2626 MiB
2026/05/29 09:28:57.413, 2626 MiB
2026/05/29 09:28:58.414, 2626 MiB
2026/05/29 09:28:59.415, 2626 MiB
2026/05/29 09:29:00.415, 2626 MiB
2026/05/29 09:29:01.415, 2626 MiB
2026/05/29 09:29:02.416, 2626 MiB
2026/05/29 09:29:03.416, 2626 MiB
2026/05/29 09:29:04.416, 2626 MiB
2026/05/29 09:29:05.417, 2626 MiB
2026/05/29 09:29:06.417, 6286 MiB
2026/05/29 09:29:07.418, 6286 MiB
2026/05/29 09:29:08.419, 6286 MiB
2026/05/29 09:29:09.420, 9546 MiB
2026/05/29 09:29:10.421, 2646 MiB
2026/05/29 09:29:11.421, 2646 MiB
2026/05/29 09:29:12.421, 2646 MiB
2026/05/29 09:29:13.422, 2646 MiB
2026/05/29 09:29:14.422, 2646 MiB
2026/05/29 09:29:15.422, 2646 MiB
2026/05/29 09:29:16.423, 2646 MiB
2026/05/29 09:29:17.423, 2646 MiB
2026/05/29 09:29:18.423, 2646 MiB
2026/05/29 09:29:19.424, 2646 MiB
2026/05/29 09:29:20.424, 2646 MiB
2026/05/29 09:29:21.424, 2646 MiB
2026/05/29 09:29:22.425, 2646 MiB
2026/05/29 09:29:23.425, 2646 MiB
2026/05/29 09:29:24.425, 2646 MiB
2026/05/29 09:29:25.426, 2646 MiB
2026/05/29 09:29:26.427, 2646 MiB
2026/05/29 09:29:27.427, 2646 MiB
2026/05/29 09:29:28.427, 2646 MiB
2026/05/29 09:29:29.428, 2646 MiB
2026/05/29 09:29:30.428, 2646 MiB
2026/05/29 09:29:31.428, 2646 MiB
2026/05/29 09:29:32.429, 2646 MiB
2026/05/29 09:29:33.429, 2646 MiB
2026/05/29 09:29:34.429, 2646 MiB
2026/05/29 09:29:35.430, 2645 MiB
2026/05/29 09:29:36.430, 2645 MiB
2026/05/29 09:29:37.430, 2641 MiB
2026/05/29 09:29:38.431, 2641 MiB
2026/05/29 09:29:39.432, 2641 MiB
2026/05/29 09:29:40.432, 2641 MiB
2026/05/29 09:29:41.432, 2641 MiB
2026/05/29 09:29:42.433, 2641 MiB
2026/05/29 09:29:43.433, 2641 MiB
2026/05/29 09:29:44.433, 2641 MiB
2026/05/29 09:29:45.433, 2641 MiB
2026/05/29 09:29:46.434, 2641 MiB
2026/05/29 09:29:47.434, 2641 MiB
2026/05/29 09:29:48.434, 2841 MiB
2026/05/29 09:29:49.435, 6001 MiB
2026/05/29 09:29:50.435, 6001 MiB
2026/05/29 09:29:51.435, 5998 MiB
2026/05/29 09:29:52.436, 2618 MiB
2026/05/29 09:29:53.436, 2626 MiB
2026/05/29 09:29:54.436, 2626 MiB
2026/05/29 09:29:55.437, 2626 MiB
2026/05/29 09:29:56.437, 2626 MiB
2026/05/29 09:29:57.437, 2626 MiB
2026/05/29 09:29:58.438, 2626 MiB
2026/05/29 09:29:59.438, 2626 MiB
2026/05/29 09:30:00.438, 2626 MiB
2026/05/29 09:30:01.439, 2626 MiB
2026/05/29 09:30:02.439, 2626 MiB
2026/05/29 09:30:03.439, 2626 MiB
2026/05/29 09:30:04.440, 2626 MiB
2026/05/29 09:30:05.440, 2626 MiB
2026/05/29 09:30:06.440, 2626 MiB
2026/05/29 09:30:07.441, 2626 MiB
2026/05/29 09:30:08.441, 2626 MiB
2026/05/29 09:30:09.442, 2626 MiB
2026/05/29 09:30:10.442, 2626 MiB
2026/05/29 09:30:11.443, 2626 MiB
2026/05/29 09:30:12.443, 2626 MiB
2026/05/29 09:30:13.444, 2626 MiB
2026/05/29 09:30:14.444, 2626 MiB
2026/05/29 09:30:15.445, 2626 MiB
2026/05/29 09:30:16.445, 2626 MiB
2026/05/29 09:30:17.445, 2626 MiB
2026/05/29 09:30:18.446, 2626 MiB
2026/05/29 09:30:19.446, 2626 MiB
2026/05/29 09:30:20.446, 2626 MiB
2026/05/29 09:30:21.447, 2626 MiB
2026/05/29 09:30:22.447, 2626 MiB
2026/05/29 09:30:23.447, 2626 MiB
2026/05/29 09:30:24.448, 2626 MiB
2026/05/29 09:30:25.449, 2625 MiB
2026/05/29 09:30:26.449, 2621 MiB
2026/05/29 09:30:27.449, 2621 MiB
2026/05/29 09:30:28.450, 2621 MiB
2026/05/29 09:30:29.450, 2621 MiB
2026/05/29 09:30:30.450, 2621 MiB
2026/05/29 09:30:31.451, 6281 MiB
2026/05/29 09:30:32.451, 6301 MiB
2026/05/29 09:30:33.451, 6301 MiB
2026/05/29 09:30:34.452, 6065 MiB
2026/05/29 09:30:35.452, 2645 MiB
2026/05/29 09:30:36.452, 2641 MiB
2026/05/29 09:30:37.452, 2641 MiB
2026/05/29 09:30:38.453, 2641 MiB
2026/05/29 09:30:39.453, 2641 MiB
2026/05/29 09:30:40.453, 2641 MiB
2026/05/29 09:30:41.454, 2641 MiB
2026/05/29 09:30:42.454, 2641 MiB
2026/05/29 09:30:43.454, 2641 MiB
2026/05/29 09:30:44.455, 2641 MiB
2026/05/29 09:30:45.455, 2641 MiB
2026/05/29 09:30:46.455, 2641 MiB
2026/05/29 09:30:47.456, 2641 MiB
2026/05/29 09:30:48.456, 2641 MiB
2026/05/29 09:30:49.456, 2641 MiB
2026/05/29 09:30:50.457, 2641 MiB
2026/05/29 09:30:51.457, 2641 MiB
2026/05/29 09:30:52.457, 2641 MiB
2026/05/29 09:30:53.458, 2641 MiB
2026/05/29 09:30:54.458, 2641 MiB
2026/05/29 09:30:55.458, 2641 MiB
2026/05/29 09:30:56.459, 2641 MiB
2026/05/29 09:30:57.459, 2641 MiB
2026/05/29 09:30:58.463, 2641 MiB
2026/05/29 09:30:59.463, 2641 MiB
2026/05/29 09:31:00.463, 2641 MiB
2026/05/29 09:31:01.465, 2641 MiB
2026/05/29 09:31:02.465, 2641 MiB
2026/05/29 09:31:03.465, 2641 MiB
2026/05/29 09:31:04.466, 2641 MiB
2026/05/29 09:31:05.466, 2641 MiB
2026/05/29 09:31:06.466, 2641 MiB
2026/05/29 09:31:07.467, 2641 MiB
2026/05/29 09:31:08.468, 2641 MiB
2026/05/29 09:31:09.469, 2641 MiB
2026/05/29 09:31:10.469, 2641 MiB
2026/05/29 09:31:11.469, 2641 MiB
2026/05/29 09:31:12.470, 2641 MiB
2026/05/29 09:31:13.470, 2641 MiB
2026/05/29 09:31:14.470, 6001 MiB
2026/05/29 09:31:15.471, 6001 MiB
2026/05/29 09:31:16.471, 6001 MiB
2026/05/29 09:31:17.471, 7781 MiB
2026/05/29 09:31:18.471, 2621 MiB
2026/05/29 09:31:19.472, 2621 MiB
2026/05/29 09:31:20.472, 2621 MiB
2026/05/29 09:31:21.472, 2621 MiB
2026/05/29 09:31:22.473, 2621 MiB
2026/05/29 09:31:23.473, 2621 MiB
2026/05/29 09:31:24.473, 2621 MiB
2026/05/29 09:31:25.473, 2621 MiB
2026/05/29 09:31:26.474, 2621 MiB
2026/05/29 09:31:27.474, 2621 MiB
2026/05/29 09:31:28.474, 2621 MiB
2026/05/29 09:31:29.475, 2621 MiB
2026/05/29 09:31:30.475, 2621 MiB
2026/05/29 09:31:31.476, 2621 MiB
2026/05/29 09:31:32.476, 2621 MiB
2026/05/29 09:31:33.477, 2621 MiB
2026/05/29 09:31:34.478, 2621 MiB
2026/05/29 09:31:35.478, 2621 MiB
2026/05/29 09:31:36.478, 2621 MiB
2026/05/29 09:31:37.478, 2621 MiB
2026/05/29 09:31:38.479, 2621 MiB
2026/05/29 09:31:39.479, 2621 MiB
2026/05/29 09:31:40.480, 2621 MiB
2026/05/29 09:31:41.480, 2621 MiB
2026/05/29 09:31:42.481, 2621 MiB
2026/05/29 09:31:43.481, 2621 MiB
2026/05/29 09:31:44.482, 2621 MiB
2026/05/29 09:31:45.483, 2621 MiB
2026/05/29 09:31:46.484, 2621 MiB
2026/05/29 09:31:47.484, 2621 MiB
2026/05/29 09:31:48.485, 2621 MiB
2026/05/29 09:31:49.491, 2621 MiB
2026/05/29 09:31:50.491, 2621 MiB
2026/05/29 09:31:51.491, 2621 MiB
2026/05/29 09:31:52.492, 2621 MiB
2026/05/29 09:31:53.493, 2621 MiB
2026/05/29 09:31:54.493, 2621 MiB
2026/05/29 09:31:55.493, 2621 MiB
2026/05/29 09:31:56.493, 2621 MiB
2026/05/29 09:31:57.494, 6281 MiB
2026/05/29 09:31:58.494, 6281 MiB
2026/05/29 09:31:59.494, 2861 MiB
2026/05/29 09:32:00.495, 2641 MiB
2026/05/29 09:32:01.495, 2641 MiB
2026/05/29 09:32:02.495, 2641 MiB
2026/05/29 09:32:03.496, 2641 MiB
2026/05/29 09:32:04.496, 2641 MiB
2026/05/29 09:32:05.496, 2641 MiB
2026/05/29 09:32:06.497, 2641 MiB
2026/05/29 09:32:07.497, 2641 MiB
2026/05/29 09:32:08.497, 2641 MiB
2026/05/29 09:32:09.497, 2641 MiB
2026/05/29 09:32:10.498, 2641 MiB
2026/05/29 09:32:11.498, 2641 MiB
2026/05/29 09:32:12.498, 2641 MiB
2026/05/29 09:32:13.499, 2641 MiB
2026/05/29 09:32:14.499, 2641 MiB
2026/05/29 09:32:15.499, 2641 MiB
2026/05/29 09:32:16.500, 2641 MiB
2026/05/29 09:32:17.500, 2641 MiB
2026/05/29 09:32:18.500, 2641 MiB
2026/05/29 09:32:19.502, 2641 MiB
2026/05/29 09:32:20.502, 2641 MiB
2026/05/29 09:32:21.502, 2641 MiB
2026/05/29 09:32:22.503, 2641 MiB
2026/05/29 09:32:23.504, 2641 MiB
2026/05/29 09:32:24.504, 2641 MiB
2026/05/29 09:32:25.512, 2641 MiB
2026/05/29 09:32:26.520, 2641 MiB
2026/05/29 09:32:27.520, 2641 MiB
2026/05/29 09:32:28.521, 2641 MiB
2026/05/29 09:32:29.521, 2641 MiB
2026/05/29 09:32:30.522, 2641 MiB
2026/05/29 09:32:31.522, 2641 MiB
2026/05/29 09:32:32.523, 2641 MiB
2026/05/29 09:32:33.523, 2641 MiB
2026/05/29 09:32:34.524, 2641 MiB
2026/05/29 09:32:35.524, 2641 MiB
2026/05/29 09:32:36.525, 2641 MiB
2026/05/29 09:32:37.525, 2641 MiB
2026/05/29 09:32:38.525, 2641 MiB
2026/05/29 09:32:39.526, 6001 MiB
2026/05/29 09:32:40.526, 6001 MiB
2026/05/29 09:32:41.526, 6001 MiB
2026/05/29 09:32:42.527, 2621 MiB
2026/05/29 09:32:43.527, 2621 MiB
2026/05/29 09:32:44.527, 2621 MiB
2026/05/29 09:32:45.528, 2621 MiB
2026/05/29 09:32:46.530, 2621 MiB
2026/05/29 09:32:47.530, 2621 MiB
2026/05/29 09:32:48.531, 2621 MiB
2026/05/29 09:32:49.531, 2621 MiB
2026/05/29 09:32:50.531, 2621 MiB
2026/05/29 09:32:51.532, 2621 MiB
2026/05/29 09:32:52.532, 2621 MiB
2026/05/29 09:32:53.532, 2618 MiB
2026/05/29 09:32:54.533, 2618 MiB
2026/05/29 09:32:55.533, 2618 MiB
2026/05/29 09:32:56.534, 2618 MiB
2026/05/29 09:32:57.534, 2618 MiB
2026/05/29 09:32:58.534, 2618 MiB
2026/05/29 09:32:59.535, 2618 MiB
2026/05/29 09:33:00.536, 2625 MiB
2026/05/29 09:33:01.536, 2625 MiB
2026/05/29 09:33:02.536, 2625 MiB
2026/05/29 09:33:03.537, 2625 MiB
2026/05/29 09:33:04.537, 2625 MiB
2026/05/29 09:33:05.537, 2626 MiB
2026/05/29 09:33:06.538, 2626 MiB
2026/05/29 09:33:07.538, 2626 MiB
2026/05/29 09:33:08.538, 2626 MiB
2026/05/29 09:33:09.539, 2626 MiB
2026/05/29 09:33:10.540, 2626 MiB
2026/05/29 09:33:11.540, 2626 MiB
2026/05/29 09:33:12.541, 2626 MiB
2026/05/29 09:33:13.541, 2626 MiB
2026/05/29 09:33:14.541, 2626 MiB
2026/05/29 09:33:15.542, 2626 MiB
2026/05/29 09:33:16.543, 2626 MiB
2026/05/29 09:33:17.543, 2626 MiB
2026/05/29 09:33:18.543, 2626 MiB
2026/05/29 09:33:19.544, 2626 MiB
2026/05/29 09:33:20.544, 2626 MiB
2026/05/29 09:33:21.544, 6282 MiB
2026/05/29 09:33:22.544, 6282 MiB
2026/05/29 09:33:23.545, 6282 MiB
2026/05/29 09:33:24.545, 2630 MiB
2026/05/29 09:33:25.545, 2630 MiB
2026/05/29 09:33:26.546, 2630 MiB
2026/05/29 09:33:27.546, 2626 MiB
2026/05/29 09:33:28.546, 2626 MiB
2026/05/29 09:33:29.547, 2626 MiB
2026/05/29 09:33:30.547, 2626 MiB
2026/05/29 09:33:31.547, 2626 MiB
2026/05/29 09:33:32.548, 2626 MiB
2026/05/29 09:33:33.548, 2626 MiB
2026/05/29 09:33:34.548, 2626 MiB
2026/05/29 09:33:35.549, 2626 MiB
2026/05/29 09:33:36.549, 2626 MiB
2026/05/29 09:33:37.549, 2626 MiB
2026/05/29 09:33:38.550, 2626 MiB
2026/05/29 09:33:39.550, 2626 MiB
2026/05/29 09:33:40.550, 2626 MiB
2026/05/29 09:33:41.551, 2626 MiB
2026/05/29 09:33:42.551, 2626 MiB
2026/05/29 09:33:43.551, 2626 MiB
2026/05/29 09:33:44.552, 2626 MiB
2026/05/29 09:33:45.552, 2626 MiB
2026/05/29 09:33:46.552, 2626 MiB
2026/05/29 09:33:47.553, 2626 MiB
2026/05/29 09:33:48.553, 2626 MiB
2026/05/29 09:33:49.554, 2626 MiB
2026/05/29 09:33:50.554, 2625 MiB
2026/05/29 09:33:51.555, 2625 MiB
2026/05/29 09:33:52.556, 2621 MiB
2026/05/29 09:33:53.556, 2621 MiB
2026/05/29 09:33:54.556, 2621 MiB
2026/05/29 09:33:55.557, 2621 MiB
2026/05/29 09:33:56.557, 2621 MiB
2026/05/29 09:33:57.557, 2621 MiB
2026/05/29 09:33:58.558, 2621 MiB
2026/05/29 09:33:59.558, 2621 MiB
2026/05/29 09:34:00.559, 2621 MiB
2026/05/29 09:34:01.559, 2621 MiB
2026/05/29 09:34:02.559, 2621 MiB
2026/05/29 09:34:03.559, 2621 MiB
2026/05/29 09:34:04.560, 2621 MiB
2026/05/29 09:34:05.560, 2801 MiB
2026/05/29 09:34:06.561, 6281 MiB
2026/05/29 09:34:07.561, 6281 MiB
2026/05/29 09:34:08.561, 6281 MiB
2026/05/29 09:34:09.562, 8961 MiB
2026/05/29 09:34:10.562, 2641 MiB
2026/05/29 09:34:11.562, 2641 MiB
2026/05/29 09:34:12.563, 2641 MiB
2026/05/29 09:34:13.563, 2641 MiB
2026/05/29 09:34:14.563, 2641 MiB
2026/05/29 09:34:15.564, 2641 MiB
2026/05/29 09:34:16.564, 2641 MiB
2026/05/29 09:34:17.564, 2641 MiB
2026/05/29 09:34:18.565, 2641 MiB
2026/05/29 09:34:19.565, 2641 MiB
2026/05/29 09:34:20.565, 2641 MiB
2026/05/29 09:34:21.565, 2641 MiB
2026/05/29 09:34:22.566, 2641 MiB
2026/05/29 09:34:23.566, 2641 MiB
2026/05/29 09:34:24.567, 2641 MiB
2026/05/29 09:34:25.567, 2641 MiB
2026/05/29 09:34:26.567, 2641 MiB
2026/05/29 09:34:27.568, 2641 MiB
2026/05/29 09:34:28.569, 2641 MiB
2026/05/29 09:34:29.569, 2641 MiB
2026/05/29 09:34:30.570, 2641 MiB
2026/05/29 09:34:31.579, 2641 MiB
2026/05/29 09:34:32.580, 2641 MiB
2026/05/29 09:34:33.580, 2641 MiB
2026/05/29 09:34:34.581, 2641 MiB
2026/05/29 09:34:35.581, 2641 MiB
2026/05/29 09:34:36.582, 2641 MiB
2026/05/29 09:34:37.582, 2641 MiB
2026/05/29 09:34:38.583, 2641 MiB
2026/05/29 09:34:39.584, 2641 MiB
2026/05/29 09:34:40.584, 2641 MiB
2026/05/29 09:34:41.584, 2641 MiB
2026/05/29 09:34:42.586, 2641 MiB
2026/05/29 09:34:43.594, 2641 MiB
2026/05/29 09:34:44.595, 2641 MiB
2026/05/29 09:34:45.596, 2641 MiB
2026/05/29 09:34:46.596, 2641 MiB
2026/05/29 09:34:47.597, 2641 MiB
2026/05/29 09:34:48.597, 2641 MiB
2026/05/29 09:34:49.597, 6001 MiB
2026/05/29 09:34:50.598, 6001 MiB
2026/05/29 09:34:51.598, 6001 MiB
2026/05/29 09:34:52.598, 8781 MiB
2026/05/29 09:34:53.598, 2661 MiB
2026/05/29 09:34:54.599, 2661 MiB
2026/05/29 09:34:55.599, 2661 MiB
2026/05/29 09:34:56.600, 2657 MiB
2026/05/29 09:34:57.600, 2666 MiB
2026/05/29 09:34:58.600, 2666 MiB
2026/05/29 09:34:59.600, 2666 MiB
2026/05/29 09:35:00.601, 2666 MiB
2026/05/29 09:35:01.601, 2666 MiB
2026/05/29 09:35:02.601, 2666 MiB
2026/05/29 09:35:03.602, 2666 MiB
2026/05/29 09:35:04.602, 2666 MiB
2026/05/29 09:35:05.602, 2666 MiB
2026/05/29 09:35:06.603, 2666 MiB
2026/05/29 09:35:07.604, 2666 MiB
2026/05/29 09:35:08.604, 2666 MiB
2026/05/29 09:35:09.605, 2666 MiB
2026/05/29 09:35:10.605, 2666 MiB
2026/05/29 09:35:11.605, 2666 MiB
2026/05/29 09:35:12.605, 2666 MiB
2026/05/29 09:35:13.606, 2666 MiB
2026/05/29 09:35:14.606, 2666 MiB
2026/05/29 09:35:15.607, 2666 MiB
2026/05/29 09:35:16.607, 2666 MiB
2026/05/29 09:35:17.608, 2666 MiB
2026/05/29 09:35:18.608, 2666 MiB
2026/05/29 09:35:19.608, 2666 MiB
2026/05/29 09:35:20.609, 2666 MiB
2026/05/29 09:35:21.609, 2666 MiB
2026/05/29 09:35:22.610, 2666 MiB
2026/05/29 09:35:23.610, 2665 MiB
2026/05/29 09:35:24.610, 2665 MiB
2026/05/29 09:35:25.611, 2665 MiB
2026/05/29 09:35:26.611, 2661 MiB
2026/05/29 09:35:27.611, 2661 MiB
2026/05/29 09:35:28.612, 2661 MiB
2026/05/29 09:35:29.613, 2661 MiB
2026/05/29 09:35:30.613, 2661 MiB
2026/05/29 09:35:31.613, 2661 MiB
2026/05/29 09:35:32.614, 6321 MiB
2026/05/29 09:35:33.614, 6321 MiB
2026/05/29 09:35:34.614, 6321 MiB
2026/05/29 09:35:35.614, 5701 MiB
2026/05/29 09:35:36.615, 2621 MiB
2026/05/29 09:35:37.615, 2621 MiB
2026/05/29 09:35:38.615, 2621 MiB
2026/05/29 09:35:39.616, 2621 MiB
2026/05/29 09:35:40.616, 2621 MiB
2026/05/29 09:35:41.616, 2621 MiB
2026/05/29 09:35:42.617, 2621 MiB
2026/05/29 09:35:43.617, 2621 MiB
2026/05/29 09:35:44.617, 2621 MiB
2026/05/29 09:35:45.617, 2621 MiB
2026/05/29 09:35:46.618, 2621 MiB
2026/05/29 09:35:47.618, 2621 MiB
2026/05/29 09:35:48.619, 2621 MiB
2026/05/29 09:35:49.619, 2621 MiB
2026/05/29 09:35:50.619, 2621 MiB
2026/05/29 09:35:51.619, 2621 MiB
2026/05/29 09:35:52.620, 2621 MiB
2026/05/29 09:35:53.620, 2621 MiB
2026/05/29 09:35:54.620, 2621 MiB
2026/05/29 09:35:55.621, 2621 MiB
2026/05/29 09:35:56.621, 2621 MiB
2026/05/29 09:35:57.621, 2621 MiB
2026/05/29 09:35:58.622, 2621 MiB
2026/05/29 09:35:59.622, 2621 MiB
2026/05/29 09:36:00.622, 2621 MiB
2026/05/29 09:36:01.623, 2621 MiB
2026/05/29 09:36:02.623, 2621 MiB
2026/05/29 09:36:03.623, 2621 MiB
2026/05/29 09:36:04.624, 2621 MiB
2026/05/29 09:36:05.625, 2621 MiB
2026/05/29 09:36:06.625, 2621 MiB
2026/05/29 09:36:07.625, 2621 MiB
2026/05/29 09:36:08.637, 2621 MiB
2026/05/29 09:36:09.637, 2621 MiB
2026/05/29 09:36:10.638, 2621 MiB
2026/05/29 09:36:11.638, 2621 MiB
2026/05/29 09:36:12.638, 2621 MiB
2026/05/29 09:36:13.639, 2621 MiB
2026/05/29 09:36:14.639, 6281 MiB
2026/05/29 09:36:15.639, 6281 MiB
2026/05/29 09:36:16.639, 6281 MiB
2026/05/29 09:36:17.640, 7101 MiB
2026/05/29 09:36:18.640, 2621 MiB
2026/05/29 09:36:19.640, 2621 MiB
2026/05/29 09:36:20.641, 2621 MiB
2026/05/29 09:36:21.641, 2621 MiB
2026/05/29 09:36:22.641, 2621 MiB
2026/05/29 09:36:23.642, 2621 MiB
2026/05/29 09:36:24.642, 2621 MiB
2026/05/29 09:36:25.642, 2621 MiB
2026/05/29 09:36:26.643, 2621 MiB
2026/05/29 09:36:27.643, 2621 MiB
2026/05/29 09:36:28.643, 2621 MiB
2026/05/29 09:36:29.644, 2621 MiB
2026/05/29 09:36:30.644, 2621 MiB
2026/05/29 09:36:31.644, 2621 MiB
2026/05/29 09:36:32.645, 2621 MiB
2026/05/29 09:36:33.645, 2621 MiB
2026/05/29 09:36:34.645, 2621 MiB
2026/05/29 09:36:35.646, 2621 MiB
2026/05/29 09:36:36.646, 2621 MiB
2026/05/29 09:36:37.647, 2621 MiB
2026/05/29 09:36:38.648, 2621 MiB
2026/05/29 09:36:39.648, 2621 MiB
2026/05/29 09:36:40.649, 2625 MiB
2026/05/29 09:36:41.649, 2625 MiB
2026/05/29 09:36:42.649, 2625 MiB
2026/05/29 09:36:43.651, 2625 MiB
2026/05/29 09:36:44.651, 2625 MiB
2026/05/29 09:36:45.651, 2626 MiB
2026/05/29 09:36:46.651, 2626 MiB
2026/05/29 09:36:47.652, 2626 MiB
2026/05/29 09:36:48.656, 2626 MiB
2026/05/29 09:36:49.656, 2626 MiB
2026/05/29 09:36:50.657, 2626 MiB
2026/05/29 09:36:51.658, 2626 MiB
2026/05/29 09:36:52.658, 2626 MiB
2026/05/29 09:36:53.658, 2626 MiB
2026/05/29 09:36:54.659, 2626 MiB
2026/05/29 09:36:55.659, 2622 MiB
2026/05/29 09:36:56.659, 6282 MiB
2026/05/29 09:36:57.660, 6282 MiB
2026/05/29 09:36:58.660, 6282 MiB
2026/05/29 09:36:59.660, 7142 MiB
2026/05/29 09:37:00.661, 2638 MiB
2026/05/29 09:37:01.661, 2646 MiB
2026/05/29 09:37:02.661, 2646 MiB
2026/05/29 09:37:03.662, 2646 MiB
2026/05/29 09:37:04.662, 2646 MiB
2026/05/29 09:37:05.662, 2646 MiB
2026/05/29 09:37:06.663, 2646 MiB
2026/05/29 09:37:07.663, 2645 MiB
2026/05/29 09:37:08.663, 2645 MiB
2026/05/29 09:37:09.664, 2645 MiB
2026/05/29 09:37:10.664, 2645 MiB
2026/05/29 09:37:11.664, 2645 MiB
2026/05/29 09:37:12.665, 2646 MiB
2026/05/29 09:37:13.665, 2646 MiB
2026/05/29 09:37:14.666, 2646 MiB
2026/05/29 09:37:15.666, 2646 MiB
2026/05/29 09:37:16.666, 2646 MiB
2026/05/29 09:37:17.667, 2646 MiB
2026/05/29 09:37:18.667, 2646 MiB
2026/05/29 09:37:19.668, 2646 MiB
2026/05/29 09:37:20.668, 2646 MiB
2026/05/29 09:37:21.669, 2646 MiB
2026/05/29 09:37:22.669, 2646 MiB
2026/05/29 09:37:23.669, 2646 MiB
2026/05/29 09:37:24.669, 2646 MiB
2026/05/29 09:37:25.670, 2646 MiB
2026/05/29 09:37:26.670, 2646 MiB
2026/05/29 09:37:27.671, 2646 MiB
2026/05/29 09:37:28.672, 2646 MiB
2026/05/29 09:37:29.672, 2646 MiB
2026/05/29 09:37:30.672, 2646 MiB
2026/05/29 09:37:31.673, 2646 MiB
2026/05/29 09:37:32.673, 2646 MiB
2026/05/29 09:37:33.674, 2645 MiB
2026/05/29 09:37:34.674, 2645 MiB
2026/05/29 09:37:35.676, 2641 MiB
2026/05/29 09:37:36.676, 2641 MiB
2026/05/29 09:37:37.676, 2661 MiB
2026/05/29 09:37:38.677, 6001 MiB
2026/05/29 09:37:39.677, 6001 MiB
2026/05/29 09:37:40.677, 6001 MiB
2026/05/29 09:37:41.677, 2641 MiB
2026/05/29 09:37:42.678, 2641 MiB
2026/05/29 09:37:43.678, 2641 MiB
2026/05/29 09:37:44.678, 2641 MiB
2026/05/29 09:37:45.679, 2641 MiB
2026/05/29 09:37:46.679, 2641 MiB
2026/05/29 09:37:47.679, 2641 MiB
2026/05/29 09:37:48.680, 2641 MiB
2026/05/29 09:37:49.680, 2641 MiB
2026/05/29 09:37:50.680, 2641 MiB
2026/05/29 09:37:51.681, 2641 MiB
2026/05/29 09:37:52.681, 2641 MiB
2026/05/29 09:37:53.681, 2641 MiB
2026/05/29 09:37:54.683, 2641 MiB
2026/05/29 09:37:55.683, 2641 MiB
2026/05/29 09:37:56.685, 2641 MiB
2026/05/29 09:37:57.685, 2641 MiB
2026/05/29 09:37:58.686, 2641 MiB
2026/05/29 09:37:59.686, 2641 MiB
2026/05/29 09:38:00.686, 2641 MiB
2026/05/29 09:38:01.687, 2641 MiB
2026/05/29 09:38:02.687, 2641 MiB
2026/05/29 09:38:03.687, 2641 MiB
2026/05/29 09:38:04.688, 2641 MiB
2026/05/29 09:38:05.688, 2641 MiB
2026/05/29 09:38:06.688, 2641 MiB
2026/05/29 09:38:07.689, 2641 MiB
2026/05/29 09:38:08.689, 2641 MiB
2026/05/29 09:38:09.690, 2641 MiB
2026/05/29 09:38:10.690, 2641 MiB
2026/05/29 09:38:11.691, 2641 MiB
2026/05/29 09:38:12.692, 2641 MiB
2026/05/29 09:38:13.692, 2641 MiB
2026/05/29 09:38:14.692, 2641 MiB
2026/05/29 09:38:15.693, 2641 MiB
2026/05/29 09:38:16.693, 2641 MiB
2026/05/29 09:38:17.694, 2641 MiB
2026/05/29 09:38:18.694, 2641 MiB
2026/05/29 09:38:19.694, 6001 MiB
2026/05/29 09:38:20.694, 6001 MiB
2026/05/29 09:38:21.695, 6001 MiB
2026/05/29 09:38:22.695, 4081 MiB
2026/05/29 09:38:23.696, 2621 MiB
2026/05/29 09:38:24.696, 2621 MiB
2026/05/29 09:38:25.696, 2621 MiB
2026/05/29 09:38:26.697, 2621 MiB
2026/05/29 09:38:27.697, 2621 MiB
2026/05/29 09:38:28.697, 2621 MiB
2026/05/29 09:38:29.698, 2621 MiB
2026/05/29 09:38:30.698, 2621 MiB
2026/05/29 09:38:31.698, 2621 MiB
2026/05/29 09:38:32.699, 2621 MiB
2026/05/29 09:38:33.699, 2621 MiB
2026/05/29 09:38:34.699, 2626 MiB
2026/05/29 09:38:35.700, 2626 MiB
2026/05/29 09:38:36.700, 2626 MiB
2026/05/29 09:38:37.700, 2626 MiB
2026/05/29 09:38:38.708, 2626 MiB
2026/05/29 09:38:39.709, 2626 MiB
2026/05/29 09:38:40.709, 2626 MiB
2026/05/29 09:38:41.709, 2626 MiB
2026/05/29 09:38:42.709, 2626 MiB
2026/05/29 09:38:43.710, 2626 MiB
2026/05/29 09:38:44.710, 2626 MiB
2026/05/29 09:38:45.710, 2626 MiB
2026/05/29 09:38:46.711, 2626 MiB
2026/05/29 09:38:47.711, 2626 MiB
2026/05/29 09:38:48.712, 2626 MiB
2026/05/29 09:38:49.712, 2626 MiB
2026/05/29 09:38:50.713, 2626 MiB
2026/05/29 09:38:51.713, 2626 MiB
2026/05/29 09:38:52.713, 2626 MiB
2026/05/29 09:38:53.714, 2626 MiB
2026/05/29 09:38:54.714, 2626 MiB
2026/05/29 09:38:55.714, 2626 MiB
2026/05/29 09:38:56.715, 2626 MiB
2026/05/29 09:38:57.716, 2626 MiB
2026/05/29 09:38:58.716, 2626 MiB
2026/05/29 09:38:59.717, 2626 MiB
2026/05/29 09:39:00.718, 2626 MiB
2026/05/29 09:39:01.719, 6286 MiB
2026/05/29 09:39:02.719, 6306 MiB
2026/05/29 09:39:03.719, 6306 MiB
2026/05/29 09:39:04.720, 5825 MiB
2026/05/29 09:39:05.720, 2645 MiB
2026/05/29 09:39:06.720, 2641 MiB
2026/05/29 09:39:07.721, 2641 MiB
2026/05/29 09:39:08.721, 2641 MiB
2026/05/29 09:39:09.722, 2641 MiB
2026/05/29 09:39:10.722, 2641 MiB
2026/05/29 09:39:11.722, 2641 MiB
2026/05/29 09:39:12.723, 2641 MiB
2026/05/29 09:39:13.723, 2641 MiB
2026/05/29 09:39:14.723, 2641 MiB
2026/05/29 09:39:15.723, 2641 MiB
2026/05/29 09:39:16.724, 2641 MiB
2026/05/29 09:39:17.724, 2641 MiB
2026/05/29 09:39:18.725, 2638 MiB
2026/05/29 09:39:19.726, 2645 MiB
2026/05/29 09:39:20.726, 2645 MiB
2026/05/29 09:39:21.726, 2645 MiB
2026/05/29 09:39:22.727, 2645 MiB
2026/05/29 09:39:23.727, 2645 MiB
2026/05/29 09:39:24.727, 2645 MiB
2026/05/29 09:39:25.728, 2645 MiB
2026/05/29 09:39:26.728, 2645 MiB
2026/05/29 09:39:27.728, 2645 MiB
2026/05/29 09:39:28.729, 2645 MiB
2026/05/29 09:39:29.730, 2645 MiB
2026/05/29 09:39:30.730, 2645 MiB
2026/05/29 09:39:31.730, 2646 MiB
2026/05/29 09:39:32.731, 2646 MiB
2026/05/29 09:39:33.731, 2646 MiB
2026/05/29 09:39:34.731, 2646 MiB
2026/05/29 09:39:35.732, 2646 MiB
2026/05/29 09:39:36.732, 2646 MiB
2026/05/29 09:39:37.732, 2646 MiB
2026/05/29 09:39:38.733, 2646 MiB
2026/05/29 09:39:39.734, 2646 MiB
2026/05/29 09:39:40.734, 2646 MiB
2026/05/29 09:39:41.734, 2646 MiB
2026/05/29 09:39:42.736, 2646 MiB
2026/05/29 09:39:43.736, 2846 MiB
2026/05/29 09:39:44.736, 6306 MiB
2026/05/29 09:39:45.737, 6306 MiB
2026/05/29 09:39:46.737, 8806 MiB
2026/05/29 09:39:47.737, 2625 MiB
2026/05/29 09:39:48.737, 2625 MiB
2026/05/29 09:39:49.738, 2621 MiB
2026/05/29 09:39:50.738, 2621 MiB
2026/05/29 09:39:51.738, 2621 MiB
2026/05/29 09:39:52.739, 2621 MiB
2026/05/29 09:39:53.739, 2621 MiB
2026/05/29 09:39:54.739, 2621 MiB
2026/05/29 09:39:55.740, 2621 MiB
2026/05/29 09:39:56.740, 2621 MiB
2026/05/29 09:39:57.740, 2621 MiB
2026/05/29 09:39:58.741, 2621 MiB
2026/05/29 09:39:59.741, 2621 MiB
2026/05/29 09:40:00.741, 2621 MiB
2026/05/29 09:40:01.743, 2621 MiB
2026/05/29 09:40:02.743, 2621 MiB
2026/05/29 09:40:03.743, 2621 MiB
2026/05/29 09:40:04.744, 2621 MiB
2026/05/29 09:40:05.744, 2621 MiB
2026/05/29 09:40:06.745, 2621 MiB
2026/05/29 09:40:07.745, 2621 MiB
2026/05/29 09:40:08.745, 2621 MiB
2026/05/29 09:40:09.746, 2621 MiB
2026/05/29 09:40:10.747, 2621 MiB
2026/05/29 09:40:11.747, 2621 MiB
2026/05/29 09:40:12.747, 2621 MiB
2026/05/29 09:40:13.748, 2621 MiB
2026/05/29 09:40:14.748, 2621 MiB
2026/05/29 09:40:15.748, 2621 MiB
2026/05/29 09:40:16.749, 2621 MiB
2026/05/29 09:40:17.749, 2621 MiB
2026/05/29 09:40:18.749, 2621 MiB
2026/05/29 09:40:19.750, 2621 MiB
2026/05/29 09:40:20.750, 2621 MiB
2026/05/29 09:40:21.750, 2621 MiB
2026/05/29 09:40:22.751, 2621 MiB
2026/05/29 09:40:23.751, 2621 MiB
2026/05/29 09:40:24.752, 2621 MiB
2026/05/29 09:40:25.752, 2801 MiB
2026/05/29 09:40:26.752, 6281 MiB
2026/05/29 09:40:27.753, 2621 MiB
2026/05/29 09:40:28.754, 2641 MiB
2026/05/29 09:40:29.754, 2641 MiB
2026/05/29 09:40:30.754, 2641 MiB
2026/05/29 09:40:31.754, 2641 MiB
2026/05/29 09:40:32.755, 2641 MiB
2026/05/29 09:40:33.755, 2641 MiB
2026/05/29 09:40:34.755, 2641 MiB
2026/05/29 09:40:35.756, 2641 MiB
2026/05/29 09:40:36.756, 2641 MiB
2026/05/29 09:40:37.756, 2641 MiB
2026/05/29 09:40:38.757, 2641 MiB
2026/05/29 09:40:39.757, 2641 MiB
2026/05/29 09:40:40.757, 2641 MiB
2026/05/29 09:40:41.758, 2641 MiB
2026/05/29 09:40:42.758, 2641 MiB
2026/05/29 09:40:43.758, 2641 MiB
2026/05/29 09:40:44.759, 2641 MiB
2026/05/29 09:40:45.759, 2641 MiB
2026/05/29 09:40:46.759, 2641 MiB
2026/05/29 09:40:47.760, 2641 MiB
2026/05/29 09:40:48.760, 2641 MiB
2026/05/29 09:40:49.760, 2641 MiB
2026/05/29 09:40:50.761, 2641 MiB
2026/05/29 09:40:51.761, 2641 MiB
2026/05/29 09:40:52.761, 2641 MiB
2026/05/29 09:40:53.762, 2641 MiB
2026/05/29 09:40:54.762, 2641 MiB
2026/05/29 09:40:55.762, 2641 MiB
2026/05/29 09:40:56.763, 2641 MiB
2026/05/29 09:40:57.763, 2641 MiB
2026/05/29 09:40:58.764, 2641 MiB
2026/05/29 09:40:59.765, 2641 MiB
2026/05/29 09:41:00.765, 2641 MiB
2026/05/29 09:41:01.766, 2641 MiB
2026/05/29 09:41:02.766, 2641 MiB
2026/05/29 09:41:03.767, 2641 MiB
2026/05/29 09:41:04.768, 2641 MiB
2026/05/29 09:41:05.768, 2641 MiB
2026/05/29 09:41:06.768, 2641 MiB
2026/05/29 09:41:07.769, 2641 MiB
2026/05/29 09:41:08.769, 2641 MiB
2026/05/29 09:41:09.769, 6001 MiB
2026/05/29 09:41:10.770, 6001 MiB
2026/05/29 09:41:11.770, 6001 MiB
2026/05/29 09:41:12.770, 3005 MiB
2026/05/29 09:41:13.771, 2625 MiB
2026/05/29 09:41:14.771, 2625 MiB
2026/05/29 09:41:15.771, 2621 MiB
2026/05/29 09:41:16.772, 2621 MiB
2026/05/29 09:41:17.773, 2621 MiB
2026/05/29 09:41:18.774, 2621 MiB
2026/05/29 09:41:19.774, 2621 MiB
2026/05/29 09:41:20.774, 2621 MiB
2026/05/29 09:41:21.775, 2621 MiB
2026/05/29 09:41:22.775, 2621 MiB
2026/05/29 09:41:23.775, 2621 MiB
2026/05/29 09:41:24.776, 2621 MiB
2026/05/29 09:41:25.776, 2621 MiB
2026/05/29 09:41:26.777, 2621 MiB
2026/05/29 09:41:27.777, 2621 MiB
2026/05/29 09:41:28.777, 2621 MiB
2026/05/29 09:41:29.778, 2621 MiB
2026/05/29 09:41:30.779, 2621 MiB
2026/05/29 09:41:31.779, 2621 MiB
2026/05/29 09:41:32.779, 2621 MiB
2026/05/29 09:41:33.780, 2621 MiB
2026/05/29 09:41:34.791, 2621 MiB
2026/05/29 09:41:35.792, 2621 MiB
2026/05/29 09:41:36.792, 2621 MiB
2026/05/29 09:41:37.792, 2621 MiB
2026/05/29 09:41:38.792, 2621 MiB
2026/05/29 09:41:39.793, 2621 MiB
2026/05/29 09:41:40.794, 2621 MiB
2026/05/29 09:41:41.794, 2621 MiB
2026/05/29 09:41:42.795, 2621 MiB
2026/05/29 09:41:43.795, 2621 MiB
2026/05/29 09:41:44.796, 2621 MiB
2026/05/29 09:41:45.796, 2621 MiB
2026/05/29 09:41:46.796, 2621 MiB
2026/05/29 09:41:47.797, 2621 MiB
2026/05/29 09:41:48.797, 2621 MiB
2026/05/29 09:41:49.799, 2621 MiB
2026/05/29 09:41:50.799, 2621 MiB
2026/05/29 09:41:51.799, 2801 MiB
2026/05/29 09:41:52.799, 6281 MiB
2026/05/29 09:41:53.800, 6281 MiB
2026/05/29 09:41:54.800, 6281 MiB
2026/05/29 09:41:55.800, 9081 MiB
2026/05/29 09:41:56.801, 2641 MiB
2026/05/29 09:41:57.801, 2641 MiB
2026/05/29 09:41:58.801, 2641 MiB
2026/05/29 09:41:59.801, 2641 MiB
2026/05/29 09:42:00.802, 2641 MiB
2026/05/29 09:42:01.802, 2641 MiB
2026/05/29 09:42:02.802, 2641 MiB
2026/05/29 09:42:03.803, 2641 MiB
2026/05/29 09:42:04.803, 2641 MiB
2026/05/29 09:42:05.803, 2638 MiB
2026/05/29 09:42:06.804, 2638 MiB
2026/05/29 09:42:07.804, 2645 MiB
2026/05/29 09:42:08.804, 2645 MiB
2026/05/29 09:42:09.805, 2645 MiB
2026/05/29 09:42:10.805, 2645 MiB
2026/05/29 09:42:11.806, 2645 MiB
2026/05/29 09:42:12.807, 2646 MiB
2026/05/29 09:42:13.807, 2646 MiB
2026/05/29 09:42:14.808, 2646 MiB
2026/05/29 09:42:15.809, 2646 MiB
2026/05/29 09:42:16.809, 2646 MiB
2026/05/29 09:42:17.809, 2646 MiB
2026/05/29 09:42:18.810, 2646 MiB
2026/05/29 09:42:19.811, 2646 MiB
2026/05/29 09:42:20.812, 2646 MiB
2026/05/29 09:42:21.812, 2646 MiB
2026/05/29 09:42:22.812, 2646 MiB
2026/05/29 09:42:23.817, 2646 MiB
2026/05/29 09:42:24.817, 2646 MiB
2026/05/29 09:42:25.818, 2646 MiB
2026/05/29 09:42:26.819, 2646 MiB
2026/05/29 09:42:27.820, 2646 MiB
2026/05/29 09:42:28.820, 2646 MiB
2026/05/29 09:42:29.821, 2646 MiB
2026/05/29 09:42:30.822, 2646 MiB
2026/05/29 09:42:31.822, 2646 MiB
2026/05/29 09:42:32.826, 2646 MiB
2026/05/29 09:42:33.826, 2645 MiB
2026/05/29 09:42:34.827, 6001 MiB
2026/05/29 09:42:35.827, 6001 MiB
2026/05/29 09:42:36.828, 6001 MiB
2026/05/29 09:42:37.828, 3025 MiB
2026/05/29 09:42:38.828, 2625 MiB
2026/05/29 09:42:39.828, 2625 MiB
2026/05/29 09:42:40.829, 2621 MiB
2026/05/29 09:42:41.829, 2621 MiB
2026/05/29 09:42:42.829, 2621 MiB
2026/05/29 09:42:43.830, 2621 MiB
2026/05/29 09:42:44.830, 2621 MiB
2026/05/29 09:42:45.830, 2621 MiB
2026/05/29 09:42:46.831, 2621 MiB
2026/05/29 09:42:47.831, 2621 MiB
2026/05/29 09:42:48.831, 2621 MiB
2026/05/29 09:42:49.832, 2621 MiB
2026/05/29 09:42:50.832, 2621 MiB
2026/05/29 09:42:51.832, 2621 MiB
2026/05/29 09:42:52.833, 2621 MiB
2026/05/29 09:42:53.834, 2621 MiB
2026/05/29 09:42:54.835, 2621 MiB
2026/05/29 09:42:55.835, 2621 MiB
2026/05/29 09:42:56.835, 2621 MiB
2026/05/29 09:42:57.836, 2621 MiB
2026/05/29 09:42:58.836, 2621 MiB
2026/05/29 09:42:59.836, 2621 MiB
2026/05/29 09:43:00.837, 2621 MiB
2026/05/29 09:43:01.837, 2621 MiB
2026/05/29 09:43:02.838, 2621 MiB
2026/05/29 09:43:03.839, 2625 MiB
2026/05/29 09:43:04.839, 2625 MiB
2026/05/29 09:43:05.840, 2625 MiB
2026/05/29 09:43:06.840, 2625 MiB
2026/05/29 09:43:07.840, 2625 MiB
2026/05/29 09:43:08.841, 2626 MiB
2026/05/29 09:43:09.842, 2626 MiB
2026/05/29 09:43:10.842, 2626 MiB
2026/05/29 09:43:11.842, 2626 MiB
2026/05/29 09:43:12.843, 2626 MiB
2026/05/29 09:43:13.844, 2626 MiB
2026/05/29 09:43:14.845, 2626 MiB
2026/05/29 09:43:15.845, 2626 MiB
2026/05/29 09:43:16.846, 2626 MiB
2026/05/29 09:43:17.846, 6286 MiB
2026/05/29 09:43:18.847, 6286 MiB
2026/05/29 09:43:19.847, 6285 MiB
2026/05/29 09:43:20.848, 9085 MiB
2026/05/29 09:43:21.848, 2621 MiB
2026/05/29 09:43:22.848, 2621 MiB
2026/05/29 09:43:23.848, 2621 MiB
2026/05/29 09:43:24.849, 2621 MiB
2026/05/29 09:43:25.849, 2621 MiB
2026/05/29 09:43:26.850, 2621 MiB
2026/05/29 09:43:27.850, 2621 MiB
2026/05/29 09:43:28.850, 2621 MiB
2026/05/29 09:43:29.851, 2621 MiB
2026/05/29 09:43:30.851, 2621 MiB
2026/05/29 09:43:31.851, 2621 MiB
2026/05/29 09:43:32.852, 2621 MiB
2026/05/29 09:43:33.852, 2621 MiB
2026/05/29 09:43:34.852, 2621 MiB
2026/05/29 09:43:35.853, 2621 MiB
2026/05/29 09:43:36.854, 2621 MiB
2026/05/29 09:43:37.854, 2621 MiB
2026/05/29 09:43:38.855, 2621 MiB
2026/05/29 09:43:39.855, 2621 MiB
2026/05/29 09:43:40.856, 2621 MiB
2026/05/29 09:43:41.856, 2621 MiB
2026/05/29 09:43:42.857, 2621 MiB
2026/05/29 09:43:43.857, 2621 MiB
2026/05/29 09:43:44.857, 2621 MiB
2026/05/29 09:43:45.869, 2621 MiB
2026/05/29 09:43:46.869, 2621 MiB
2026/05/29 09:43:47.870, 2621 MiB
2026/05/29 09:43:48.871, 2621 MiB
2026/05/29 09:43:49.872, 2621 MiB
2026/05/29 09:43:50.872, 2621 MiB
2026/05/29 09:43:51.873, 2621 MiB
2026/05/29 09:43:52.873, 2621 MiB
2026/05/29 09:43:53.873, 2621 MiB
2026/05/29 09:43:54.874, 2621 MiB
2026/05/29 09:43:55.874, 2625 MiB
2026/05/29 09:43:56.875, 2625 MiB
2026/05/29 09:43:57.875, 2625 MiB
2026/05/29 09:43:58.875, 2625 MiB
2026/05/29 09:43:59.876, 2626 MiB
2026/05/29 09:44:00.876, 6286 MiB
2026/05/29 09:44:01.877, 6286 MiB
2026/05/29 09:44:02.877, 6286 MiB
2026/05/29 09:44:03.877, 8745 MiB
2026/05/29 09:44:04.877, 2625 MiB
2026/05/29 09:44:05.878, 2621 MiB
2026/05/29 09:44:06.878, 2621 MiB
2026/05/29 09:44:07.878, 2621 MiB
2026/05/29 09:44:08.879, 2621 MiB
2026/05/29 09:44:09.879, 2621 MiB
2026/05/29 09:44:10.879, 2621 MiB
2026/05/29 09:44:11.880, 2621 MiB
2026/05/29 09:44:12.880, 2621 MiB
2026/05/29 09:44:13.880, 2621 MiB
2026/05/29 09:44:14.881, 2621 MiB
2026/05/29 09:44:15.881, 2621 MiB
2026/05/29 09:44:16.881, 2621 MiB
2026/05/29 09:44:17.882, 2621 MiB
2026/05/29 09:44:18.882, 2621 MiB
2026/05/29 09:44:19.882, 2621 MiB
2026/05/29 09:44:20.883, 2621 MiB
2026/05/29 09:44:21.883, 2618 MiB
2026/05/29 09:44:22.883, 2618 MiB
2026/05/29 09:44:23.885, 2625 MiB
2026/05/29 09:44:24.885, 2625 MiB
2026/05/29 09:44:25.885, 2625 MiB
2026/05/29 09:44:26.886, 2625 MiB
2026/05/29 09:44:27.886, 2625 MiB
2026/05/29 09:44:28.886, 2625 MiB
2026/05/29 09:44:29.887, 2625 MiB
2026/05/29 09:44:30.887, 2622 MiB
2026/05/29 09:44:31.887, 2625 MiB
2026/05/29 09:44:32.888, 2625 MiB
2026/05/29 09:44:33.889, 2625 MiB
2026/05/29 09:44:34.889, 2625 MiB
2026/05/29 09:44:35.889, 2625 MiB
2026/05/29 09:44:36.890, 2626 MiB
2026/05/29 09:44:37.890, 2626 MiB
2026/05/29 09:44:38.890, 2626 MiB
2026/05/29 09:44:39.891, 2626 MiB
2026/05/29 09:44:40.891, 2626 MiB
2026/05/29 09:44:41.892, 2626 MiB
2026/05/29 09:44:42.893, 6286 MiB
2026/05/29 09:44:43.893, 6286 MiB
2026/05/29 09:44:44.893, 6286 MiB
2026/05/29 09:44:45.893, 2625 MiB
2026/05/29 09:44:46.894, 2625 MiB
2026/05/29 09:44:47.894, 2626 MiB
2026/05/29 09:44:48.894, 2626 MiB
2026/05/29 09:44:49.895, 2626 MiB
2026/05/29 09:44:50.895, 2626 MiB
2026/05/29 09:44:51.895, 2626 MiB
2026/05/29 09:44:52.896, 2626 MiB
2026/05/29 09:44:53.896, 2626 MiB
2026/05/29 09:44:54.896, 2626 MiB
2026/05/29 09:44:55.897, 2626 MiB
2026/05/29 09:44:56.897, 2626 MiB
2026/05/29 09:44:57.897, 2626 MiB
2026/05/29 09:44:58.898, 2626 MiB
2026/05/29 09:44:59.898, 2626 MiB
2026/05/29 09:45:00.898, 2626 MiB
2026/05/29 09:45:01.899, 2626 MiB
2026/05/29 09:45:02.899, 2626 MiB
2026/05/29 09:45:03.899, 2626 MiB
2026/05/29 09:45:04.900, 2626 MiB
2026/05/29 09:45:05.901, 2626 MiB
2026/05/29 09:45:06.901, 2626 MiB
2026/05/29 09:45:07.914, 2626 MiB
2026/05/29 09:45:08.914, 2626 MiB
2026/05/29 09:45:09.914, 2626 MiB
2026/05/29 09:45:10.915, 2626 MiB
2026/05/29 09:45:11.915, 2626 MiB
2026/05/29 09:45:12.916, 2625 MiB
2026/05/29 09:45:13.916, 2625 MiB
2026/05/29 09:45:14.935, 2625 MiB
2026/05/29 09:45:15.936, 2621 MiB
2026/05/29 09:45:16.936, 2621 MiB
2026/05/29 09:45:17.936, 2621 MiB
2026/05/29 09:45:18.941, 2621 MiB
2026/05/29 09:45:19.942, 2621 MiB
2026/05/29 09:45:20.942, 2621 MiB
2026/05/29 09:45:21.942, 2621 MiB
2026/05/29 09:45:22.943, 2621 MiB
2026/05/29 09:45:23.943, 2621 MiB
2026/05/29 09:45:24.943, 2621 MiB
2026/05/29 09:45:25.944, 6281 MiB
2026/05/29 09:45:26.944, 6281 MiB
2026/05/29 09:45:27.945, 6285 MiB
2026/05/29 09:45:28.945, 2805 MiB
2026/05/29 09:45:29.945, 2645 MiB
2026/05/29 09:45:30.946, 2641 MiB
2026/05/29 09:45:31.946, 2641 MiB
2026/05/29 09:45:32.946, 2641 MiB
2026/05/29 09:45:33.947, 2643 MiB
2026/05/29 09:45:34.947, 2643 MiB
2026/05/29 09:45:35.947, 2643 MiB
2026/05/29 09:45:36.948, 2643 MiB
2026/05/29 09:45:37.948, 2643 MiB
2026/05/29 09:45:38.948, 2643 MiB
2026/05/29 09:45:39.949, 2643 MiB
2026/05/29 09:45:40.949, 2643 MiB
2026/05/29 09:45:41.949, 2643 MiB
2026/05/29 09:45:42.950, 2643 MiB
2026/05/29 09:45:43.950, 2643 MiB
2026/05/29 09:45:44.951, 2643 MiB
2026/05/29 09:45:45.951, 2643 MiB
2026/05/29 09:45:46.952, 2643 MiB
2026/05/29 09:45:47.953, 2643 MiB
2026/05/29 09:45:48.954, 2646 MiB
2026/05/29 09:45:49.954, 2646 MiB
2026/05/29 09:45:50.954, 2646 MiB
2026/05/29 09:45:51.955, 2646 MiB
2026/05/29 09:45:52.955, 2646 MiB
2026/05/29 09:45:53.956, 2646 MiB
2026/05/29 09:45:54.957, 2646 MiB
2026/05/29 09:45:55.957, 2646 MiB
2026/05/29 09:45:56.957, 2646 MiB
2026/05/29 09:45:57.957, 2646 MiB
2026/05/29 09:45:58.958, 2646 MiB
2026/05/29 09:45:59.958, 2646 MiB
2026/05/29 09:46:00.958, 2643 MiB
2026/05/29 09:46:01.959, 2643 MiB
2026/05/29 09:46:02.959, 2643 MiB
2026/05/29 09:46:03.959, 2643 MiB
2026/05/29 09:46:04.961, 2643 MiB
2026/05/29 09:46:05.961, 2643 MiB
2026/05/29 09:46:06.961, 2643 MiB
2026/05/29 09:46:07.962, 2643 MiB
2026/05/29 09:46:08.962, 6003 MiB
2026/05/29 09:46:09.962, 6003 MiB
2026/05/29 09:46:10.963, 6006 MiB
2026/05/29 09:46:11.963, 8726 MiB
2026/05/29 09:46:12.964, 2626 MiB
2026/05/29 09:46:13.964, 2626 MiB
2026/05/29 09:46:14.964, 2626 MiB
2026/05/29 09:46:15.965, 2626 MiB
2026/05/29 09:46:16.965, 2626 MiB
2026/05/29 09:46:17.966, 2626 MiB
2026/05/29 09:46:18.966, 2626 MiB
2026/05/29 09:46:19.966, 2626 MiB
2026/05/29 09:46:20.967, 2626 MiB
2026/05/29 09:46:21.967, 2626 MiB
2026/05/29 09:46:22.967, 2626 MiB
2026/05/29 09:46:23.967, 2626 MiB
2026/05/29 09:46:24.968, 2626 MiB
2026/05/29 09:46:25.968, 2626 MiB
2026/05/29 09:46:26.968, 2623 MiB
2026/05/29 09:46:27.969, 2623 MiB
2026/05/29 09:46:28.969, 2623 MiB
2026/05/29 09:46:29.971, 2623 MiB
2026/05/29 09:46:30.971, 2623 MiB
2026/05/29 09:46:31.971, 2623 MiB
2026/05/29 09:46:32.972, 2623 MiB
2026/05/29 09:46:33.972, 2623 MiB
2026/05/29 09:46:34.972, 2623 MiB
2026/05/29 09:46:35.973, 2623 MiB
2026/05/29 09:46:36.973, 2626 MiB
2026/05/29 09:46:37.973, 2626 MiB
2026/05/29 09:46:38.974, 2626 MiB
2026/05/29 09:46:39.975, 2626 MiB
2026/05/29 09:46:40.975, 2626 MiB
2026/05/29 09:46:41.975, 2626 MiB
2026/05/29 09:46:42.976, 2626 MiB
2026/05/29 09:46:43.976, 2626 MiB
2026/05/29 09:46:44.976, 2626 MiB
2026/05/29 09:46:45.977, 2626 MiB
2026/05/29 09:46:46.977, 2626 MiB
2026/05/29 09:46:47.978, 2626 MiB
2026/05/29 09:46:48.978, 2626 MiB
2026/05/29 09:46:49.980, 2626 MiB
2026/05/29 09:46:50.980, 6286 MiB
2026/05/29 09:46:51.980, 6286 MiB
2026/05/29 09:46:52.981, 6286 MiB
2026/05/29 09:46:53.981, 6286 MiB
2026/05/29 09:46:54.982, 2645 MiB
2026/05/29 09:46:55.982, 2645 MiB
2026/05/29 09:46:56.982, 2641 MiB
2026/05/29 09:46:57.983, 2641 MiB
2026/05/29 09:46:58.983, 2641 MiB
2026/05/29 09:46:59.983, 2641 MiB
2026/05/29 09:47:00.984, 2641 MiB
2026/05/29 09:47:01.984, 2641 MiB
2026/05/29 09:47:02.984, 2641 MiB
2026/05/29 09:47:03.985, 2641 MiB
2026/05/29 09:47:04.985, 2641 MiB
2026/05/29 09:47:05.985, 2641 MiB
2026/05/29 09:47:06.986, 2641 MiB
2026/05/29 09:47:07.986, 2641 MiB
2026/05/29 09:47:08.986, 2641 MiB
2026/05/29 09:47:09.987, 2641 MiB
2026/05/29 09:47:10.987, 2641 MiB
2026/05/29 09:47:11.988, 2641 MiB
2026/05/29 09:47:12.988, 2641 MiB
2026/05/29 09:47:13.988, 2641 MiB
2026/05/29 09:47:14.989, 2641 MiB
2026/05/29 09:47:15.989, 2641 MiB
2026/05/29 09:47:16.989, 2641 MiB
2026/05/29 09:47:17.989, 2641 MiB
2026/05/29 09:47:18.998, 2641 MiB
2026/05/29 09:47:19.998, 2641 MiB
2026/05/29 09:47:20.999, 2641 MiB
2026/05/29 09:47:21.999, 2641 MiB
2026/05/29 09:47:22.999, 2641 MiB
2026/05/29 09:47:24.000, 2641 MiB
2026/05/29 09:47:25.000, 2641 MiB
2026/05/29 09:47:26.000, 2641 MiB
2026/05/29 09:47:27.000, 2641 MiB
2026/05/29 09:47:28.021, 2641 MiB
2026/05/29 09:47:29.021, 2641 MiB
2026/05/29 09:47:30.022, 2641 MiB
2026/05/29 09:47:31.022, 2641 MiB
2026/05/29 09:47:32.023, 2641 MiB
2026/05/29 09:47:33.023, 2821 MiB
2026/05/29 09:47:34.023, 6301 MiB
2026/05/29 09:47:35.023, 6301 MiB
2026/05/29 09:47:36.024, 6301 MiB
2026/05/29 09:47:37.025, 2621 MiB
2026/05/29 09:47:38.025, 2621 MiB
2026/05/29 09:47:39.026, 2614 MiB
2026/05/29 09:47:40.026, 2623 MiB
2026/05/29 09:47:41.026, 2623 MiB
2026/05/29 09:47:42.027, 2623 MiB
2026/05/29 09:47:43.027, 2623 MiB
2026/05/29 09:47:44.027, 2623 MiB
2026/05/29 09:47:45.028, 2623 MiB
2026/05/29 09:47:46.028, 2623 MiB
2026/05/29 09:47:47.029, 2623 MiB
2026/05/29 09:47:48.029, 2623 MiB
2026/05/29 09:47:49.029, 2623 MiB
2026/05/29 09:47:50.030, 2626 MiB
2026/05/29 09:47:51.030, 2626 MiB
2026/05/29 09:47:52.030, 2626 MiB
2026/05/29 09:47:53.031, 2626 MiB
2026/05/29 09:47:54.031, 2626 MiB
2026/05/29 09:47:55.032, 2626 MiB
2026/05/29 09:47:56.032, 2626 MiB
2026/05/29 09:47:57.032, 2626 MiB
2026/05/29 09:47:58.033, 2626 MiB
2026/05/29 09:47:59.033, 2626 MiB
2026/05/29 09:48:00.034, 2626 MiB
2026/05/29 09:48:01.034, 2626 MiB
2026/05/29 09:48:02.034, 2626 MiB
2026/05/29 09:48:03.035, 2626 MiB
2026/05/29 09:48:04.036, 2626 MiB
2026/05/29 09:48:05.036, 2626 MiB
2026/05/29 09:48:06.037, 2626 MiB
2026/05/29 09:48:07.037, 2626 MiB
2026/05/29 09:48:08.037, 2626 MiB
2026/05/29 09:48:09.038, 2626 MiB
2026/05/29 09:48:10.038, 2626 MiB
2026/05/29 09:48:11.038, 2626 MiB
2026/05/29 09:48:12.039, 2626 MiB
2026/05/29 09:48:13.039, 2626 MiB
2026/05/29 09:48:14.039, 2626 MiB
2026/05/29 09:48:15.041, 2626 MiB
2026/05/29 09:48:16.041, 2626 MiB
2026/05/29 09:48:17.041, 2625 MiB
2026/05/29 09:48:18.042, 6281 MiB
2026/05/29 09:48:19.042, 6281 MiB
2026/05/29 09:48:20.043, 6285 MiB
2026/05/29 09:48:21.044, 6285 MiB
2026/05/29 09:48:22.044, 2645 MiB
2026/05/29 09:48:23.044, 2641 MiB
2026/05/29 09:48:24.045, 2641 MiB
2026/05/29 09:48:25.045, 2641 MiB
2026/05/29 09:48:26.045, 2641 MiB
2026/05/29 09:48:27.046, 2641 MiB
2026/05/29 09:48:28.046, 2641 MiB
2026/05/29 09:48:29.046, 2641 MiB
2026/05/29 09:48:30.047, 2641 MiB
2026/05/29 09:48:31.047, 2641 MiB
2026/05/29 09:48:32.047, 2641 MiB
2026/05/29 09:48:33.048, 2641 MiB
2026/05/29 09:48:34.048, 2641 MiB
2026/05/29 09:48:35.048, 2641 MiB
2026/05/29 09:48:36.049, 2641 MiB
2026/05/29 09:48:37.050, 2641 MiB
2026/05/29 09:48:38.050, 2641 MiB
2026/05/29 09:48:39.050, 2641 MiB
2026/05/29 09:48:40.051, 2641 MiB
2026/05/29 09:48:41.053, 2641 MiB
2026/05/29 09:48:42.054, 2641 MiB
2026/05/29 09:48:43.054, 2641 MiB
2026/05/29 09:48:44.054, 2641 MiB
2026/05/29 09:48:45.055, 2641 MiB
2026/05/29 09:48:46.056, 2641 MiB
2026/05/29 09:48:47.056, 2641 MiB
2026/05/29 09:48:48.057, 2641 MiB
2026/05/29 09:48:49.057, 2641 MiB
2026/05/29 09:48:50.058, 2641 MiB
2026/05/29 09:48:51.058, 2641 MiB
2026/05/29 09:48:52.058, 2641 MiB
2026/05/29 09:48:53.059, 2641 MiB
2026/05/29 09:48:54.059, 2641 MiB
2026/05/29 09:48:55.059, 2641 MiB
2026/05/29 09:48:56.060, 2641 MiB
2026/05/29 09:48:57.060, 2641 MiB
2026/05/29 09:48:58.060, 2641 MiB
2026/05/29 09:48:59.060, 2641 MiB
2026/05/29 09:49:00.061, 2641 MiB
2026/05/29 09:49:01.061, 6001 MiB
2026/05/29 09:49:02.061, 6001 MiB
2026/05/29 09:49:03.062, 6001 MiB
2026/05/29 09:49:04.062, 8321 MiB
2026/05/29 09:49:05.062, 2621 MiB
2026/05/29 09:49:06.063, 2621 MiB
2026/05/29 09:49:07.063, 2621 MiB
2026/05/29 09:49:08.063, 2621 MiB
2026/05/29 09:49:09.064, 2621 MiB
2026/05/29 09:49:10.064, 2621 MiB
2026/05/29 09:49:11.064, 2621 MiB
2026/05/29 09:49:12.065, 2621 MiB
2026/05/29 09:49:13.065, 2621 MiB
2026/05/29 09:49:14.065, 2621 MiB
2026/05/29 09:49:15.066, 2621 MiB
2026/05/29 09:49:16.066, 2621 MiB
2026/05/29 09:49:17.066, 2621 MiB
2026/05/29 09:49:18.067, 2621 MiB
2026/05/29 09:49:19.067, 2621 MiB
2026/05/29 09:49:20.067, 2621 MiB
2026/05/29 09:49:21.068, 2621 MiB
2026/05/29 09:49:22.068, 2621 MiB
2026/05/29 09:49:23.068, 2621 MiB
2026/05/29 09:49:24.069, 2621 MiB
2026/05/29 09:49:25.070, 2621 MiB
2026/05/29 09:49:26.070, 2621 MiB
2026/05/29 09:49:27.070, 2621 MiB
2026/05/29 09:49:28.071, 2621 MiB
2026/05/29 09:49:29.071, 2621 MiB
2026/05/29 09:49:30.071, 2621 MiB
2026/05/29 09:49:31.072, 2621 MiB
2026/05/29 09:49:32.072, 2621 MiB
2026/05/29 09:49:33.072, 2621 MiB
2026/05/29 09:49:34.073, 2621 MiB
2026/05/29 09:49:35.074, 2621 MiB
2026/05/29 09:49:36.074, 2621 MiB
2026/05/29 09:49:37.075, 2621 MiB
2026/05/29 09:49:38.076, 2621 MiB
2026/05/29 09:49:39.076, 2621 MiB
2026/05/29 09:49:40.076, 2621 MiB
2026/05/29 09:49:41.077, 2621 MiB
2026/05/29 09:49:42.078, 2621 MiB
2026/05/29 09:49:43.078, 6281 MiB
2026/05/29 09:49:44.079, 6281 MiB
2026/05/29 09:49:45.079, 6281 MiB
2026/05/29 09:49:46.080, 8901 MiB
2026/05/29 09:49:47.080, 2621 MiB
2026/05/29 09:49:48.080, 2621 MiB
2026/05/29 09:49:49.081, 2621 MiB
2026/05/29 09:49:50.081, 2621 MiB
2026/05/29 09:49:51.081, 2621 MiB
2026/05/29 09:49:52.082, 2621 MiB
2026/05/29 09:49:53.082, 2621 MiB
2026/05/29 09:49:54.082, 2621 MiB
2026/05/29 09:49:55.083, 2621 MiB
2026/05/29 09:49:56.083, 2621 MiB
2026/05/29 09:49:57.083, 2621 MiB
2026/05/29 09:49:58.084, 2621 MiB
2026/05/29 09:49:59.084, 2621 MiB
2026/05/29 09:50:00.084, 2621 MiB
2026/05/29 09:50:01.085, 2621 MiB
2026/05/29 09:50:02.085, 2621 MiB
2026/05/29 09:50:03.086, 2621 MiB
2026/05/29 09:50:04.086, 2621 MiB
2026/05/29 09:50:05.086, 2621 MiB
2026/05/29 09:50:06.087, 2621 MiB
2026/05/29 09:50:07.087, 2621 MiB
2026/05/29 09:50:08.087, 2621 MiB
2026/05/29 09:50:09.088, 2621 MiB
2026/05/29 09:50:10.088, 2621 MiB
2026/05/29 09:50:11.089, 2621 MiB
2026/05/29 09:50:12.089, 2621 MiB
2026/05/29 09:50:13.090, 2621 MiB
2026/05/29 09:50:14.090, 2621 MiB
2026/05/29 09:50:15.090, 2621 MiB
2026/05/29 09:50:16.094, 2621 MiB
2026/05/29 09:50:17.094, 2621 MiB
2026/05/29 09:50:18.094, 2621 MiB
2026/05/29 09:50:19.095, 2621 MiB
2026/05/29 09:50:20.095, 2621 MiB
2026/05/29 09:50:21.095, 2621 MiB
2026/05/29 09:50:22.096, 2621 MiB
2026/05/29 09:50:23.096, 2621 MiB
2026/05/29 09:50:24.096, 2621 MiB
2026/05/29 09:50:25.097, 6281 MiB
2026/05/29 09:50:26.097, 6281 MiB
2026/05/29 09:50:27.098, 2621 MiB
2026/05/29 09:50:28.098, 2621 MiB
2026/05/29 09:50:29.098, 2621 MiB
2026/05/29 09:50:30.098, 2621 MiB
2026/05/29 09:50:31.099, 2621 MiB
2026/05/29 09:50:32.099, 2621 MiB
2026/05/29 09:50:33.100, 2621 MiB
2026/05/29 09:50:34.100, 2621 MiB
2026/05/29 09:50:35.100, 2621 MiB
2026/05/29 09:50:36.101, 2621 MiB
2026/05/29 09:50:37.101, 2621 MiB
2026/05/29 09:50:38.101, 2621 MiB
2026/05/29 09:50:39.102, 2621 MiB
2026/05/29 09:50:40.102, 2621 MiB
2026/05/29 09:50:41.102, 2621 MiB
2026/05/29 09:50:42.104, 2621 MiB
2026/05/29 09:50:43.104, 2621 MiB
2026/05/29 09:50:44.105, 2621 MiB
2026/05/29 09:50:45.106, 2621 MiB
2026/05/29 09:50:46.106, 2621 MiB
2026/05/29 09:50:47.106, 2621 MiB
2026/05/29 09:50:48.107, 2621 MiB
2026/05/29 09:50:49.108, 2621 MiB
2026/05/29 09:50:50.109, 2621 MiB
2026/05/29 09:50:51.110, 2621 MiB
2026/05/29 09:50:52.110, 2621 MiB
2026/05/29 09:50:53.111, 2621 MiB
2026/05/29 09:50:54.111, 2621 MiB
2026/05/29 09:50:55.111, 2621 MiB
2026/05/29 09:50:56.112, 2621 MiB
2026/05/29 09:50:57.113, 2621 MiB
2026/05/29 09:50:58.113, 2621 MiB
2026/05/29 09:50:59.113, 2621 MiB
2026/05/29 09:51:00.114, 2621 MiB
2026/05/29 09:51:01.115, 2621 MiB
2026/05/29 09:51:02.115, 2621 MiB
2026/05/29 09:51:03.116, 2621 MiB
2026/05/29 09:51:04.117, 2621 MiB
2026/05/29 09:51:05.117, 2621 MiB
2026/05/29 09:51:06.117, 6281 MiB
2026/05/29 09:51:07.118, 6301 MiB
2026/05/29 09:51:08.118, 6301 MiB
2026/05/29 09:51:09.118, 2621 MiB
2026/05/29 09:51:10.119, 2641 MiB
2026/05/29 09:51:11.119, 2641 MiB
2026/05/29 09:51:12.119, 2641 MiB
2026/05/29 09:51:13.120, 2641 MiB
2026/05/29 09:51:14.120, 2641 MiB
2026/05/29 09:51:15.120, 2641 MiB
2026/05/29 09:51:16.121, 2641 MiB
2026/05/29 09:51:17.121, 2641 MiB
2026/05/29 09:51:18.122, 2641 MiB
2026/05/29 09:51:19.122, 2641 MiB
2026/05/29 09:51:20.122, 2641 MiB
2026/05/29 09:51:21.123, 2641 MiB
2026/05/29 09:51:22.123, 2641 MiB
2026/05/29 09:51:23.123, 2641 MiB
2026/05/29 09:51:24.124, 2641 MiB
2026/05/29 09:51:25.124, 2641 MiB
2026/05/29 09:51:26.125, 2641 MiB
2026/05/29 09:51:27.125, 2641 MiB
2026/05/29 09:51:28.125, 2641 MiB
2026/05/29 09:51:29.126, 2641 MiB
2026/05/29 09:51:30.126, 2641 MiB
2026/05/29 09:51:31.137, 2641 MiB
2026/05/29 09:51:32.137, 2641 MiB
2026/05/29 09:51:33.137, 2641 MiB
2026/05/29 09:51:34.138, 2641 MiB
2026/05/29 09:51:35.138, 2641 MiB
2026/05/29 09:51:36.138, 2641 MiB
2026/05/29 09:51:37.139, 2641 MiB
2026/05/29 09:51:38.140, 2641 MiB
2026/05/29 09:51:39.141, 2641 MiB
2026/05/29 09:51:40.142, 2641 MiB
2026/05/29 09:51:41.142, 2641 MiB
2026/05/29 09:51:42.143, 2641 MiB
2026/05/29 09:51:43.144, 2641 MiB
2026/05/29 09:51:44.145, 2641 MiB
2026/05/29 09:51:45.146, 2641 MiB
2026/05/29 09:51:46.146, 2641 MiB
2026/05/29 09:51:47.146, 2641 MiB
2026/05/29 09:51:48.147, 2641 MiB
2026/05/29 09:51:49.148, 6301 MiB
2026/05/29 09:51:50.149, 6301 MiB
2026/05/29 09:51:51.149, 6301 MiB
2026/05/29 09:51:52.150, 7121 MiB
2026/05/29 09:51:53.150, 2641 MiB
2026/05/29 09:51:54.150, 2641 MiB
2026/05/29 09:51:55.151, 2641 MiB
2026/05/29 09:51:56.151, 2641 MiB
2026/05/29 09:51:57.151, 2641 MiB
2026/05/29 09:51:58.152, 2641 MiB
2026/05/29 09:51:59.152, 2641 MiB
2026/05/29 09:52:00.152, 2641 MiB
2026/05/29 09:52:01.153, 2641 MiB
2026/05/29 09:52:02.153, 2641 MiB
2026/05/29 09:52:03.153, 2641 MiB
2026/05/29 09:52:04.154, 2641 MiB
2026/05/29 09:52:05.154, 2641 MiB
2026/05/29 09:52:06.154, 2641 MiB
2026/05/29 09:52:07.155, 2641 MiB
2026/05/29 09:52:08.156, 2641 MiB
2026/05/29 09:52:09.156, 2641 MiB
2026/05/29 09:52:10.157, 2641 MiB
2026/05/29 09:52:11.157, 2641 MiB
2026/05/29 09:52:12.158, 2641 MiB
2026/05/29 09:52:13.158, 2641 MiB
2026/05/29 09:52:14.158, 2641 MiB
2026/05/29 09:52:15.159, 2641 MiB
2026/05/29 09:52:16.159, 2641 MiB
2026/05/29 09:52:17.160, 2641 MiB
2026/05/29 09:52:18.160, 2641 MiB
2026/05/29 09:52:19.160, 2641 MiB
2026/05/29 09:52:20.161, 2646 MiB
2026/05/29 09:52:21.161, 2646 MiB
2026/05/29 09:52:22.161, 2646 MiB
2026/05/29 09:52:23.161, 2646 MiB
2026/05/29 09:52:24.162, 2646 MiB
2026/05/29 09:52:25.163, 2646 MiB
2026/05/29 09:52:26.163, 2646 MiB
2026/05/29 09:52:27.164, 2646 MiB
2026/05/29 09:52:28.165, 2646 MiB
2026/05/29 09:52:29.165, 2646 MiB
2026/05/29 09:52:30.166, 2646 MiB
2026/05/29 09:52:31.166, 2826 MiB
2026/05/29 09:52:32.167, 6006 MiB
2026/05/29 09:52:33.167, 6006 MiB
2026/05/29 09:52:34.167, 6006 MiB
2026/05/29 09:52:35.168, 2626 MiB
2026/05/29 09:52:36.168, 2622 MiB
2026/05/29 09:52:37.168, 2614 MiB
2026/05/29 09:52:38.169, 2614 MiB
2026/05/29 09:52:39.169, 2614 MiB
2026/05/29 09:52:40.169, 2614 MiB
2026/05/29 09:52:41.170, 2626 MiB
2026/05/29 09:52:42.170, 2626 MiB
2026/05/29 09:52:43.170, 2626 MiB
2026/05/29 09:52:44.171, 2626 MiB
2026/05/29 09:52:45.171, 2626 MiB
2026/05/29 09:52:46.171, 2626 MiB
2026/05/29 09:52:47.172, 2626 MiB
2026/05/29 09:52:48.172, 2626 MiB
2026/05/29 09:52:49.173, 2626 MiB
2026/05/29 09:52:50.173, 2626 MiB
2026/05/29 09:52:51.173, 2626 MiB
2026/05/29 09:52:52.174, 2626 MiB
2026/05/29 09:52:53.174, 2625 MiB
2026/05/29 09:52:54.174, 2626 MiB
2026/05/29 09:52:55.175, 2626 MiB
2026/05/29 09:52:56.175, 2626 MiB
2026/05/29 09:52:57.175, 2626 MiB
2026/05/29 09:52:58.176, 2626 MiB
2026/05/29 09:52:59.176, 2626 MiB
2026/05/29 09:53:00.176, 2625 MiB
2026/05/29 09:53:01.177, 2626 MiB
2026/05/29 09:53:02.178, 2626 MiB
2026/05/29 09:53:03.178, 2626 MiB
2026/05/29 09:53:04.179, 2626 MiB
2026/05/29 09:53:05.180, 2626 MiB
2026/05/29 09:53:06.180, 2626 MiB
2026/05/29 09:53:07.180, 2626 MiB
2026/05/29 09:53:08.181, 2626 MiB
2026/05/29 09:53:09.181, 2626 MiB
2026/05/29 09:53:10.182, 2626 MiB
2026/05/29 09:53:11.184, 2626 MiB
2026/05/29 09:53:12.184, 2626 MiB
2026/05/29 09:53:13.185, 2626 MiB
2026/05/29 09:53:14.185, 6286 MiB
2026/05/29 09:53:15.186, 6286 MiB
2026/05/29 09:53:16.186, 6286 MiB
2026/05/29 09:53:17.186, 6285 MiB
2026/05/29 09:53:18.187, 2645 MiB
2026/05/29 09:53:19.187, 2641 MiB
2026/05/29 09:53:20.187, 2641 MiB
2026/05/29 09:53:21.188, 2641 MiB
2026/05/29 09:53:22.188, 2638 MiB
2026/05/29 09:53:23.188, 2638 MiB
2026/05/29 09:53:24.189, 2638 MiB
2026/05/29 09:53:25.189, 2638 MiB
2026/05/29 09:53:26.189, 2638 MiB
2026/05/29 09:53:27.189, 2646 MiB
2026/05/29 09:53:28.190, 2646 MiB
2026/05/29 09:53:29.190, 2646 MiB
2026/05/29 09:53:30.191, 2646 MiB
2026/05/29 09:53:31.191, 2646 MiB
2026/05/29 09:53:32.191, 2646 MiB
2026/05/29 09:53:33.191, 2646 MiB
2026/05/29 09:53:34.192, 2646 MiB
2026/05/29 09:53:35.192, 2646 MiB
2026/05/29 09:53:36.192, 2646 MiB
2026/05/29 09:53:37.193, 2646 MiB
2026/05/29 09:53:38.193, 2646 MiB
2026/05/29 09:53:39.194, 2645 MiB
2026/05/29 09:53:40.195, 2646 MiB
2026/05/29 09:53:41.195, 2646 MiB
2026/05/29 09:53:42.196, 2646 MiB
2026/05/29 09:53:43.196, 2646 MiB
2026/05/29 09:53:44.197, 2646 MiB
2026/05/29 09:53:45.198, 2646 MiB
2026/05/29 09:53:46.198, 2646 MiB
2026/05/29 09:53:47.201, 2646 MiB
2026/05/29 09:53:48.201, 2646 MiB
2026/05/29 09:53:49.202, 2646 MiB
2026/05/29 09:53:50.202, 2646 MiB
2026/05/29 09:53:51.202, 2646 MiB
2026/05/29 09:53:52.203, 2646 MiB
2026/05/29 09:53:53.203, 2646 MiB
2026/05/29 09:53:54.203, 2646 MiB
2026/05/29 09:53:55.204, 2646 MiB
2026/05/29 09:53:56.204, 2646 MiB
2026/05/29 09:53:57.205, 6006 MiB
2026/05/29 09:53:58.205, 6006 MiB
2026/05/29 09:53:59.205, 2626 MiB
2026/05/29 09:54:00.206, 2626 MiB
2026/05/29 09:54:01.206, 2625 MiB
2026/05/29 09:54:02.206, 2621 MiB
2026/05/29 09:54:03.207, 2621 MiB
2026/05/29 09:54:04.207, 2621 MiB
2026/05/29 09:54:05.207, 2621 MiB
2026/05/29 09:54:06.208, 2621 MiB
2026/05/29 09:54:07.208, 2626 MiB
2026/05/29 09:54:08.208, 2626 MiB
2026/05/29 09:54:09.208, 2626 MiB
2026/05/29 09:54:10.209, 2626 MiB
2026/05/29 09:54:11.209, 2626 MiB
2026/05/29 09:54:12.209, 2626 MiB
2026/05/29 09:54:13.210, 2626 MiB
2026/05/29 09:54:14.210, 2626 MiB
2026/05/29 09:54:15.210, 2626 MiB
2026/05/29 09:54:16.211, 2626 MiB
2026/05/29 09:54:17.211, 2626 MiB
2026/05/29 09:54:18.211, 2626 MiB
2026/05/29 09:54:19.212, 2626 MiB
2026/05/29 09:54:20.212, 2626 MiB
2026/05/29 09:54:21.213, 2626 MiB
2026/05/29 09:54:22.213, 2626 MiB
2026/05/29 09:54:23.213, 2626 MiB
2026/05/29 09:54:24.213, 2625 MiB
2026/05/29 09:54:25.214, 2626 MiB
2026/05/29 09:54:26.214, 2626 MiB
2026/05/29 09:54:27.214, 2626 MiB
2026/05/29 09:54:28.215, 2626 MiB
2026/05/29 09:54:29.215, 2626 MiB
2026/05/29 09:54:30.215, 2626 MiB
2026/05/29 09:54:31.216, 2626 MiB
2026/05/29 09:54:32.217, 2626 MiB
2026/05/29 09:54:33.218, 2626 MiB
2026/05/29 09:54:34.218, 2626 MiB
2026/05/29 09:54:35.219, 2626 MiB
2026/05/29 09:54:36.219, 2626 MiB
2026/05/29 09:54:37.219, 2626 MiB
2026/05/29 09:54:38.220, 3066 MiB
2026/05/29 09:54:39.220, 6286 MiB
2026/05/29 09:54:40.220, 6286 MiB
2026/05/29 09:54:41.221, 6286 MiB
2026/05/29 09:54:42.221, 2645 MiB
2026/05/29 09:54:43.221, 2645 MiB
2026/05/29 09:54:44.222, 2641 MiB
2026/05/29 09:54:45.222, 2641 MiB
2026/05/29 09:54:46.222, 2641 MiB
2026/05/29 09:54:47.223, 2641 MiB
2026/05/29 09:54:48.223, 2641 MiB
2026/05/29 09:54:49.223, 2641 MiB
2026/05/29 09:54:50.224, 2641 MiB
2026/05/29 09:54:51.224, 2641 MiB
2026/05/29 09:54:52.224, 2641 MiB
2026/05/29 09:54:53.225, 2641 MiB
2026/05/29 09:54:54.225, 2641 MiB
2026/05/29 09:54:55.225, 2641 MiB
2026/05/29 09:54:56.226, 2641 MiB
2026/05/29 09:54:57.226, 2641 MiB
2026/05/29 09:54:58.226, 2641 MiB
2026/05/29 09:54:59.227, 2641 MiB
2026/05/29 09:55:00.227, 2641 MiB
2026/05/29 09:55:01.227, 2641 MiB
2026/05/29 09:55:02.228, 2641 MiB
2026/05/29 09:55:03.229, 2641 MiB
2026/05/29 09:55:04.229, 2641 MiB
2026/05/29 09:55:05.229, 2641 MiB
2026/05/29 09:55:06.230, 2641 MiB
2026/05/29 09:55:07.230, 2641 MiB
2026/05/29 09:55:08.230, 2641 MiB
2026/05/29 09:55:09.232, 2641 MiB
2026/05/29 09:55:10.232, 2641 MiB
2026/05/29 09:55:11.232, 2641 MiB
2026/05/29 09:55:12.233, 2641 MiB
2026/05/29 09:55:13.233, 2641 MiB
2026/05/29 09:55:14.234, 2641 MiB
2026/05/29 09:55:15.234, 2641 MiB
2026/05/29 09:55:16.234, 2641 MiB
2026/05/29 09:55:17.235, 2641 MiB
2026/05/29 09:55:18.235, 2641 MiB
2026/05/29 09:55:19.235, 2641 MiB
2026/05/29 09:55:20.236, 2641 MiB
2026/05/29 09:55:21.237, 2641 MiB
2026/05/29 09:55:22.237, 2641 MiB
2026/05/29 09:55:23.238, 2821 MiB
2026/05/29 09:55:24.238, 6041 MiB
2026/05/29 09:55:25.238, 6041 MiB
2026/05/29 09:55:26.239, 6041 MiB
2026/05/29 09:55:27.239, 2641 MiB
2026/05/29 09:55:28.239, 2646 MiB
2026/05/29 09:55:29.239, 2646 MiB
2026/05/29 09:55:30.240, 2646 MiB
2026/05/29 09:55:31.240, 2611 MiB
2026/05/29 09:55:32.240, 2611 MiB
2026/05/29 09:55:33.241, 2611 MiB
2026/05/29 09:55:34.241, 1058 MiB
2026/05/29 09:55:35.241, 1058 MiB
2026/05/29 09:55:36.242, 1058 MiB
2026/05/29 09:55:37.242, 1058 MiB
2026/05/29 09:55:38.242, 1056 MiB
2026/05/29 09:55:39.243, 1056 MiB
2026/05/29 09:55:40.243, 1056 MiB
2026/05/29 09:55:41.243, 1056 MiB
2026/05/29 09:55:42.244, 1056 MiB
2026/05/29 09:55:43.244, 1056 MiB
2026/05/29 09:55:44.244, 1056 MiB
2026/05/29 09:55:45.245, 1056 MiB
2026/05/29 09:55:46.245, 1056 MiB
2026/05/29 09:55:47.245, 1056 MiB
2026/05/29 09:55:48.246, 1056 MiB
2026/05/29 09:55:49.246, 1056 MiB
2026/05/29 09:55:50.246, 1056 MiB
2026/05/29 09:55:51.247, 1056 MiB
2026/05/29 09:55:52.247, 1056 MiB
2026/05/29 09:55:53.248, 1056 MiB
2026/05/29 09:55:54.248, 1056 MiB
2026/05/29 09:55:55.248, 1056 MiB
2026/05/29 09:55:56.249, 1056 MiB
2026/05/29 09:55:57.249, 1057 MiB
2026/05/29 09:55:58.250, 1057 MiB
2026/05/29 09:55:59.250, 1057 MiB
2026/05/29 09:56:00.250, 1057 MiB
2026/05/29 09:56:01.251, 1057 MiB
2026/05/29 09:56:02.251, 1057 MiB
2026/05/29 09:56:03.252, 1057 MiB
2026/05/29 09:56:04.252, 1057 MiB
2026/05/29 09:56:05.252, 1057 MiB
2026/05/29 09:56:06.253, 1057 MiB
2026/05/29 09:56:07.253, 1057 MiB
2026/05/29 09:56:08.254, 1057 MiB
2026/05/29 09:56:09.254, 1057 MiB
2026/05/29 09:56:10.255, 1057 MiB
2026/05/29 09:56:11.255, 1057 MiB
2026/05/29 09:56:12.255, 1057 MiB
2026/05/29 09:56:13.256, 1057 MiB
2026/05/29 09:56:14.256, 1057 MiB
2026/05/29 09:56:15.257, 1057 MiB
2026/05/29 09:56:16.257, 1057 MiB
2026/05/29 09:56:17.258, 1057 MiB
2026/05/29 09:56:18.258, 1057 MiB
2026/05/29 09:56:19.259, 1057 MiB
2026/05/29 09:56:20.259, 1057 MiB
2026/05/29 09:56:21.259, 1057 MiB
2026/05/29 09:56:22.260, 1057 MiB
2026/05/29 09:56:23.260, 1057 MiB
2026/05/29 09:56:24.260, 1057 MiB
2026/05/29 09:56:25.261, 1057 MiB
2026/05/29 09:56:26.261, 1057 MiB
2026/05/29 09:56:27.261, 1057 MiB
2026/05/29 09:56:28.262, 1057 MiB
2026/05/29 09:56:29.262, 1057 MiB
2026/05/29 09:56:30.263, 1057 MiB
2026/05/29 09:56:31.263, 1057 MiB
2026/05/29 09:56:32.264, 1057 MiB
2026/05/29 09:56:33.264, 1057 MiB
2026/05/29 09:56:34.264, 1057 MiB
2026/05/29 09:56:35.265, 1057 MiB
2026/05/29 09:56:36.265, 1057 MiB
2026/05/29 09:56:37.265, 1057 MiB
2026/05/29 09:56:38.265, 1057 MiB
2026/05/29 09:56:39.266, 1057 MiB
2026/05/29 09:56:40.266, 1057 MiB
2026/05/29 09:56:41.266, 1057 MiB
2026/05/29 09:56:42.267, 1057 MiB
2026/05/29 09:56:43.267, 1057 MiB
2026/05/29 09:56:44.267, 1056 MiB
2026/05/29 09:56:45.268, 1056 MiB
2026/05/29 09:56:46.268, 1052 MiB
2026/05/29 09:56:47.269, 1052 MiB
2026/05/29 09:56:48.269, 1052 MiB
2026/05/29 09:56:49.270, 1052 MiB
2026/05/29 09:56:50.270, 1052 MiB
2026/05/29 09:56:51.271, 1052 MiB
2026/05/29 09:56:52.271, 1052 MiB
2026/05/29 09:56:53.271, 1052 MiB
2026/05/29 09:56:54.272, 1052 MiB
2026/05/29 09:56:55.272, 1052 MiB
2026/05/29 09:56:56.272, 1052 MiB
2026/05/29 09:56:57.273, 1052 MiB
2026/05/29 09:56:58.273, 1052 MiB
2026/05/29 09:56:59.273, 1052 MiB
2026/05/29 09:57:00.273, 1052 MiB
2026/05/29 09:57:01.274, 1052 MiB
2026/05/29 09:57:02.274, 1052 MiB
2026/05/29 09:57:03.274, 1052 MiB
2026/05/29 09:57:04.275, 1052 MiB
2026/05/29 09:57:05.275, 1052 MiB
2026/05/29 09:57:06.275, 1052 MiB
2026/05/29 09:57:07.275, 1052 MiB
2026/05/29 09:57:08.276, 1052 MiB
2026/05/29 09:57:09.276, 1052 MiB
2026/05/29 09:57:10.276, 1052 MiB
2026/05/29 09:57:11.277, 1052 MiB
2026/05/29 09:57:12.277, 1052 MiB
2026/05/29 09:57:13.277, 1052 MiB
2026/05/29 09:57:14.278, 1052 MiB
2026/05/29 09:57:15.278, 1052 MiB
2026/05/29 09:57:16.278, 1052 MiB
2026/05/29 09:57:17.278, 1052 MiB
2026/05/29 09:57:18.279, 1052 MiB
2026/05/29 09:57:19.279, 1052 MiB
2026/05/29 09:57:20.279, 1049 MiB
2026/05/29 09:57:21.280, 1049 MiB
2026/05/29 09:57:22.280, 1057 MiB
2026/05/29 09:57:23.281, 1057 MiB
2026/05/29 09:57:24.281, 1057 MiB
2026/05/29 09:57:25.281, 1057 MiB
2026/05/29 09:57:26.282, 1057 MiB
2026/05/29 09:57:27.282, 1057 MiB
2026/05/29 09:57:28.282, 1057 MiB
2026/05/29 09:57:29.282, 1057 MiB
2026/05/29 09:57:30.283, 1057 MiB
2026/05/29 09:57:31.283, 1057 MiB
2026/05/29 09:57:32.283, 1057 MiB
2026/05/29 09:57:33.284, 1057 MiB
2026/05/29 09:57:34.284, 1060 MiB
2026/05/29 09:57:35.284, 1062 MiB
2026/05/29 09:57:36.285, 1061 MiB
2026/05/29 09:57:37.285, 1061 MiB
2026/05/29 09:57:38.285, 1061 MiB
2026/05/29 09:57:39.285, 1061 MiB
2026/05/29 09:57:40.286, 1061 MiB
2026/05/29 09:57:41.286, 1061 MiB
2026/05/29 09:57:42.286, 1061 MiB
2026/05/29 09:57:43.287, 1061 MiB
2026/05/29 09:57:44.287, 1061 MiB
2026/05/29 09:57:45.287, 1061 MiB
2026/05/29 09:57:46.288, 1061 MiB
2026/05/29 09:57:47.288, 1061 MiB
2026/05/29 09:57:48.289, 1061 MiB
2026/05/29 09:57:49.289, 1060 MiB
2026/05/29 09:57:50.289, 1060 MiB
2026/05/29 09:57:51.290, 1056 MiB
2026/05/29 09:57:52.290, 1056 MiB
2026/05/29 09:57:53.290, 1056 MiB
2026/05/29 09:57:54.291, 1056 MiB
2026/05/29 09:57:55.291, 1056 MiB
2026/05/29 09:57:56.291, 1056 MiB
2026/05/29 09:57:57.292, 1056 MiB
2026/05/29 09:57:58.292, 1056 MiB
2026/05/29 09:57:59.292, 1056 MiB
2026/05/29 09:58:00.293, 1056 MiB
2026/05/29 09:58:01.293, 1056 MiB
2026/05/29 09:58:02.293, 1056 MiB
2026/05/29 09:58:03.294, 1056 MiB
2026/05/29 09:58:04.294, 1056 MiB
2026/05/29 09:58:05.294, 1056 MiB
2026/05/29 09:58:06.295, 1056 MiB
2026/05/29 09:58:07.295, 1056 MiB
2026/05/29 09:58:08.295, 1056 MiB
2026/05/29 09:58:09.296, 1056 MiB
2026/05/29 09:58:10.296, 1056 MiB
2026/05/29 09:58:11.296, 1056 MiB
2026/05/29 09:58:12.297, 1056 MiB
2026/05/29 09:58:13.297, 1056 MiB
2026/05/29 09:58:14.298, 1056 MiB
2026/05/29 09:58:15.298, 1056 MiB
2026/05/29 09:58:16.298, 1056 MiB
2026/05/29 09:58:17.299, 1056 MiB
2026/05/29 09:58:18.299, 1056 MiB
2026/05/29 09:58:19.299, 1056 MiB
2026/05/29 09:58:20.300, 1056 MiB
2026/05/29 09:58:21.300, 1056 MiB
2026/05/29 09:58:22.300, 1056 MiB
2026/05/29 09:58:23.301, 1056 MiB
2026/05/29 09:58:24.310, 1056 MiB
2026/05/29 09:58:25.311, 1056 MiB
2026/05/29 09:58:26.311, 1056 MiB
2026/05/29 09:58:27.311, 1056 MiB
2026/05/29 09:58:28.312, 1056 MiB
2026/05/29 09:58:29.322, 1056 MiB
2026/05/29 09:58:30.322, 1056 MiB
2026/05/29 09:58:31.322, 1056 MiB
2026/05/29 09:58:32.323, 1056 MiB
2026/05/29 09:58:33.323, 1056 MiB
2026/05/29 09:58:34.324, 1056 MiB
2026/05/29 09:58:35.324, 1056 MiB
2026/05/29 09:58:36.325, 1056 MiB
2026/05/29 09:58:37.325, 1056 MiB
2026/05/29 09:58:38.325, 1056 MiB
2026/05/29 09:58:39.335, 1056 MiB
2026/05/29 09:58:40.335, 1056 MiB
2026/05/29 09:58:41.335, 1056 MiB
2026/05/29 09:58:42.336, 1056 MiB
2026/05/29 09:58:43.336, 1056 MiB
2026/05/29 09:58:44.345, 1056 MiB
2026/05/29 09:58:45.346, 1056 MiB
2026/05/29 09:58:46.346, 1056 MiB
2026/05/29 09:58:47.346, 1056 MiB
2026/05/29 09:58:48.346, 1056 MiB
2026/05/29 09:58:49.347, 1056 MiB
2026/05/29 09:58:50.348, 1056 MiB
2026/05/29 09:58:51.348, 1056 MiB
2026/05/29 09:58:52.349, 1056 MiB
2026/05/29 09:58:53.349, 1056 MiB
2026/05/29 09:58:54.359, 1056 MiB
2026/05/29 09:58:55.359, 1056 MiB
2026/05/29 09:58:56.360, 1056 MiB
2026/05/29 09:58:57.360, 1056 MiB
2026/05/29 09:58:58.360, 1056 MiB
2026/05/29 09:58:59.370, 1056 MiB
2026/05/29 09:59:00.370, 1056 MiB
2026/05/29 09:59:01.371, 1056 MiB
2026/05/29 09:59:02.371, 1056 MiB
2026/05/29 09:59:03.371, 1056 MiB
2026/05/29 09:59:04.372, 1056 MiB
2026/05/29 09:59:05.373, 1056 MiB
2026/05/29 09:59:06.373, 1056 MiB
2026/05/29 09:59:07.373, 1056 MiB
2026/05/29 09:59:08.374, 1056 MiB
2026/05/29 09:59:09.374, 1056 MiB
2026/05/29 09:59:10.374, 1056 MiB
2026/05/29 09:59:11.375, 1056 MiB
2026/05/29 09:59:12.375, 1056 MiB
2026/05/29 09:59:13.375, 1056 MiB
2026/05/29 09:59:14.385, 1056 MiB
2026/05/29 09:59:15.385, 1056 MiB
2026/05/29 09:59:16.386, 1056 MiB
2026/05/29 09:59:17.386, 1056 MiB
2026/05/29 09:59:18.387, 1056 MiB
2026/05/29 09:59:19.387, 1056 MiB
2026/05/29 09:59:20.387, 1056 MiB
2026/05/29 09:59:21.388, 1056 MiB
2026/05/29 09:59:22.388, 1056 MiB
2026/05/29 09:59:23.389, 1056 MiB
2026/05/29 09:59:24.399, 1056 MiB
2026/05/29 09:59:25.399, 1056 MiB
2026/05/29 09:59:26.399, 1056 MiB
2026/05/29 09:59:27.400, 1056 MiB
2026/05/29 09:59:28.400, 1056 MiB
2026/05/29 09:59:29.410, 1056 MiB
2026/05/29 09:59:30.410, 1056 MiB
2026/05/29 09:59:31.410, 1056 MiB
2026/05/29 09:59:32.411, 1056 MiB
2026/05/29 09:59:33.411, 1056 MiB
2026/05/29 09:59:34.411, 1056 MiB
2026/05/29 09:59:35.411, 1056 MiB
2026/05/29 09:59:36.412, 1056 MiB
2026/05/29 09:59:37.412, 1056 MiB
2026/05/29 09:59:38.412, 1056 MiB
2026/05/29 09:59:39.422, 1056 MiB
2026/05/29 09:59:40.423, 1056 MiB
2026/05/29 09:59:41.425, 1056 MiB
2026/05/29 09:59:42.426, 1056 MiB
2026/05/29 09:59:43.426, 1056 MiB
2026/05/29 09:59:44.427, 1056 MiB
2026/05/29 09:59:45.427, 1056 MiB
2026/05/29 09:59:46.427, 1056 MiB
2026/05/29 09:59:47.428, 1056 MiB
2026/05/29 09:59:48.428, 1056 MiB
2026/05/29 09:59:49.430, 1056 MiB
2026/05/29 09:59:50.430, 1056 MiB
2026/05/29 09:59:51.431, 1056 MiB
2026/05/29 09:59:52.431, 1056 MiB
2026/05/29 09:59:53.432, 1056 MiB
2026/05/29 09:59:54.432, 1056 MiB
2026/05/29 09:59:55.432, 1056 MiB
2026/05/29 09:59:56.432, 1056 MiB
2026/05/29 09:59:57.434, 1056 MiB
2026/05/29 09:59:58.435, 1056 MiB
2026/05/29 09:59:59.435, 1056 MiB
2026/05/29 10:00:00.435, 1056 MiB
2026/05/29 10:00:01.436, 1056 MiB
2026/05/29 10:00:02.436, 1056 MiB
2026/05/29 10:00:03.436, 1056 MiB
2026/05/29 10:00:04.437, 1056 MiB
2026/05/29 10:00:05.437, 1056 MiB
2026/05/29 10:00:06.437, 1056 MiB
2026/05/29 10:00:07.438, 1056 MiB
2026/05/29 10:00:08.438, 1056 MiB
2026/05/29 10:00:09.438, 1056 MiB
2026/05/29 10:00:10.439, 1056 MiB
2026/05/29 10:00:11.439, 1056 MiB
2026/05/29 10:00:12.439, 1056 MiB
2026/05/29 10:00:13.440, 1056 MiB
2026/05/29 10:00:14.440, 1056 MiB
2026/05/29 10:00:15.441, 1056 MiB
2026/05/29 10:00:16.441, 1056 MiB
2026/05/29 10:00:17.441, 1056 MiB
2026/05/29 10:00:18.442, 1056 MiB
2026/05/29 10:00:19.442, 1056 MiB
2026/05/29 10:00:20.443, 1053 MiB
2026/05/29 10:00:21.443, 1061 MiB
2026/05/29 10:00:22.444, 1061 MiB
2026/05/29 10:00:23.444, 1061 MiB
2026/05/29 10:00:24.444, 1061 MiB
2026/05/29 10:00:25.445, 1061 MiB
2026/05/29 10:00:26.445, 1061 MiB
2026/05/29 10:00:27.445, 1060 MiB
2026/05/29 10:00:28.446, 1057 MiB
2026/05/29 10:00:29.446, 1057 MiB
2026/05/29 10:00:30.446, 1057 MiB
2026/05/29 10:00:31.447, 1057 MiB
2026/05/29 10:00:32.447, 1061 MiB
2026/05/29 10:00:33.448, 1061 MiB
2026/05/29 10:00:34.448, 1061 MiB
2026/05/29 10:00:35.448, 1061 MiB
2026/05/29 10:00:36.449, 1061 MiB
2026/05/29 10:00:37.449, 1061 MiB
2026/05/29 10:00:38.450, 1061 MiB
2026/05/29 10:00:39.450, 1061 MiB
2026/05/29 10:00:40.450, 1061 MiB
2026/05/29 10:00:41.451, 1061 MiB
2026/05/29 10:00:42.451, 1061 MiB
2026/05/29 10:00:43.451, 1061 MiB
2026/05/29 10:00:44.452, 1061 MiB
2026/05/29 10:00:45.452, 1061 MiB
2026/05/29 10:00:46.452, 1061 MiB
2026/05/29 10:00:47.453, 1061 MiB
2026/05/29 10:00:48.453, 1061 MiB
2026/05/29 10:00:49.454, 1061 MiB
2026/05/29 10:00:50.454, 1061 MiB
2026/05/29 10:00:51.455, 1061 MiB
2026/05/29 10:00:52.455, 1061 MiB
2026/05/29 10:00:53.455, 1061 MiB
2026/05/29 10:00:54.456, 1061 MiB
2026/05/29 10:00:55.456, 1061 MiB
2026/05/29 10:00:56.457, 1061 MiB
2026/05/29 10:00:57.457, 1061 MiB
2026/05/29 10:00:58.457, 1061 MiB
2026/05/29 10:00:59.458, 1061 MiB
2026/05/29 10:01:00.458, 1061 MiB
2026/05/29 10:01:01.458, 1061 MiB
2026/05/29 10:01:02.459, 1061 MiB
2026/05/29 10:01:03.459, 1061 MiB
2026/05/29 10:01:04.460, 1061 MiB
2026/05/29 10:01:05.460, 1061 MiB
2026/05/29 10:01:06.460, 1061 MiB
2026/05/29 10:01:07.461, 1061 MiB
2026/05/29 10:01:08.461, 1061 MiB
2026/05/29 10:01:09.461, 1060 MiB
2026/05/29 10:01:10.462, 1057 MiB
2026/05/29 10:01:11.462, 1061 MiB
2026/05/29 10:01:12.463, 1061 MiB
2026/05/29 10:01:13.463, 1061 MiB
2026/05/29 10:01:14.463, 1061 MiB
2026/05/29 10:01:15.464, 1061 MiB
2026/05/29 10:01:16.464, 1061 MiB
2026/05/29 10:01:17.464, 1061 MiB
2026/05/29 10:01:18.465, 1061 MiB
2026/05/29 10:01:19.465, 1061 MiB
2026/05/29 10:01:20.466, 1061 MiB
2026/05/29 10:01:21.466, 1061 MiB
2026/05/29 10:01:22.466, 1061 MiB
2026/05/29 10:01:23.467, 1061 MiB
2026/05/29 10:01:24.467, 1061 MiB
2026/05/29 10:01:25.468, 1061 MiB
2026/05/29 10:01:26.468, 1061 MiB
2026/05/29 10:01:27.468, 1061 MiB
2026/05/29 10:01:28.469, 1061 MiB
2026/05/29 10:01:29.469, 1061 MiB
2026/05/29 10:01:30.469, 1061 MiB
2026/05/29 10:01:31.470, 1061 MiB
2026/05/29 10:01:32.470, 1061 MiB
2026/05/29 10:01:33.470, 1061 MiB
2026/05/29 10:01:34.471, 1061 MiB
2026/05/29 10:01:35.471, 1061 MiB
2026/05/29 10:01:36.471, 1061 MiB
2026/05/29 10:01:37.472, 1061 MiB
2026/05/29 10:01:38.472, 1060 MiB
2026/05/29 10:01:39.472, 1057 MiB
2026/05/29 10:01:40.472, 1057 MiB
2026/05/29 10:01:41.473, 1057 MiB
2026/05/29 10:01:42.473, 1061 MiB
2026/05/29 10:01:43.474, 1061 MiB
2026/05/29 10:01:44.474, 1061 MiB
2026/05/29 10:01:45.474, 1061 MiB
2026/05/29 10:01:46.474, 1061 MiB
2026/05/29 10:01:47.475, 1061 MiB
2026/05/29 10:01:48.475, 1060 MiB
2026/05/29 10:01:49.475, 1057 MiB
2026/05/29 10:01:50.476, 1057 MiB
2026/05/29 10:01:51.476, 1057 MiB
2026/05/29 10:01:52.476, 1057 MiB
2026/05/29 10:01:53.477, 1057 MiB
2026/05/29 10:01:54.477, 1057 MiB
2026/05/29 10:01:55.478, 1057 MiB
2026/05/29 10:01:56.478, 1057 MiB
2026/05/29 10:01:57.478, 1061 MiB
2026/05/29 10:01:58.479, 1061 MiB
2026/05/29 10:01:59.479, 1061 MiB
2026/05/29 10:02:00.479, 1061 MiB
2026/05/29 10:02:01.480, 1061 MiB
2026/05/29 10:02:02.480, 1061 MiB
2026/05/29 10:02:03.480, 1061 MiB
2026/05/29 10:02:04.481, 1061 MiB
2026/05/29 10:02:05.481, 1061 MiB
2026/05/29 10:02:06.482, 1061 MiB
2026/05/29 10:02:07.482, 1061 MiB
2026/05/29 10:02:08.482, 1061 MiB
2026/05/29 10:02:09.482, 1060 MiB
2026/05/29 10:02:10.483, 1061 MiB
2026/05/29 10:02:11.483, 1061 MiB
2026/05/29 10:02:12.483, 1061 MiB
2026/05/29 10:02:13.484, 1061 MiB
2026/05/29 10:02:14.484, 1061 MiB
2026/05/29 10:02:15.484, 1061 MiB
2026/05/29 10:02:16.484, 1060 MiB
2026/05/29 10:02:17.485, 1057 MiB
2026/05/29 10:02:18.485, 1057 MiB
2026/05/29 10:02:19.485, 1061 MiB
2026/05/29 10:02:20.486, 1061 MiB
2026/05/29 10:02:21.486, 1061 MiB
2026/05/29 10:02:22.486, 1061 MiB
2026/05/29 10:02:23.486, 1061 MiB
2026/05/29 10:02:24.487, 1061 MiB
2026/05/29 10:02:25.487, 1061 MiB
2026/05/29 10:02:26.487, 1061 MiB
2026/05/29 10:02:27.488, 1061 MiB
2026/05/29 10:02:28.488, 1061 MiB
2026/05/29 10:02:29.488, 1061 MiB
2026/05/29 10:02:30.489, 1060 MiB
2026/05/29 10:02:31.489, 1061 MiB
2026/05/29 10:02:32.489, 1061 MiB
2026/05/29 10:02:33.489, 1061 MiB
2026/05/29 10:02:34.490, 1061 MiB
2026/05/29 10:02:35.490, 1061 MiB
2026/05/29 10:02:36.490, 1061 MiB
2026/05/29 10:02:37.491, 1061 MiB
2026/05/29 10:02:38.491, 1061 MiB
2026/05/29 10:02:39.491, 1061 MiB
2026/05/29 10:02:40.492, 1061 MiB
2026/05/29 10:02:41.492, 1061 MiB
2026/05/29 10:02:42.492, 1061 MiB
2026/05/29 10:02:43.492, 1061 MiB
2026/05/29 10:02:44.493, 1061 MiB
2026/05/29 10:02:45.493, 1061 MiB
2026/05/29 10:02:46.493, 1061 MiB
2026/05/29 10:02:47.493, 1061 MiB
2026/05/29 10:02:48.493, 1061 MiB
2026/05/29 10:02:49.494, 1061 MiB
2026/05/29 10:02:50.494, 1061 MiB
2026/05/29 10:02:51.494, 1061 MiB
2026/05/29 10:02:52.494, 1061 MiB
2026/05/29 10:02:53.495, 1060 MiB
2026/05/29 10:02:54.495, 1061 MiB
2026/05/29 10:02:55.495, 1061 MiB
2026/05/29 10:02:56.495, 1061 MiB
2026/05/29 10:02:57.496, 1061 MiB
2026/05/29 10:02:58.496, 1061 MiB
2026/05/29 10:02:59.496, 1061 MiB
2026/05/29 10:03:00.496, 1060 MiB
2026/05/29 10:03:01.496, 1057 MiB
2026/05/29 10:03:02.497, 1057 MiB
2026/05/29 10:03:03.497, 1061 MiB
2026/05/29 10:03:04.497, 1061 MiB
2026/05/29 10:03:05.497, 1061 MiB
2026/05/29 10:03:06.498, 1061 MiB
2026/05/29 10:03:07.498, 1061 MiB
2026/05/29 10:03:08.498, 1061 MiB
2026/05/29 10:03:09.498, 1060 MiB
2026/05/29 10:03:10.499, 1057 MiB
2026/05/29 10:03:11.499, 1057 MiB
2026/05/29 10:03:12.499, 1057 MiB
2026/05/29 10:03:13.500, 1057 MiB
2026/05/29 10:03:14.500, 1057 MiB
2026/05/29 10:03:15.500, 1057 MiB
2026/05/29 10:03:16.500, 1061 MiB
2026/05/29 10:03:17.501, 1061 MiB
2026/05/29 10:03:18.501, 1061 MiB
2026/05/29 10:03:19.501, 1061 MiB
2026/05/29 10:03:20.501, 1061 MiB
2026/05/29 10:03:21.502, 1061 MiB
2026/05/29 10:03:22.502, 1061 MiB
2026/05/29 10:03:23.512, 1061 MiB
2026/05/29 10:03:24.512, 1061 MiB
2026/05/29 10:03:25.512, 1061 MiB
2026/05/29 10:03:26.513, 1061 MiB
2026/05/29 10:03:27.513, 1061 MiB
2026/05/29 10:03:28.522, 1061 MiB
2026/05/29 10:03:29.523, 1061 MiB
2026/05/29 10:03:30.523, 1061 MiB
2026/05/29 10:03:31.523, 1061 MiB
2026/05/29 10:03:32.523, 1061 MiB
2026/05/29 10:03:33.524, 1061 MiB
2026/05/29 10:03:34.524, 1061 MiB
2026/05/29 10:03:35.524, 1061 MiB
2026/05/29 10:03:36.525, 1061 MiB
2026/05/29 10:03:37.525, 1061 MiB
2026/05/29 10:03:38.534, 1061 MiB
2026/05/29 10:03:39.534, 1061 MiB
2026/05/29 10:03:40.535, 1061 MiB
2026/05/29 10:03:41.535, 1060 MiB
2026/05/29 10:03:42.535, 1060 MiB
2026/05/29 10:03:43.536, 1060 MiB
2026/05/29 10:03:44.536, 1056 MiB
2026/05/29 10:03:45.536, 1056 MiB
2026/05/29 10:03:46.537, 1056 MiB
2026/05/29 10:03:47.537, 1056 MiB
2026/05/29 10:03:48.537, 1056 MiB
2026/05/29 10:03:49.538, 1056 MiB
2026/05/29 10:03:50.538, 1056 MiB
2026/05/29 10:03:51.538, 1056 MiB
2026/05/29 10:03:52.539, 1056 MiB
2026/05/29 10:03:53.539, 1056 MiB
2026/05/29 10:03:54.539, 1056 MiB
2026/05/29 10:03:55.539, 1056 MiB
2026/05/29 10:03:56.540, 1056 MiB
2026/05/29 10:03:57.540, 1056 MiB
2026/05/29 10:03:58.550, 1056 MiB
2026/05/29 10:03:59.550, 1056 MiB
2026/05/29 10:04:00.550, 1056 MiB
2026/05/29 10:04:01.551, 1056 MiB
2026/05/29 10:04:02.551, 1056 MiB
2026/05/29 10:04:03.551, 1056 MiB
2026/05/29 10:04:04.552, 1056 MiB
2026/05/29 10:04:05.552, 1056 MiB
2026/05/29 10:04:06.552, 1056 MiB
2026/05/29 10:04:07.552, 1056 MiB
2026/05/29 10:04:08.553, 1056 MiB
2026/05/29 10:04:09.553, 1056 MiB
2026/05/29 10:04:10.553, 1056 MiB
2026/05/29 10:04:11.554, 1056 MiB
2026/05/29 10:04:12.554, 1056 MiB
2026/05/29 10:04:13.554, 1053 MiB
2026/05/29 10:04:14.555, 1053 MiB
2026/05/29 10:04:15.555, 1053 MiB
2026/05/29 10:04:16.555, 1061 MiB
2026/05/29 10:04:17.555, 1061 MiB
2026/05/29 10:04:18.556, 1061 MiB
2026/05/29 10:04:19.556, 1061 MiB
2026/05/29 10:04:20.556, 1061 MiB
2026/05/29 10:04:21.557, 1061 MiB
2026/05/29 10:04:22.557, 1061 MiB
2026/05/29 10:04:23.557, 1061 MiB
2026/05/29 10:04:24.557, 1061 MiB
2026/05/29 10:04:25.558, 1061 MiB
2026/05/29 10:04:26.558, 1061 MiB
2026/05/29 10:04:27.558, 1061 MiB
2026/05/29 10:04:28.558, 1060 MiB
2026/05/29 10:04:29.558, 1061 MiB
2026/05/29 10:04:30.559, 1061 MiB
2026/05/29 10:04:31.559, 1061 MiB
2026/05/29 10:04:32.559, 1061 MiB
2026/05/29 10:04:33.559, 1061 MiB
2026/05/29 10:04:34.560, 1061 MiB
2026/05/29 10:04:35.560, 1061 MiB
2026/05/29 10:04:36.560, 1061 MiB
2026/05/29 10:04:37.561, 1061 MiB
2026/05/29 10:04:38.561, 1061 MiB
2026/05/29 10:04:39.561, 1061 MiB
2026/05/29 10:04:40.562, 1061 MiB
2026/05/29 10:04:41.562, 1061 MiB
2026/05/29 10:04:42.562, 1061 MiB
2026/05/29 10:04:43.563, 1061 MiB
2026/05/29 10:04:44.563, 1061 MiB
2026/05/29 10:04:45.563, 1061 MiB
2026/05/29 10:04:46.564, 1061 MiB
2026/05/29 10:04:47.564, 1061 MiB
2026/05/29 10:04:48.564, 1061 MiB
2026/05/29 10:04:49.564, 1061 MiB
2026/05/29 10:04:50.565, 1061 MiB
2026/05/29 10:04:51.565, 1061 MiB
2026/05/29 10:04:52.565, 1061 MiB
2026/05/29 10:04:53.565, 1061 MiB
2026/05/29 10:04:54.566, 1061 MiB
2026/05/29 10:04:55.566, 1060 MiB
2026/05/29 10:04:56.566, 1060 MiB
2026/05/29 10:04:57.567, 1060 MiB
2026/05/29 10:04:58.567, 1056 MiB
2026/05/29 10:04:59.567, 1056 MiB
2026/05/29 10:05:00.567, 1056 MiB
2026/05/29 10:05:01.568, 1056 MiB
2026/05/29 10:05:02.568, 1056 MiB
2026/05/29 10:05:03.568, 1056 MiB
2026/05/29 10:05:04.569, 1056 MiB
2026/05/29 10:05:05.569, 1056 MiB
2026/05/29 10:05:06.569, 1061 MiB
2026/05/29 10:05:07.570, 1061 MiB
2026/05/29 10:05:08.570, 1061 MiB
2026/05/29 10:05:09.570, 1061 MiB
2026/05/29 10:05:10.571, 1061 MiB
2026/05/29 10:05:11.571, 1061 MiB
2026/05/29 10:05:12.571, 1061 MiB
2026/05/29 10:05:13.571, 1061 MiB
2026/05/29 10:05:14.572, 1061 MiB
2026/05/29 10:05:15.572, 1061 MiB
2026/05/29 10:05:16.572, 1061 MiB
2026/05/29 10:05:17.573, 1061 MiB
2026/05/29 10:05:18.573, 1061 MiB
2026/05/29 10:05:19.573, 1061 MiB
2026/05/29 10:05:20.574, 1061 MiB
2026/05/29 10:05:21.574, 1061 MiB
2026/05/29 10:05:22.574, 1061 MiB
2026/05/29 10:05:23.574, 1061 MiB
2026/05/29 10:05:24.575, 1061 MiB
2026/05/29 10:05:25.575, 1061 MiB
2026/05/29 10:05:26.575, 1061 MiB
2026/05/29 10:05:27.576, 1061 MiB
2026/05/29 10:05:28.576, 1061 MiB
2026/05/29 10:05:29.576, 1061 MiB
2026/05/29 10:05:30.576, 1061 MiB
2026/05/29 10:05:31.577, 1061 MiB
2026/05/29 10:05:32.577, 1060 MiB
2026/05/29 10:05:33.577, 1057 MiB
2026/05/29 10:05:34.577, 1053 MiB
2026/05/29 10:05:35.578, 1061 MiB
2026/05/29 10:05:36.578, 1061 MiB
2026/05/29 10:05:37.578, 1061 MiB
2026/05/29 10:05:38.579, 1061 MiB
2026/05/29 10:05:39.579, 1061 MiB
2026/05/29 10:05:40.579, 1061 MiB
2026/05/29 10:05:41.580, 1061 MiB
2026/05/29 10:05:42.580, 1061 MiB
2026/05/29 10:05:43.580, 1061 MiB
2026/05/29 10:05:44.580, 1061 MiB
2026/05/29 10:05:45.581, 1061 MiB
2026/05/29 10:05:46.581, 1061 MiB
2026/05/29 10:05:47.581, 1060 MiB
2026/05/29 10:05:48.582, 1057 MiB
2026/05/29 10:05:49.582, 1061 MiB
2026/05/29 10:05:50.582, 1061 MiB
2026/05/29 10:05:51.582, 1061 MiB
2026/05/29 10:05:52.583, 1061 MiB
2026/05/29 10:05:53.583, 1061 MiB
2026/05/29 10:05:54.583, 1061 MiB
2026/05/29 10:05:55.584, 1061 MiB
2026/05/29 10:05:56.584, 1061 MiB
2026/05/29 10:05:57.584, 1061 MiB
2026/05/29 10:05:58.585, 1061 MiB
2026/05/29 10:05:59.585, 1061 MiB
2026/05/29 10:06:00.585, 1061 MiB
2026/05/29 10:06:01.585, 1060 MiB
2026/05/29 10:06:02.586, 1057 MiB
2026/05/29 10:06:03.586, 1057 MiB
2026/05/29 10:06:04.586, 1057 MiB
2026/05/29 10:06:05.586, 1057 MiB
2026/05/29 10:06:06.587, 1057 MiB
2026/05/29 10:06:07.587, 1061 MiB
2026/05/29 10:06:08.588, 1061 MiB
2026/05/29 10:06:09.588, 1061 MiB
2026/05/29 10:06:10.588, 1061 MiB
2026/05/29 10:06:11.588, 1061 MiB
2026/05/29 10:06:12.589, 1061 MiB
2026/05/29 10:06:13.589, 1061 MiB
2026/05/29 10:06:14.589, 1061 MiB
2026/05/29 10:06:15.590, 1061 MiB
2026/05/29 10:06:16.590, 1061 MiB
2026/05/29 10:06:17.590, 1061 MiB
2026/05/29 10:06:18.591, 1061 MiB
2026/05/29 10:06:19.591, 1061 MiB
2026/05/29 10:06:20.591, 1061 MiB
2026/05/29 10:06:21.592, 1061 MiB
2026/05/29 10:06:22.592, 1061 MiB
2026/05/29 10:06:23.592, 1061 MiB
2026/05/29 10:06:24.592, 1061 MiB
2026/05/29 10:06:25.593, 1061 MiB
2026/05/29 10:06:26.593, 1061 MiB
2026/05/29 10:06:27.593, 1061 MiB
2026/05/29 10:06:28.594, 1061 MiB
2026/05/29 10:06:29.594, 1061 MiB
2026/05/29 10:06:30.594, 1061 MiB
2026/05/29 10:06:31.595, 1061 MiB
2026/05/29 10:06:32.595, 1061 MiB
2026/05/29 10:06:33.595, 1060 MiB
2026/05/29 10:06:34.596, 1060 MiB
2026/05/29 10:06:35.596, 1056 MiB
2026/05/29 10:06:36.596, 1056 MiB
2026/05/29 10:06:37.597, 1056 MiB
2026/05/29 10:06:38.597, 1056 MiB
2026/05/29 10:06:39.597, 1056 MiB
2026/05/29 10:06:40.598, 1056 MiB
2026/05/29 10:06:41.598, 1056 MiB
2026/05/29 10:06:42.598, 1056 MiB
2026/05/29 10:06:43.599, 1056 MiB
2026/05/29 10:06:44.599, 1056 MiB
2026/05/29 10:06:45.599, 1056 MiB
2026/05/29 10:06:46.600, 1056 MiB
2026/05/29 10:06:47.600, 1056 MiB
2026/05/29 10:06:48.600, 1056 MiB
2026/05/29 10:06:49.601, 1056 MiB
2026/05/29 10:06:50.601, 1056 MiB
2026/05/29 10:06:51.601, 1056 MiB
2026/05/29 10:06:52.602, 1056 MiB
2026/05/29 10:06:53.602, 1056 MiB
2026/05/29 10:06:54.603, 1056 MiB
2026/05/29 10:06:55.603, 1056 MiB
2026/05/29 10:06:56.603, 1056 MiB
2026/05/29 10:06:57.604, 1056 MiB
2026/05/29 10:06:58.604, 1056 MiB
2026/05/29 10:06:59.604, 1056 MiB
2026/05/29 10:07:00.604, 1056 MiB
2026/05/29 10:07:01.605, 1056 MiB
2026/05/29 10:07:02.605, 1056 MiB
2026/05/29 10:07:03.605, 1056 MiB
2026/05/29 10:07:04.606, 1056 MiB
2026/05/29 10:07:05.606, 1056 MiB
2026/05/29 10:07:06.606, 1056 MiB
2026/05/29 10:07:07.607, 1056 MiB
2026/05/29 10:07:08.607, 1056 MiB
2026/05/29 10:07:09.607, 1056 MiB
2026/05/29 10:07:10.608, 1056 MiB
2026/05/29 10:07:11.608, 1056 MiB
2026/05/29 10:07:12.608, 1056 MiB
2026/05/29 10:07:13.609, 1056 MiB
2026/05/29 10:07:14.609, 1056 MiB
2026/05/29 10:07:15.609, 1056 MiB
2026/05/29 10:07:16.610, 1056 MiB
2026/05/29 10:07:17.610, 1056 MiB
2026/05/29 10:07:18.610, 1056 MiB
2026/05/29 10:07:19.611, 1056 MiB
2026/05/29 10:07:20.611, 1056 MiB
2026/05/29 10:07:21.611, 1056 MiB
2026/05/29 10:07:22.612, 1056 MiB
2026/05/29 10:07:23.612, 1056 MiB
2026/05/29 10:07:24.612, 1053 MiB
2026/05/29 10:07:25.612, 1061 MiB
2026/05/29 10:07:26.613, 1061 MiB
2026/05/29 10:07:27.613, 1061 MiB
2026/05/29 10:07:28.614, 1061 MiB
2026/05/29 10:07:29.614, 1061 MiB
2026/05/29 10:07:30.614, 1061 MiB
2026/05/29 10:07:31.615, 1060 MiB
2026/05/29 10:07:32.615, 1061 MiB
2026/05/29 10:07:33.615, 1061 MiB
2026/05/29 10:07:34.616, 1061 MiB
2026/05/29 10:07:35.616, 1061 MiB
2026/05/29 10:07:36.616, 1061 MiB
2026/05/29 10:07:37.617, 1061 MiB
2026/05/29 10:07:38.617, 1061 MiB
2026/05/29 10:07:39.618, 1061 MiB
2026/05/29 10:07:40.618, 1061 MiB
2026/05/29 10:07:41.618, 1061 MiB
2026/05/29 10:07:42.619, 1061 MiB
2026/05/29 10:07:43.619, 1061 MiB
2026/05/29 10:07:44.619, 1061 MiB
2026/05/29 10:07:45.620, 1061 MiB
2026/05/29 10:07:46.620, 1061 MiB
2026/05/29 10:07:47.620, 1061 MiB
2026/05/29 10:07:48.621, 1061 MiB
2026/05/29 10:07:49.621, 1061 MiB
2026/05/29 10:07:50.622, 1061 MiB
2026/05/29 10:07:51.622, 1061 MiB
2026/05/29 10:07:52.623, 1061 MiB
2026/05/29 10:07:53.623, 1061 MiB
2026/05/29 10:07:54.623, 1061 MiB
2026/05/29 10:07:55.624, 1061 MiB
2026/05/29 10:07:56.624, 1061 MiB
2026/05/29 10:07:57.625, 1060 MiB
2026/05/29 10:07:58.625, 1060 MiB
2026/05/29 10:07:59.625, 1060 MiB
2026/05/29 10:08:00.626, 1056 MiB
2026/05/29 10:08:01.626, 1056 MiB
2026/05/29 10:08:02.626, 1056 MiB
2026/05/29 10:08:03.627, 1053 MiB
2026/05/29 10:08:04.627, 1053 MiB
2026/05/29 10:08:05.628, 1053 MiB
2026/05/29 10:08:06.628, 1053 MiB
2026/05/29 10:08:07.628, 1053 MiB
2026/05/29 10:08:08.629, 1053 MiB
2026/05/29 10:08:09.629, 1053 MiB
2026/05/29 10:08:10.630, 1061 MiB
2026/05/29 10:08:11.630, 1061 MiB
2026/05/29 10:08:12.631, 1061 MiB
2026/05/29 10:08:13.631, 1061 MiB
2026/05/29 10:08:14.631, 1061 MiB
2026/05/29 10:08:15.632, 1061 MiB
2026/05/29 10:08:16.632, 1061 MiB
2026/05/29 10:08:17.632, 1061 MiB
2026/05/29 10:08:18.633, 1061 MiB
2026/05/29 10:08:19.633, 1061 MiB
2026/05/29 10:08:20.634, 1061 MiB
2026/05/29 10:08:21.634, 1061 MiB
2026/05/29 10:08:22.634, 1061 MiB
2026/05/29 10:08:23.635, 1061 MiB
2026/05/29 10:08:24.645, 1061 MiB
2026/05/29 10:08:25.645, 1061 MiB
2026/05/29 10:08:26.646, 1061 MiB
2026/05/29 10:08:27.646, 1061 MiB
2026/05/29 10:08:28.646, 1061 MiB
2026/05/29 10:08:29.646, 1061 MiB
2026/05/29 10:08:30.647, 1061 MiB
2026/05/29 10:08:31.647, 1061 MiB
2026/05/29 10:08:32.647, 1061 MiB
2026/05/29 10:08:33.647, 1061 MiB
2026/05/29 10:08:34.648, 1061 MiB
2026/05/29 10:08:35.648, 1061 MiB
2026/05/29 10:08:36.648, 1060 MiB
2026/05/29 10:08:37.649, 1060 MiB
2026/05/29 10:08:38.649, 1056 MiB
2026/05/29 10:08:39.649, 1056 MiB
2026/05/29 10:08:40.649, 1056 MiB
2026/05/29 10:08:41.650, 1056 MiB
2026/05/29 10:08:42.650, 1056 MiB
2026/05/29 10:08:43.650, 1056 MiB
2026/05/29 10:08:44.650, 1056 MiB
2026/05/29 10:08:45.650, 1056 MiB
2026/05/29 10:08:46.651, 1056 MiB
2026/05/29 10:08:47.651, 1053 MiB
2026/05/29 10:08:48.651, 1061 MiB
2026/05/29 10:08:49.652, 1061 MiB
2026/05/29 10:08:50.652, 1061 MiB
2026/05/29 10:08:51.652, 1061 MiB
2026/05/29 10:08:52.652, 1061 MiB
2026/05/29 10:08:53.653, 1061 MiB
2026/05/29 10:08:54.653, 1061 MiB
2026/05/29 10:08:55.653, 1061 MiB
2026/05/29 10:08:56.653, 1061 MiB
2026/05/29 10:08:57.654, 1061 MiB
2026/05/29 10:08:58.654, 1061 MiB
2026/05/29 10:08:59.654, 1061 MiB
2026/05/29 10:09:00.654, 1061 MiB
2026/05/29 10:09:01.654, 1061 MiB
2026/05/29 10:09:02.655, 1061 MiB
2026/05/29 10:09:03.655, 1061 MiB
2026/05/29 10:09:04.655, 1061 MiB
2026/05/29 10:09:05.655, 1061 MiB
2026/05/29 10:09:06.656, 1061 MiB
2026/05/29 10:09:07.656, 1061 MiB
2026/05/29 10:09:08.656, 1061 MiB
2026/05/29 10:09:09.656, 1061 MiB
2026/05/29 10:09:10.656, 1061 MiB
2026/05/29 10:09:11.657, 1061 MiB
2026/05/29 10:09:12.657, 1061 MiB
2026/05/29 10:09:13.657, 1061 MiB
2026/05/29 10:09:14.657, 1060 MiB
2026/05/29 10:09:15.658, 1057 MiB
2026/05/29 10:09:16.658, 1053 MiB
2026/05/29 10:09:17.658, 1053 MiB
2026/05/29 10:09:18.658, 1053 MiB
2026/05/29 10:09:19.659, 1053 MiB
2026/05/29 10:09:20.659, 1053 MiB
2026/05/29 10:09:21.659, 1053 MiB
2026/05/29 10:09:22.659, 1053 MiB
2026/05/29 10:09:23.659, 1061 MiB
2026/05/29 10:09:24.660, 1061 MiB
2026/05/29 10:09:25.660, 1061 MiB
2026/05/29 10:09:26.660, 1061 MiB
2026/05/29 10:09:27.660, 1061 MiB
2026/05/29 10:09:28.661, 1061 MiB
2026/05/29 10:09:29.661, 1061 MiB
2026/05/29 10:09:30.661, 1061 MiB
2026/05/29 10:09:31.661, 1061 MiB
2026/05/29 10:09:32.662, 1061 MiB
2026/05/29 10:09:33.662, 1061 MiB
2026/05/29 10:09:34.662, 1061 MiB
2026/05/29 10:09:35.662, 1061 MiB
2026/05/29 10:09:36.663, 1061 MiB
2026/05/29 10:09:37.663, 1061 MiB
2026/05/29 10:09:38.663, 1061 MiB
2026/05/29 10:09:39.663, 1061 MiB
2026/05/29 10:09:40.664, 1061 MiB
2026/05/29 10:09:41.664, 1061 MiB
2026/05/29 10:09:42.664, 1061 MiB
2026/05/29 10:09:43.664, 1061 MiB
2026/05/29 10:09:44.665, 1061 MiB
2026/05/29 10:09:45.665, 1061 MiB
2026/05/29 10:09:46.665, 1061 MiB
2026/05/29 10:09:47.666, 1061 MiB
2026/05/29 10:09:48.666, 1061 MiB
2026/05/29 10:09:49.666, 1060 MiB
2026/05/29 10:09:50.666, 1061 MiB
2026/05/29 10:09:51.666, 1061 MiB
2026/05/29 10:09:52.667, 1061 MiB
2026/05/29 10:09:53.667, 1061 MiB
2026/05/29 10:09:54.674, 1061 MiB
2026/05/29 10:09:55.675, 1061 MiB
2026/05/29 10:09:56.675, 1061 MiB
2026/05/29 10:09:57.676, 1061 MiB
2026/05/29 10:09:58.676, 1061 MiB
2026/05/29 10:09:59.676, 1061 MiB
2026/05/29 10:10:00.676, 1061 MiB
2026/05/29 10:10:01.677, 1061 MiB
2026/05/29 10:10:02.677, 1061 MiB
2026/05/29 10:10:03.678, 1061 MiB
2026/05/29 10:10:04.678, 1061 MiB
2026/05/29 10:10:05.679, 1061 MiB
2026/05/29 10:10:06.679, 1061 MiB
2026/05/29 10:10:07.679, 1061 MiB
2026/05/29 10:10:08.680, 1061 MiB
2026/05/29 10:10:09.680, 1061 MiB
2026/05/29 10:10:10.681, 1061 MiB
2026/05/29 10:10:11.681, 1061 MiB
2026/05/29 10:10:12.681, 1060 MiB
2026/05/29 10:10:13.681, 1061 MiB
2026/05/29 10:10:14.682, 1061 MiB
2026/05/29 10:10:15.682, 1061 MiB
2026/05/29 10:10:16.683, 1061 MiB
2026/05/29 10:10:17.683, 1061 MiB
2026/05/29 10:10:18.683, 1061 MiB
2026/05/29 10:10:19.684, 1060 MiB
2026/05/29 10:10:20.684, 1061 MiB
2026/05/29 10:10:21.685, 1061 MiB
2026/05/29 10:10:22.685, 1061 MiB
2026/05/29 10:10:23.685, 1061 MiB
2026/05/29 10:10:24.685, 1061 MiB
2026/05/29 10:10:25.686, 1061 MiB
2026/05/29 10:10:26.686, 1060 MiB
2026/05/29 10:10:27.686, 1057 MiB
2026/05/29 10:10:28.686, 1057 MiB
2026/05/29 10:10:29.687, 1061 MiB
2026/05/29 10:10:30.687, 1061 MiB
2026/05/29 10:10:31.688, 1061 MiB
2026/05/29 10:10:32.688, 1061 MiB
2026/05/29 10:10:33.688, 1061 MiB
2026/05/29 10:10:34.692, 1061 MiB
2026/05/29 10:10:35.692, 1061 MiB
2026/05/29 10:10:36.692, 1061 MiB
2026/05/29 10:10:37.693, 1061 MiB
2026/05/29 10:10:38.693, 1061 MiB
2026/05/29 10:10:39.702, 1061 MiB
2026/05/29 10:10:40.703, 1061 MiB
2026/05/29 10:10:41.703, 1061 MiB
2026/05/29 10:10:42.703, 1061 MiB
2026/05/29 10:10:43.703, 1061 MiB
2026/05/29 10:10:44.704, 1061 MiB
2026/05/29 10:10:45.704, 1061 MiB
2026/05/29 10:10:46.705, 1061 MiB
2026/05/29 10:10:47.705, 1061 MiB
2026/05/29 10:10:48.705, 1061 MiB
2026/05/29 10:10:49.715, 1061 MiB
2026/05/29 10:10:50.716, 1061 MiB
2026/05/29 10:10:51.716, 1061 MiB
2026/05/29 10:10:52.716, 1061 MiB
2026/05/29 10:10:53.716, 1061 MiB
2026/05/29 10:10:54.717, 1060 MiB
2026/05/29 10:10:55.718, 1060 MiB
2026/05/29 10:10:56.718, 1060 MiB
2026/05/29 10:10:57.718, 1056 MiB
2026/05/29 10:10:58.718, 1056 MiB
2026/05/29 10:10:59.719, 1056 MiB
2026/05/29 10:11:00.719, 1056 MiB
2026/05/29 10:11:01.720, 1056 MiB
2026/05/29 10:11:02.720, 1056 MiB
2026/05/29 10:11:03.720, 1056 MiB
2026/05/29 10:11:04.720, 1056 MiB
2026/05/29 10:11:05.721, 1056 MiB
2026/05/29 10:11:06.721, 1056 MiB
2026/05/29 10:11:07.721, 1056 MiB
2026/05/29 10:11:08.721, 1056 MiB
2026/05/29 10:11:09.721, 1056 MiB
2026/05/29 10:11:10.722, 1061 MiB
2026/05/29 10:11:11.722, 1061 MiB
2026/05/29 10:11:12.722, 1061 MiB
2026/05/29 10:11:13.723, 1061 MiB
2026/05/29 10:11:14.723, 1061 MiB
2026/05/29 10:11:15.723, 1061 MiB
2026/05/29 10:11:16.724, 1060 MiB
2026/05/29 10:11:17.724, 1061 MiB
2026/05/29 10:11:18.724, 1061 MiB
2026/05/29 10:11:19.725, 1061 MiB
2026/05/29 10:11:20.725, 1061 MiB
2026/05/29 10:11:21.726, 1061 MiB
2026/05/29 10:11:22.726, 1061 MiB
2026/05/29 10:11:23.726, 1061 MiB
2026/05/29 10:11:24.726, 1061 MiB
2026/05/29 10:11:25.727, 1061 MiB
2026/05/29 10:11:26.727, 1061 MiB
2026/05/29 10:11:27.727, 1061 MiB
2026/05/29 10:11:28.728, 1061 MiB
2026/05/29 10:11:29.728, 1061 MiB
2026/05/29 10:11:30.728, 1061 MiB
2026/05/29 10:11:31.729, 1061 MiB
2026/05/29 10:11:32.729, 1061 MiB
2026/05/29 10:11:33.729, 1061 MiB
2026/05/29 10:11:34.729, 1061 MiB
2026/05/29 10:11:35.730, 1061 MiB
2026/05/29 10:11:36.730, 1061 MiB
2026/05/29 10:11:37.731, 1061 MiB
2026/05/29 10:11:38.731, 1061 MiB
2026/05/29 10:11:39.731, 1061 MiB
2026/05/29 10:11:40.731, 1061 MiB
2026/05/29 10:11:41.732, 1061 MiB
2026/05/29 10:11:42.732, 1061 MiB
2026/05/29 10:11:43.732, 1060 MiB
2026/05/29 10:11:44.733, 1057 MiB
2026/05/29 10:11:45.733, 1053 MiB
2026/05/29 10:11:46.733, 1061 MiB
2026/05/29 10:11:47.733, 1061 MiB
2026/05/29 10:11:48.734, 1061 MiB
2026/05/29 10:11:49.734, 1061 MiB
2026/05/29 10:11:50.734, 1061 MiB
2026/05/29 10:11:51.734, 1061 MiB
2026/05/29 10:11:52.735, 1061 MiB
2026/05/29 10:11:53.735, 1061 MiB
2026/05/29 10:11:54.735, 1061 MiB
2026/05/29 10:11:55.736, 1061 MiB
2026/05/29 10:11:56.736, 1061 MiB
2026/05/29 10:11:57.736, 1061 MiB
2026/05/29 10:11:58.736, 1061 MiB
2026/05/29 10:11:59.737, 1061 MiB
2026/05/29 10:12:00.737, 1061 MiB
2026/05/29 10:12:01.737, 1061 MiB
2026/05/29 10:12:02.738, 1061 MiB
2026/05/29 10:12:03.738, 1061 MiB
2026/05/29 10:12:04.738, 1061 MiB
2026/05/29 10:12:05.738, 1061 MiB
2026/05/29 10:12:06.739, 1061 MiB
2026/05/29 10:12:07.739, 1061 MiB
2026/05/29 10:12:08.739, 1060 MiB
2026/05/29 10:12:09.740, 1057 MiB
2026/05/29 10:12:10.740, 1057 MiB
2026/05/29 10:12:11.740, 1057 MiB
2026/05/29 10:12:12.741, 1057 MiB
2026/05/29 10:12:13.741, 1057 MiB
2026/05/29 10:12:14.741, 1057 MiB
2026/05/29 10:12:15.741, 1057 MiB
2026/05/29 10:12:16.742, 1057 MiB
2026/05/29 10:12:17.742, 1061 MiB
2026/05/29 10:12:18.742, 1061 MiB
2026/05/29 10:12:19.743, 1061 MiB
2026/05/29 10:12:20.743, 1061 MiB
2026/05/29 10:12:21.743, 1061 MiB
2026/05/29 10:12:22.744, 1061 MiB
2026/05/29 10:12:23.744, 1061 MiB
2026/05/29 10:12:24.744, 1061 MiB
2026/05/29 10:12:25.745, 1061 MiB
2026/05/29 10:12:26.745, 1061 MiB
2026/05/29 10:12:27.745, 1061 MiB
2026/05/29 10:12:28.745, 1061 MiB
2026/05/29 10:12:29.746, 1061 MiB
2026/05/29 10:12:30.746, 1061 MiB
2026/05/29 10:12:31.746, 1061 MiB
2026/05/29 10:12:32.747, 1061 MiB
2026/05/29 10:12:33.747, 1060 MiB
2026/05/29 10:12:34.747, 1057 MiB
2026/05/29 10:12:35.747, 1057 MiB
2026/05/29 10:12:36.748, 1057 MiB
2026/05/29 10:12:37.748, 1061 MiB
2026/05/29 10:12:38.748, 1061 MiB
2026/05/29 10:12:39.748, 1061 MiB
2026/05/29 10:12:40.749, 1061 MiB
2026/05/29 10:12:41.749, 1061 MiB
2026/05/29 10:12:42.750, 1061 MiB
2026/05/29 10:12:43.750, 1060 MiB
2026/05/29 10:12:44.750, 1057 MiB
2026/05/29 10:12:45.750, 1057 MiB
2026/05/29 10:12:46.751, 1057 MiB
2026/05/29 10:12:47.751, 1061 MiB
2026/05/29 10:12:48.751, 1061 MiB
2026/05/29 10:12:49.752, 1061 MiB
2026/05/29 10:12:50.752, 1061 MiB
2026/05/29 10:12:51.753, 1061 MiB
2026/05/29 10:12:52.753, 1062 MiB
2026/05/29 10:12:53.753, 1061 MiB
2026/05/29 10:12:54.754, 1058 MiB
2026/05/29 10:12:55.754, 1058 MiB
2026/05/29 10:12:56.754, 1062 MiB
2026/05/29 10:12:57.755, 1062 MiB
2026/05/29 10:12:58.755, 1062 MiB
2026/05/29 10:12:59.755, 1062 MiB
2026/05/29 10:13:00.755, 1062 MiB
2026/05/29 10:13:01.756, 1062 MiB
2026/05/29 10:13:02.756, 1061 MiB
2026/05/29 10:13:03.756, 1060 MiB
2026/05/29 10:13:04.756, 1057 MiB
2026/05/29 10:13:05.757, 1061 MiB
2026/05/29 10:13:06.757, 1061 MiB
2026/05/29 10:13:07.758, 1063 MiB
2026/05/29 10:13:08.758, 1064 MiB
2026/05/29 10:13:09.758, 1064 MiB
2026/05/29 10:13:10.758, 1064 MiB
2026/05/29 10:13:11.759, 1064 MiB
2026/05/29 10:13:12.759, 1064 MiB
2026/05/29 10:13:13.759, 1064 MiB
2026/05/29 10:13:14.759, 1063 MiB
2026/05/29 10:13:15.759, 1060 MiB
2026/05/29 10:13:16.760, 1060 MiB
2026/05/29 10:13:17.760, 1060 MiB
2026/05/29 10:13:18.760, 1060 MiB
2026/05/29 10:13:19.760, 1060 MiB
2026/05/29 10:13:20.761, 1060 MiB
2026/05/29 10:13:21.761, 1060 MiB
2026/05/29 10:13:22.761, 1060 MiB
2026/05/29 10:13:23.762, 1060 MiB
2026/05/29 10:13:24.762, 1060 MiB
2026/05/29 10:13:25.762, 1060 MiB
2026/05/29 10:13:26.763, 1060 MiB
2026/05/29 10:13:27.763, 1060 MiB
2026/05/29 10:13:28.763, 1060 MiB
2026/05/29 10:13:29.763, 1060 MiB
2026/05/29 10:13:30.764, 1060 MiB
2026/05/29 10:13:31.764, 1056 MiB
2026/05/29 10:13:32.764, 1056 MiB
2026/05/29 10:13:33.764, 1056 MiB
2026/05/29 10:13:34.765, 1056 MiB
2026/05/29 10:13:35.765, 1056 MiB
2026/05/29 10:13:36.765, 1056 MiB
2026/05/29 10:13:37.766, 1056 MiB
2026/05/29 10:13:38.766, 1056 MiB
2026/05/29 10:13:39.766, 1056 MiB
2026/05/29 10:13:40.767, 1056 MiB
2026/05/29 10:13:41.767, 1056 MiB
2026/05/29 10:13:42.768, 1056 MiB
2026/05/29 10:13:43.768, 1056 MiB
2026/05/29 10:13:44.768, 1056 MiB
2026/05/29 10:13:45.768, 1056 MiB
2026/05/29 10:13:46.769, 1056 MiB
2026/05/29 10:13:47.769, 1056 MiB
2026/05/29 10:13:48.769, 1056 MiB
2026/05/29 10:13:49.770, 1056 MiB
2026/05/29 10:13:50.770, 1056 MiB
2026/05/29 10:13:51.770, 1056 MiB
2026/05/29 10:13:52.771, 1056 MiB
2026/05/29 10:13:53.771, 1056 MiB
2026/05/29 10:13:54.775, 1056 MiB
2026/05/29 10:13:55.775, 1056 MiB
2026/05/29 10:13:56.776, 1056 MiB
2026/05/29 10:13:57.776, 1056 MiB
2026/05/29 10:13:58.776, 1056 MiB
2026/05/29 10:13:59.776, 1056 MiB
2026/05/29 10:14:00.777, 1056 MiB
2026/05/29 10:14:01.777, 1056 MiB
2026/05/29 10:14:02.778, 1056 MiB
2026/05/29 10:14:03.778, 1056 MiB
2026/05/29 10:14:04.778, 1056 MiB
2026/05/29 10:14:05.779, 1056 MiB
2026/05/29 10:14:06.779, 1056 MiB
2026/05/29 10:14:07.780, 1056 MiB
2026/05/29 10:14:08.780, 1056 MiB
2026/05/29 10:14:09.780, 1056 MiB
2026/05/29 10:14:10.780, 1056 MiB
2026/05/29 10:14:11.780, 1056 MiB
2026/05/29 10:14:12.781, 1056 MiB
2026/05/29 10:14:13.781, 1056 MiB
2026/05/29 10:14:14.781, 1056 MiB
2026/05/29 10:14:15.782, 1056 MiB
2026/05/29 10:14:16.782, 1061 MiB
2026/05/29 10:14:17.782, 1061 MiB
2026/05/29 10:14:18.783, 1061 MiB
2026/05/29 10:14:19.783, 1061 MiB
2026/05/29 10:14:20.784, 1061 MiB
2026/05/29 10:14:21.784, 1061 MiB
2026/05/29 10:14:22.784, 1060 MiB
2026/05/29 10:14:23.785, 1057 MiB
2026/05/29 10:14:24.785, 1057 MiB
2026/05/29 10:14:25.786, 1057 MiB
2026/05/29 10:14:26.786, 1057 MiB
2026/05/29 10:14:27.786, 1057 MiB
2026/05/29 10:14:28.786, 1061 MiB
2026/05/29 10:14:29.787, 1061 MiB
2026/05/29 10:14:30.787, 1061 MiB
2026/05/29 10:14:31.787, 1061 MiB
2026/05/29 10:14:32.788, 1061 MiB
2026/05/29 10:14:33.788, 1061 MiB
2026/05/29 10:14:34.789, 1060 MiB
2026/05/29 10:14:35.789, 1057 MiB
2026/05/29 10:14:36.789, 1057 MiB
2026/05/29 10:14:37.790, 1057 MiB
2026/05/29 10:14:38.790, 1049 MiB
2026/05/29 10:14:39.790, 1049 MiB
2026/05/29 10:14:40.790, 1049 MiB
2026/05/29 10:14:41.791, 1049 MiB
2026/05/29 10:14:42.791, 1049 MiB
2026/05/29 10:14:43.791, 1061 MiB
2026/05/29 10:14:44.791, 1061 MiB
2026/05/29 10:14:45.792, 1061 MiB
2026/05/29 10:14:46.792, 1052 MiB
2026/05/29 10:14:47.792, 1066 MiB
2026/05/29 10:14:48.793, 1063 MiB
2026/05/29 10:14:49.793, 1063 MiB
2026/05/29 10:14:50.793, 1063 MiB
2026/05/29 10:14:51.793, 1429 MiB
2026/05/29 10:14:52.794, 1454 MiB
2026/05/29 10:14:53.794, 1470 MiB
2026/05/29 10:14:54.794, 1470 MiB
2026/05/29 10:14:55.795, 1482 MiB
2026/05/29 10:14:56.795, 1482 MiB
2026/05/29 10:14:57.795, 1483 MiB
2026/05/29 10:14:58.795, 1485 MiB
2026/05/29 10:14:59.796, 1485 MiB
2026/05/29 10:15:00.796, 1497 MiB
2026/05/29 10:15:01.796, 1498 MiB
2026/05/29 10:15:02.797, 1498 MiB
2026/05/29 10:15:03.797, 1494 MiB
2026/05/29 10:15:04.797, 1490 MiB
2026/05/29 10:15:05.797, 1508 MiB
2026/05/29 10:15:06.798, 1506 MiB
2026/05/29 10:15:07.798, 1505 MiB
2026/05/29 10:15:08.798, 1505 MiB
2026/05/29 10:15:09.798, 1500 MiB
2026/05/29 10:15:10.799, 1491 MiB
2026/05/29 10:15:11.799, 1495 MiB
2026/05/29 10:15:12.799, 1493 MiB
2026/05/29 10:15:13.800, 1498 MiB
2026/05/29 10:15:14.809, 1499 MiB
2026/05/29 10:15:15.809, 1499 MiB
2026/05/29 10:15:16.809, 1495 MiB
2026/05/29 10:15:17.809, 1495 MiB
2026/05/29 10:15:18.810, 1499 MiB
2026/05/29 10:15:19.810, 1494 MiB
2026/05/29 10:15:20.811, 1494 MiB
2026/05/29 10:15:21.811, 1476 MiB
2026/05/29 10:15:22.811, 1476 MiB
2026/05/29 10:15:23.811, 1480 MiB
2026/05/29 10:15:24.812, 1480 MiB
2026/05/29 10:15:25.812, 1494 MiB
2026/05/29 10:15:26.812, 1490 MiB
2026/05/29 10:15:27.813, 1490 MiB
2026/05/29 10:15:28.813, 1495 MiB
2026/05/29 10:15:29.822, 1499 MiB
2026/05/29 10:15:30.822, 1495 MiB
2026/05/29 10:15:31.823, 1495 MiB
2026/05/29 10:15:32.823, 1500 MiB
2026/05/29 10:15:33.823, 1506 MiB
2026/05/29 10:15:34.824, 1498 MiB
2026/05/29 10:15:35.825, 1495 MiB
2026/05/29 10:15:36.825, 1505 MiB
2026/05/29 10:15:37.825, 1510 MiB
2026/05/29 10:15:38.826, 1510 MiB
2026/05/29 10:15:39.826, 1512 MiB
2026/05/29 10:15:40.826, 1512 MiB
2026/05/29 10:15:41.826, 1512 MiB
2026/05/29 10:15:42.827, 1512 MiB
2026/05/29 10:15:43.827, 1512 MiB
2026/05/29 10:15:44.836, 1512 MiB
2026/05/29 10:15:45.837, 1512 MiB
2026/05/29 10:15:46.837, 1512 MiB
2026/05/29 10:15:47.837, 1509 MiB
2026/05/29 10:15:48.838, 1501 MiB
2026/05/29 10:15:49.839, 1496 MiB
2026/05/29 10:15:50.839, 1496 MiB
2026/05/29 10:15:51.839, 1491 MiB
2026/05/29 10:15:52.840, 1500 MiB
2026/05/29 10:15:53.840, 1503 MiB
2026/05/29 10:15:54.840, 1506 MiB
2026/05/29 10:15:55.840, 1495 MiB
2026/05/29 10:15:56.841, 1495 MiB
2026/05/29 10:15:57.841, 1476 MiB
2026/05/29 10:15:58.841, 1474 MiB
2026/05/29 10:15:59.842, 1471 MiB
2026/05/29 10:16:00.842, 1469 MiB
2026/05/29 10:16:01.842, 1469 MiB
2026/05/29 10:16:02.842, 1469 MiB
2026/05/29 10:16:03.843, 1469 MiB
2026/05/29 10:16:04.843, 1469 MiB
2026/05/29 10:16:05.843, 1469 MiB
2026/05/29 10:16:06.844, 1494 MiB
2026/05/29 10:16:07.844, 1490 MiB
2026/05/29 10:16:08.844, 1488 MiB
2026/05/29 10:16:09.845, 1488 MiB
2026/05/29 10:16:10.845, 1490 MiB
2026/05/29 10:16:11.845, 1470 MiB
2026/05/29 10:16:12.846, 1470 MiB
2026/05/29 10:16:13.846, 1469 MiB
2026/05/29 10:16:14.847, 1470 MiB
2026/05/29 10:16:15.847, 1470 MiB
2026/05/29 10:16:16.847, 1469 MiB
2026/05/29 10:16:17.848, 1468 MiB
2026/05/29 10:16:18.848, 1468 MiB
2026/05/29 10:16:19.848, 1468 MiB
2026/05/29 10:16:20.849, 1468 MiB
2026/05/29 10:16:21.849, 1468 MiB
2026/05/29 10:16:22.850, 1468 MiB
2026/05/29 10:16:23.850, 1469 MiB
2026/05/29 10:16:24.850, 1469 MiB
2026/05/29 10:16:25.851, 1469 MiB
2026/05/29 10:16:26.851, 1469 MiB
2026/05/29 10:16:27.851, 1481 MiB
2026/05/29 10:16:28.852, 1481 MiB
2026/05/29 10:16:29.852, 1480 MiB
2026/05/29 10:16:30.852, 1476 MiB
2026/05/29 10:16:31.853, 1478 MiB
2026/05/29 10:16:32.853, 1475 MiB
2026/05/29 10:16:33.853, 1473 MiB
2026/05/29 10:16:34.854, 1473 MiB
2026/05/29 10:16:35.854, 1483 MiB
2026/05/29 10:16:36.854, 1481 MiB
2026/05/29 10:16:37.855, 1490 MiB
2026/05/29 10:16:38.855, 1490 MiB
2026/05/29 10:16:39.855, 1489 MiB
2026/05/29 10:16:40.856, 1488 MiB
2026/05/29 10:16:41.856, 1479 MiB
2026/05/29 10:16:42.856, 1478 MiB
2026/05/29 10:16:43.857, 1478 MiB
2026/05/29 10:16:44.857, 1473 MiB
2026/05/29 10:16:45.857, 1473 MiB
2026/05/29 10:16:46.857, 1472 MiB
2026/05/29 10:16:47.858, 1469 MiB
2026/05/29 10:16:48.858, 1467 MiB
2026/05/29 10:16:49.858, 1467 MiB
2026/05/29 10:16:50.858, 1467 MiB
2026/05/29 10:16:51.859, 1467 MiB
2026/05/29 10:16:52.859, 1467 MiB
2026/05/29 10:16:53.859, 1467 MiB
2026/05/29 10:16:54.859, 1467 MiB
2026/05/29 10:16:55.860, 1467 MiB
2026/05/29 10:16:56.860, 1467 MiB
2026/05/29 10:16:57.860, 1467 MiB
2026/05/29 10:16:58.861, 1467 MiB
2026/05/29 10:16:59.861, 1467 MiB
2026/05/29 10:17:00.861, 1467 MiB
2026/05/29 10:17:01.861, 1467 MiB
2026/05/29 10:17:02.862, 1467 MiB
2026/05/29 10:17:03.862, 1467 MiB
2026/05/29 10:17:04.862, 1467 MiB
2026/05/29 10:17:05.863, 1467 MiB
2026/05/29 10:17:06.863, 1467 MiB
2026/05/29 10:17:07.863, 1467 MiB
2026/05/29 10:17:08.863, 1467 MiB
2026/05/29 10:17:09.864, 1467 MiB
2026/05/29 10:17:10.864, 1467 MiB
2026/05/29 10:17:11.864, 1467 MiB
2026/05/29 10:17:12.864, 1467 MiB
2026/05/29 10:17:13.865, 1467 MiB
2026/05/29 10:17:14.865, 1467 MiB
2026/05/29 10:17:15.865, 1467 MiB
2026/05/29 10:17:16.865, 1467 MiB
2026/05/29 10:17:17.866, 1467 MiB
2026/05/29 10:17:18.866, 1467 MiB
2026/05/29 10:17:19.866, 1467 MiB
2026/05/29 10:17:20.866, 1467 MiB
2026/05/29 10:17:21.867, 1467 MiB
2026/05/29 10:17:22.867, 1467 MiB
2026/05/29 10:17:23.867, 1467 MiB
2026/05/29 10:17:24.868, 1467 MiB
2026/05/29 10:17:25.868, 1467 MiB
2026/05/29 10:17:26.868, 1467 MiB
2026/05/29 10:17:27.868, 1467 MiB
2026/05/29 10:17:28.869, 1467 MiB
2026/05/29 10:17:29.869, 1467 MiB
2026/05/29 10:17:30.869, 1467 MiB
2026/05/29 10:17:31.869, 1467 MiB
2026/05/29 10:17:32.870, 1467 MiB
2026/05/29 10:17:33.870, 1467 MiB
2026/05/29 10:17:34.870, 1467 MiB
2026/05/29 10:17:35.871, 1467 MiB
2026/05/29 10:17:36.871, 1467 MiB
2026/05/29 10:17:37.871, 1467 MiB
2026/05/29 10:17:38.871, 1467 MiB
2026/05/29 10:17:39.872, 1467 MiB
2026/05/29 10:17:40.872, 1467 MiB
2026/05/29 10:17:41.872, 1467 MiB
2026/05/29 10:17:42.873, 1467 MiB
2026/05/29 10:17:43.873, 1467 MiB
2026/05/29 10:17:44.873, 1467 MiB
2026/05/29 10:17:45.874, 1467 MiB
2026/05/29 10:17:46.874, 1467 MiB
2026/05/29 10:17:47.874, 1467 MiB
2026/05/29 10:17:48.874, 1467 MiB
2026/05/29 10:17:49.875, 1467 MiB
2026/05/29 10:17:50.875, 1467 MiB
2026/05/29 10:17:51.875, 1467 MiB
2026/05/29 10:17:52.876, 1467 MiB
2026/05/29 10:17:53.876, 1467 MiB
2026/05/29 10:17:54.876, 1467 MiB
2026/05/29 10:17:55.876, 1467 MiB
2026/05/29 10:17:56.877, 1467 MiB
2026/05/29 10:17:57.877, 1467 MiB
2026/05/29 10:17:58.877, 1467 MiB
2026/05/29 10:17:59.877, 1467 MiB
2026/05/29 10:18:00.878, 1467 MiB
2026/05/29 10:18:01.878, 1467 MiB
2026/05/29 10:18:02.878, 1467 MiB
2026/05/29 10:18:03.879, 1467 MiB
2026/05/29 10:18:04.879, 1467 MiB
2026/05/29 10:18:05.879, 1467 MiB
2026/05/29 10:18:06.880, 1467 MiB
2026/05/29 10:18:07.880, 1467 MiB
2026/05/29 10:18:08.880, 1467 MiB
2026/05/29 10:18:09.880, 1467 MiB
2026/05/29 10:18:10.881, 1467 MiB
2026/05/29 10:18:11.881, 1467 MiB
2026/05/29 10:18:12.881, 1467 MiB
2026/05/29 10:18:13.882, 1467 MiB
2026/05/29 10:18:14.882, 1467 MiB
2026/05/29 10:18:15.882, 1467 MiB
2026/05/29 10:18:16.882, 1467 MiB
2026/05/29 10:18:17.883, 1467 MiB
2026/05/29 10:18:18.883, 1467 MiB
2026/05/29 10:18:19.883, 1467 MiB
2026/05/29 10:18:20.884, 1467 MiB
2026/05/29 10:18:21.893, 1467 MiB
2026/05/29 10:18:22.893, 1467 MiB
2026/05/29 10:18:23.894, 1467 MiB
2026/05/29 10:18:24.894, 1467 MiB
2026/05/29 10:18:25.894, 1467 MiB
2026/05/29 10:18:26.904, 1467 MiB
2026/05/29 10:18:27.904, 1467 MiB
2026/05/29 10:18:28.904, 1467 MiB
2026/05/29 10:18:29.904, 1467 MiB
2026/05/29 10:18:30.905, 1467 MiB
2026/05/29 10:18:31.915, 1467 MiB
2026/05/29 10:18:32.915, 1467 MiB
2026/05/29 10:18:33.915, 1467 MiB
2026/05/29 10:18:34.916, 1467 MiB
2026/05/29 10:18:35.916, 1467 MiB
2026/05/29 10:18:36.926, 1467 MiB
2026/05/29 10:18:37.926, 1467 MiB
2026/05/29 10:18:38.926, 1467 MiB
2026/05/29 10:18:39.927, 1467 MiB
2026/05/29 10:18:40.927, 1467 MiB
2026/05/29 10:18:41.937, 1467 MiB
2026/05/29 10:18:42.937, 1467 MiB
2026/05/29 10:18:43.937, 1467 MiB
2026/05/29 10:18:44.937, 1467 MiB
2026/05/29 10:18:45.938, 1467 MiB
2026/05/29 10:18:46.938, 1467 MiB
2026/05/29 10:18:47.939, 1467 MiB
2026/05/29 10:18:48.939, 1467 MiB
2026/05/29 10:18:49.939, 1467 MiB
2026/05/29 10:18:50.940, 1467 MiB
2026/05/29 10:18:51.940, 1467 MiB
2026/05/29 10:18:52.941, 1467 MiB
2026/05/29 10:18:53.941, 1467 MiB
2026/05/29 10:18:54.941, 1467 MiB
2026/05/29 10:18:55.942, 1467 MiB
2026/05/29 10:18:56.942, 1467 MiB
2026/05/29 10:18:57.942, 1467 MiB
2026/05/29 10:18:58.942, 1467 MiB
2026/05/29 10:18:59.943, 1467 MiB
2026/05/29 10:19:00.943, 1467 MiB
2026/05/29 10:19:01.944, 1467 MiB
2026/05/29 10:19:02.944, 1467 MiB
2026/05/29 10:19:03.944, 1467 MiB
2026/05/29 10:19:04.944, 1467 MiB
2026/05/29 10:19:05.945, 1467 MiB
2026/05/29 10:19:06.945, 1467 MiB
2026/05/29 10:19:07.945, 1467 MiB
2026/05/29 10:19:08.945, 1467 MiB
2026/05/29 10:19:09.946, 1467 MiB
2026/05/29 10:19:10.946, 1467 MiB
2026/05/29 10:19:11.946, 1467 MiB
2026/05/29 10:19:12.947, 1467 MiB
2026/05/29 10:19:13.947, 1467 MiB
2026/05/29 10:19:14.947, 1467 MiB
2026/05/29 10:19:15.948, 1467 MiB
2026/05/29 10:19:16.949, 1467 MiB
2026/05/29 10:19:17.949, 1467 MiB
2026/05/29 10:19:18.950, 1467 MiB
2026/05/29 10:19:19.950, 1467 MiB
2026/05/29 10:19:20.950, 1467 MiB
2026/05/29 10:19:21.958, 1467 MiB
2026/05/29 10:19:22.958, 1467 MiB
2026/05/29 10:19:23.958, 1467 MiB
2026/05/29 10:19:24.958, 1467 MiB
2026/05/29 10:19:25.959, 1467 MiB
2026/05/29 10:19:26.959, 1467 MiB
2026/05/29 10:19:27.959, 1467 MiB
2026/05/29 10:19:28.960, 1467 MiB
2026/05/29 10:19:29.960, 1467 MiB
2026/05/29 10:19:30.960, 1467 MiB
2026/05/29 10:19:31.961, 1467 MiB
2026/05/29 10:19:32.961, 1467 MiB
2026/05/29 10:19:33.962, 1467 MiB
2026/05/29 10:19:34.962, 1467 MiB
2026/05/29 10:19:35.962, 1467 MiB
2026/05/29 10:19:36.972, 1467 MiB
2026/05/29 10:19:37.972, 1467 MiB
2026/05/29 10:19:38.972, 1467 MiB
2026/05/29 10:19:39.973, 1467 MiB
2026/05/29 10:19:40.973, 1467 MiB
2026/05/29 10:19:41.973, 1467 MiB
2026/05/29 10:19:42.973, 1467 MiB
2026/05/29 10:19:43.974, 1467 MiB
2026/05/29 10:19:44.974, 1467 MiB
2026/05/29 10:19:45.974, 1467 MiB
2026/05/29 10:19:46.975, 1467 MiB
2026/05/29 10:19:47.976, 1467 MiB
2026/05/29 10:19:48.976, 1467 MiB
2026/05/29 10:19:49.976, 1467 MiB
2026/05/29 10:19:50.977, 1467 MiB
2026/05/29 10:19:51.987, 1467 MiB
2026/05/29 10:19:52.987, 1467 MiB
2026/05/29 10:19:53.987, 1467 MiB
2026/05/29 10:19:54.988, 1467 MiB
2026/05/29 10:19:55.988, 1467 MiB
2026/05/29 10:19:56.988, 1467 MiB
2026/05/29 10:19:57.989, 1467 MiB
2026/05/29 10:19:58.989, 1467 MiB
2026/05/29 10:19:59.989, 1467 MiB
2026/05/29 10:20:00.989, 1467 MiB
2026/05/29 10:20:01.990, 1467 MiB
2026/05/29 10:20:02.990, 1467 MiB
2026/05/29 10:20:03.990, 1467 MiB
2026/05/29 10:20:04.991, 1467 MiB
2026/05/29 10:20:05.991, 1467 MiB
2026/05/29 10:20:06.991, 1467 MiB
2026/05/29 10:20:07.992, 1467 MiB
2026/05/29 10:20:08.992, 1467 MiB
2026/05/29 10:20:09.992, 1467 MiB
2026/05/29 10:20:10.993, 1467 MiB
2026/05/29 10:20:11.993, 1467 MiB
2026/05/29 10:20:12.993, 1467 MiB
2026/05/29 10:20:13.994, 1467 MiB
2026/05/29 10:20:14.994, 1467 MiB
2026/05/29 10:20:15.994, 1467 MiB
2026/05/29 10:20:16.995, 1467 MiB
2026/05/29 10:20:17.995, 1467 MiB
2026/05/29 10:20:18.995, 1467 MiB
2026/05/29 10:20:19.996, 1467 MiB
2026/05/29 10:20:20.996, 1467 MiB
2026/05/29 10:20:21.996, 1467 MiB
2026/05/29 10:20:22.997, 1467 MiB
2026/05/29 10:20:23.997, 1467 MiB
2026/05/29 10:20:24.997, 1467 MiB
2026/05/29 10:20:25.997, 1467 MiB
2026/05/29 10:20:26.998, 1467 MiB
2026/05/29 10:20:27.998, 1467 MiB
2026/05/29 10:20:28.998, 1467 MiB
2026/05/29 10:20:29.999, 1467 MiB
2026/05/29 10:20:30.999, 1467 MiB
2026/05/29 10:20:31.999, 1467 MiB
2026/05/29 10:20:33.000, 1467 MiB
2026/05/29 10:20:34.000, 1467 MiB
2026/05/29 10:20:35.000, 1467 MiB
2026/05/29 10:20:36.000, 1467 MiB
2026/05/29 10:20:37.001, 1467 MiB
2026/05/29 10:20:38.001, 1467 MiB
2026/05/29 10:20:39.001, 1467 MiB
2026/05/29 10:20:40.002, 1467 MiB
2026/05/29 10:20:41.002, 1467 MiB
2026/05/29 10:20:42.002, 1467 MiB
2026/05/29 10:20:43.003, 1467 MiB
2026/05/29 10:20:44.003, 1467 MiB
2026/05/29 10:20:45.003, 1467 MiB
2026/05/29 10:20:46.003, 1467 MiB
2026/05/29 10:20:47.004, 1467 MiB
2026/05/29 10:20:48.004, 1467 MiB
2026/05/29 10:20:49.004, 1467 MiB
2026/05/29 10:20:50.005, 1467 MiB
2026/05/29 10:20:51.005, 1467 MiB
2026/05/29 10:20:52.005, 1467 MiB
2026/05/29 10:20:53.006, 1467 MiB
2026/05/29 10:20:54.006, 1467 MiB
2026/05/29 10:20:55.006, 1467 MiB
2026/05/29 10:20:56.006, 1467 MiB
2026/05/29 10:20:57.007, 1467 MiB
2026/05/29 10:20:58.007, 1467 MiB
2026/05/29 10:20:59.007, 1467 MiB
2026/05/29 10:21:00.008, 1467 MiB
2026/05/29 10:21:01.008, 1467 MiB
2026/05/29 10:21:02.008, 1467 MiB
2026/05/29 10:21:03.008, 1467 MiB
2026/05/29 10:21:04.009, 1467 MiB
2026/05/29 10:21:05.009, 1467 MiB
2026/05/29 10:21:06.009, 1502 MiB
2026/05/29 10:21:07.010, 1472 MiB
2026/05/29 10:21:08.010, 1473 MiB
2026/05/29 10:21:09.010, 1474 MiB
2026/05/29 10:21:10.011, 1474 MiB
2026/05/29 10:21:11.011, 1487 MiB
2026/05/29 10:21:12.011, 1491 MiB
2026/05/29 10:21:13.012, 1490 MiB
2026/05/29 10:21:14.012, 1489 MiB
2026/05/29 10:21:15.012, 1515 MiB
2026/05/29 10:21:16.013, 1515 MiB
2026/05/29 10:21:17.013, 1515 MiB
2026/05/29 10:21:18.013, 1508 MiB
2026/05/29 10:21:19.014, 1503 MiB
2026/05/29 10:21:20.014, 1490 MiB
2026/05/29 10:21:21.015, 1496 MiB
2026/05/29 10:21:22.015, 1496 MiB
2026/05/29 10:21:23.015, 1491 MiB
2026/05/29 10:21:24.016, 1491 MiB
2026/05/29 10:21:25.016, 1492 MiB
2026/05/29 10:21:26.016, 1497 MiB
2026/05/29 10:21:27.017, 1497 MiB
2026/05/29 10:21:28.017, 1492 MiB
2026/05/29 10:21:29.017, 1488 MiB
2026/05/29 10:21:30.018, 1474 MiB
2026/05/29 10:21:31.018, 1479 MiB
2026/05/29 10:21:32.018, 1505 MiB
2026/05/29 10:21:33.018, 1500 MiB
2026/05/29 10:21:34.019, 1504 MiB
2026/05/29 10:21:35.019, 1503 MiB
2026/05/29 10:21:36.019, 1504 MiB
2026/05/29 10:21:37.020, 1500 MiB
2026/05/29 10:21:38.020, 1500 MiB
2026/05/29 10:21:39.020, 1489 MiB
2026/05/29 10:21:40.021, 1489 MiB
2026/05/29 10:21:41.021, 1494 MiB
2026/05/29 10:21:42.021, 1494 MiB
2026/05/29 10:21:43.022, 1490 MiB
2026/05/29 10:21:44.022, 1486 MiB
2026/05/29 10:21:45.022, 1471 MiB
2026/05/29 10:21:46.022, 1499 MiB
2026/05/29 10:21:47.023, 1499 MiB
2026/05/29 10:21:48.023, 1499 MiB
2026/05/29 10:21:49.023, 1500 MiB
2026/05/29 10:21:50.024, 1499 MiB
2026/05/29 10:21:51.024, 1499 MiB
2026/05/29 10:21:52.024, 1492 MiB
2026/05/29 10:21:53.025, 1488 MiB
2026/05/29 10:21:54.025, 1470 MiB
2026/05/29 10:21:55.025, 1470 MiB
2026/05/29 10:21:56.026, 1466 MiB
2026/05/29 10:21:57.026, 1466 MiB
2026/05/29 10:21:58.026, 1473 MiB
2026/05/29 10:21:59.026, 1473 MiB
2026/05/29 10:22:00.027, 1473 MiB
2026/05/29 10:22:01.027, 1469 MiB
2026/05/29 10:22:02.027, 1469 MiB
2026/05/29 10:22:03.028, 1473 MiB
2026/05/29 10:22:04.028, 1473 MiB
2026/05/29 10:22:05.028, 1473 MiB
2026/05/29 10:22:06.029, 1469 MiB
2026/05/29 10:22:07.029, 1466 MiB
2026/05/29 10:22:08.029, 1478 MiB
2026/05/29 10:22:09.029, 1478 MiB
2026/05/29 10:22:10.030, 1478 MiB
2026/05/29 10:22:11.030, 1478 MiB
2026/05/29 10:22:12.030, 1478 MiB
2026/05/29 10:22:13.031, 1481 MiB
2026/05/29 10:22:14.031, 1481 MiB
2026/05/29 10:22:15.031, 1481 MiB
2026/05/29 10:22:16.031, 1477 MiB
2026/05/29 10:22:17.032, 1477 MiB
2026/05/29 10:22:18.032, 1481 MiB
2026/05/29 10:22:19.032, 1481 MiB
2026/05/29 10:22:20.032, 1507 MiB
2026/05/29 10:22:21.033, 1506 MiB
2026/05/29 10:22:22.033, 1505 MiB
2026/05/29 10:22:23.033, 1507 MiB
2026/05/29 10:22:24.034, 1498 MiB
2026/05/29 10:22:25.034, 1499 MiB
2026/05/29 10:22:26.034, 1498 MiB
2026/05/29 10:22:27.034, 1498 MiB
2026/05/29 10:22:28.035, 1502 MiB
2026/05/29 10:22:29.035, 1501 MiB
2026/05/29 10:22:30.035, 1501 MiB
2026/05/29 10:22:31.036, 1491 MiB
2026/05/29 10:22:32.036, 1491 MiB
2026/05/29 10:22:33.036, 1478 MiB
2026/05/29 10:22:34.036, 1478 MiB
2026/05/29 10:22:35.037, 1478 MiB
2026/05/29 10:22:36.037, 1478 MiB
2026/05/29 10:22:37.037, 1474 MiB
2026/05/29 10:22:38.038, 1478 MiB
2026/05/29 10:22:39.038, 1492 MiB
2026/05/29 10:22:40.038, 1493 MiB
2026/05/29 10:22:41.038, 1493 MiB
2026/05/29 10:22:42.039, 1482 MiB
2026/05/29 10:22:43.039, 1482 MiB
2026/05/29 10:22:44.039, 1471 MiB
2026/05/29 10:22:45.040, 1498 MiB
2026/05/29 10:22:46.040, 1498 MiB
2026/05/29 10:22:47.040, 1498 MiB
2026/05/29 10:22:48.040, 1498 MiB
2026/05/29 10:22:49.041, 1498 MiB
2026/05/29 10:22:50.041, 1491 MiB
2026/05/29 10:22:51.041, 1497 MiB
2026/05/29 10:22:52.042, 1577 MiB
2026/05/29 10:22:53.042, 1582 MiB
2026/05/29 10:22:54.042, 1580 MiB
2026/05/29 10:22:55.043, 1508 MiB
2026/05/29 10:22:56.043, 1506 MiB
2026/05/29 10:22:57.043, 1506 MiB
2026/05/29 10:22:58.044, 1501 MiB
2026/05/29 10:22:59.044, 1501 MiB
2026/05/29 10:23:00.044, 1480 MiB
2026/05/29 10:23:01.045, 1489 MiB
2026/05/29 10:23:02.045, 1552 MiB
2026/05/29 10:23:03.045, 1551 MiB
2026/05/29 10:23:04.046, 1582 MiB
2026/05/29 10:23:05.046, 1581 MiB
2026/05/29 10:23:06.046, 1580 MiB
2026/05/29 10:23:07.046, 1580 MiB
2026/05/29 10:23:08.047, 1589 MiB
2026/05/29 10:23:09.047, 1589 MiB
2026/05/29 10:23:10.048, 1593 MiB
2026/05/29 10:23:11.048, 1593 MiB
2026/05/29 10:23:12.048, 1589 MiB
2026/05/29 10:23:13.048, 1586 MiB
2026/05/29 10:23:14.049, 1584 MiB
2026/05/29 10:23:15.049, 1577 MiB
2026/05/29 10:23:16.049, 1573 MiB
2026/05/29 10:23:17.050, 1573 MiB
2026/05/29 10:23:18.050, 1583 MiB
2026/05/29 10:23:19.050, 1587 MiB
2026/05/29 10:23:20.051, 1587 MiB
2026/05/29 10:23:21.051, 1586 MiB
2026/05/29 10:23:22.051, 1584 MiB
2026/05/29 10:23:23.052, 1567 MiB
2026/05/29 10:23:24.052, 1567 MiB
2026/05/29 10:23:25.052, 1562 MiB
2026/05/29 10:23:26.052, 1550 MiB
2026/05/29 10:23:27.053, 1550 MiB
2026/05/29 10:23:28.053, 1550 MiB
2026/05/29 10:23:29.053, 1550 MiB
2026/05/29 10:23:30.054, 1550 MiB
2026/05/29 10:23:31.054, 1550 MiB
2026/05/29 10:23:32.054, 1550 MiB
2026/05/29 10:23:33.055, 1550 MiB
2026/05/29 10:23:34.055, 1550 MiB
2026/05/29 10:23:35.055, 1560 MiB
2026/05/29 10:23:36.055, 1560 MiB
2026/05/29 10:23:37.056, 1560 MiB
2026/05/29 10:23:38.056, 1564 MiB
2026/05/29 10:23:39.056, 1564 MiB
2026/05/29 10:23:40.056, 1564 MiB
2026/05/29 10:23:41.057, 1565 MiB
2026/05/29 10:23:42.057, 1565 MiB
2026/05/29 10:23:43.057, 1565 MiB
2026/05/29 10:23:44.058, 1559 MiB
2026/05/29 10:23:45.058, 1585 MiB
2026/05/29 10:23:46.058, 1806 MiB
2026/05/29 10:23:47.059, 1805 MiB
2026/05/29 10:23:48.059, 2285 MiB
2026/05/29 10:23:49.059, 2395 MiB
2026/05/29 10:23:50.060, 2428 MiB
2026/05/29 10:23:51.060, 3003 MiB
2026/05/29 10:23:52.060, 3003 MiB
2026/05/29 10:23:53.060, 3002 MiB
2026/05/29 10:23:54.061, 3002 MiB
2026/05/29 10:23:55.061, 3002 MiB
2026/05/29 10:23:56.061, 3001 MiB
2026/05/29 10:23:57.062, 2996 MiB
2026/05/29 10:23:58.062, 2990 MiB
2026/05/29 10:23:59.062, 6158 MiB
2026/05/29 10:24:00.063, 6148 MiB
2026/05/29 10:24:01.063, 6229 MiB
2026/05/29 10:24:02.063, 6229 MiB
2026/05/29 10:24:03.064, 2502 MiB
2026/05/29 10:24:04.064, 6224 MiB
2026/05/29 10:24:05.064, 6229 MiB
2026/05/29 10:24:06.064, 2628 MiB
2026/05/29 10:24:07.065, 6230 MiB
2026/05/29 10:24:08.065, 6225 MiB
2026/05/29 10:24:09.065, 3066 MiB
2026/05/29 10:24:10.066, 6230 MiB
2026/05/29 10:24:11.067, 2508 MiB
2026/05/29 10:24:12.067, 6230 MiB
2026/05/29 10:24:13.067, 6226 MiB
2026/05/29 10:24:14.068, 2504 MiB
2026/05/29 10:24:15.068, 6226 MiB
2026/05/29 10:24:16.068, 6223 MiB
2026/05/29 10:24:17.069, 6218 MiB
2026/05/29 10:24:18.069, 6231 MiB
2026/05/29 10:24:19.069, 6231 MiB
2026/05/29 10:24:20.070, 2509 MiB
2026/05/29 10:24:21.080, 6225 MiB
2026/05/29 10:24:22.080, 6225 MiB
2026/05/29 10:24:23.081, 6223 MiB
2026/05/29 10:24:24.081, 2501 MiB
2026/05/29 10:24:25.081, 6223 MiB
2026/05/29 10:24:26.092, 6223 MiB
2026/05/29 10:24:27.092, 2506 MiB
2026/05/29 10:24:28.092, 6228 MiB
2026/05/29 10:24:29.093, 6228 MiB
2026/05/29 10:24:30.093, 6223 MiB
2026/05/29 10:24:31.103, 6223 MiB
2026/05/29 10:24:32.103, 2501 MiB
2026/05/29 10:24:33.104, 6223 MiB
2026/05/29 10:24:34.104, 6223 MiB
2026/05/29 10:24:35.105, 6231 MiB
2026/05/29 10:24:36.105, 6231 MiB
2026/05/29 10:24:37.105, 2589 MiB
2026/05/29 10:24:38.105, 6225 MiB
2026/05/29 10:24:39.106, 6225 MiB
2026/05/29 10:24:40.106, 6226 MiB
2026/05/29 10:24:41.106, 6226 MiB
2026/05/29 10:24:42.107, 5726 MiB
2026/05/29 10:24:43.107, 2504 MiB
2026/05/29 10:24:44.107, 6226 MiB
2026/05/29 10:24:45.108, 5671 MiB
2026/05/29 10:24:46.109, 6231 MiB
2026/05/29 10:24:47.109, 2509 MiB
2026/05/29 10:24:48.109, 6221 MiB
2026/05/29 10:24:49.110, 2580 MiB
2026/05/29 10:24:50.110, 6218 MiB
2026/05/29 10:24:51.110, 2496 MiB
2026/05/29 10:24:52.110, 6218 MiB
2026/05/29 10:24:53.111, 6218 MiB
2026/05/29 10:24:54.111, 6218 MiB
2026/05/29 10:24:55.111, 6218 MiB
2026/05/29 10:24:56.112, 6230 MiB
2026/05/29 10:24:57.112, 6230 MiB
2026/05/29 10:24:58.113, 6228 MiB
2026/05/29 10:24:59.113, 6221 MiB
2026/05/29 10:25:00.113, 6221 MiB
2026/05/29 10:25:01.114, 5225 MiB
2026/05/29 10:25:02.114, 6225 MiB
2026/05/29 10:25:03.114, 6225 MiB
2026/05/29 10:25:04.115, 6221 MiB
2026/05/29 10:25:05.115, 6221 MiB
2026/05/29 10:25:06.115, 3065 MiB
2026/05/29 10:25:07.115, 6225 MiB
2026/05/29 10:25:08.116, 2503 MiB
2026/05/29 10:25:09.116, 6220 MiB
2026/05/29 10:25:10.116, 6220 MiB
2026/05/29 10:25:11.117, 6218 MiB
2026/05/29 10:25:12.117, 2578 MiB
2026/05/29 10:25:13.117, 6218 MiB
2026/05/29 10:25:14.117, 6218 MiB
2026/05/29 10:25:15.118, 4998 MiB
2026/05/29 10:25:16.118, 2496 MiB
2026/05/29 10:25:17.118, 6218 MiB
2026/05/29 10:25:18.119, 5978 MiB
2026/05/29 10:25:19.120, 6218 MiB
2026/05/29 10:25:20.120, 6218 MiB
2026/05/29 10:25:21.120, 5390 MiB
2026/05/29 10:25:22.121, 6230 MiB
2026/05/29 10:25:23.121, 6230 MiB
2026/05/29 10:25:24.122, 6221 MiB
2026/05/29 10:25:25.122, 6221 MiB
2026/05/29 10:25:26.123, 2503 MiB
2026/05/29 10:25:27.123, 6225 MiB
2026/05/29 10:25:28.124, 6225 MiB
2026/05/29 10:25:29.124, 6225 MiB
2026/05/29 10:25:30.124, 6221 MiB
2026/05/29 10:25:31.125, 6225 MiB
2026/05/29 10:25:32.126, 6225 MiB
2026/05/29 10:25:33.126, 6225 MiB
2026/05/29 10:25:34.126, 6225 MiB
2026/05/29 10:25:35.127, 6221 MiB
2026/05/29 10:25:36.127, 6225 MiB
2026/05/29 10:25:37.127, 6225 MiB
2026/05/29 10:25:38.127, 6225 MiB
2026/05/29 10:25:39.128, 6225 MiB
2026/05/29 10:25:40.128, 6221 MiB
2026/05/29 10:25:41.129, 6225 MiB
2026/05/29 10:25:42.130, 6225 MiB
2026/05/29 10:25:43.130, 6225 MiB
2026/05/29 10:25:44.130, 6225 MiB
2026/05/29 10:25:45.131, 6221 MiB
2026/05/29 10:25:46.131, 6225 MiB
2026/05/29 10:25:47.132, 6225 MiB
2026/05/29 10:25:48.132, 2503 MiB
2026/05/29 10:25:49.132, 6225 MiB
2026/05/29 10:25:50.133, 6221 MiB
2026/05/29 10:25:51.133, 6225 MiB
2026/05/29 10:25:52.133, 6225 MiB
2026/05/29 10:25:53.134, 6225 MiB
2026/05/29 10:25:54.135, 6225 MiB
2026/05/29 10:25:55.135, 6221 MiB
2026/05/29 10:25:56.135, 3525 MiB
2026/05/29 10:25:57.136, 6225 MiB
2026/05/29 10:25:58.136, 6225 MiB
2026/05/29 10:25:59.136, 5205 MiB
2026/05/29 10:26:00.136, 6221 MiB
2026/05/29 10:26:01.137, 2503 MiB
2026/05/29 10:26:02.137, 6225 MiB
2026/05/29 10:26:03.137, 6225 MiB
2026/05/29 10:26:04.138, 6225 MiB
2026/05/29 10:26:05.138, 3121 MiB
2026/05/29 10:26:06.138, 6225 MiB
2026/05/29 10:26:07.139, 6225 MiB
2026/05/29 10:26:08.140, 2503 MiB
2026/05/29 10:26:09.140, 6225 MiB
2026/05/29 10:26:10.141, 2499 MiB
2026/05/29 10:26:11.141, 6225 MiB
2026/05/29 10:26:12.141, 6225 MiB
2026/05/29 10:26:13.142, 2503 MiB
2026/05/29 10:26:14.142, 6225 MiB
2026/05/29 10:26:15.142, 6221 MiB
2026/05/29 10:26:16.143, 6225 MiB
2026/05/29 10:26:17.143, 6225 MiB
2026/05/29 10:26:18.143, 6225 MiB
2026/05/29 10:26:19.144, 6225 MiB
2026/05/29 10:26:20.144, 6220 MiB
2026/05/29 10:26:21.144, 2503 MiB
2026/05/29 10:26:22.145, 2503 MiB
2026/05/29 10:26:23.145, 2503 MiB
2026/05/29 10:26:24.145, 2503 MiB
2026/05/29 10:26:25.146, 2498 MiB
2026/05/29 10:26:26.146, 2498 MiB
2026/05/29 10:26:27.146, 2503 MiB
2026/05/29 10:26:28.147, 2503 MiB
2026/05/29 10:26:29.147, 2503 MiB
2026/05/29 10:26:30.147, 2498 MiB
2026/05/29 10:26:31.148, 2498 MiB
2026/05/29 10:26:32.148, 2503 MiB
2026/05/29 10:26:33.148, 2503 MiB
2026/05/29 10:26:34.149, 2503 MiB
2026/05/29 10:26:35.149, 2498 MiB
2026/05/29 10:26:36.150, 2498 MiB
2026/05/29 10:26:37.150, 2503 MiB
2026/05/29 10:26:38.150, 2503 MiB
2026/05/29 10:26:39.151, 2503 MiB
2026/05/29 10:26:40.151, 2499 MiB
2026/05/29 10:26:41.154, 2499 MiB
2026/05/29 10:26:42.154, 2503 MiB
2026/05/29 10:26:43.171, 2503 MiB
2026/05/29 10:26:44.171, 2503 MiB
2026/05/29 10:26:45.171, 2499 MiB
2026/05/29 10:26:46.171, 2499 MiB
2026/05/29 10:26:47.172, 2503 MiB
2026/05/29 10:26:48.172, 2503 MiB
2026/05/29 10:26:49.172, 2503 MiB
2026/05/29 10:26:50.173, 2499 MiB
2026/05/29 10:26:51.173, 2499 MiB
2026/05/29 10:26:52.178, 2503 MiB
2026/05/29 10:26:53.178, 2503 MiB
2026/05/29 10:26:54.178, 2503 MiB
2026/05/29 10:26:55.179, 2499 MiB
2026/05/29 10:26:56.179, 2499 MiB
2026/05/29 10:26:57.183, 2503 MiB
2026/05/29 10:26:58.183, 2503 MiB
2026/05/29 10:26:59.184, 2503 MiB
2026/05/29 10:27:00.185, 2503 MiB
2026/05/29 10:27:01.185, 2498 MiB
2026/05/29 10:27:02.186, 2525 MiB
2026/05/29 10:27:03.186, 4607 MiB
2026/05/29 10:27:04.186, 4607 MiB
2026/05/29 10:27:05.186, 6825 MiB
2026/05/29 10:27:06.187, 3120 MiB
2026/05/29 10:27:07.187, 3125 MiB
2026/05/29 10:27:08.187, 3125 MiB
2026/05/29 10:27:09.188, 3125 MiB
2026/05/29 10:27:10.188, 3125 MiB
2026/05/29 10:27:11.189, 3120 MiB
2026/05/29 10:27:12.189, 3125 MiB
2026/05/29 10:27:13.189, 3125 MiB
2026/05/29 10:27:14.190, 3125 MiB
2026/05/29 10:27:15.190, 3125 MiB
2026/05/29 10:27:16.190, 3121 MiB
2026/05/29 10:27:17.191, 3125 MiB
2026/05/29 10:27:18.191, 3125 MiB
2026/05/29 10:27:19.191, 3125 MiB
2026/05/29 10:27:20.192, 3125 MiB
2026/05/29 10:27:21.193, 3120 MiB
2026/05/29 10:27:22.193, 3125 MiB
2026/05/29 10:27:23.193, 3125 MiB
2026/05/29 10:27:24.194, 3125 MiB
2026/05/29 10:27:25.194, 3125 MiB
2026/05/29 10:27:26.194, 3120 MiB
2026/05/29 10:27:27.195, 3125 MiB
2026/05/29 10:27:28.195, 3125 MiB
2026/05/29 10:27:29.195, 3125 MiB
2026/05/29 10:27:30.196, 3125 MiB
2026/05/29 10:27:31.196, 3120 MiB
2026/05/29 10:27:32.197, 3125 MiB
2026/05/29 10:27:33.197, 3125 MiB
2026/05/29 10:27:34.197, 3125 MiB
2026/05/29 10:27:35.197, 3126 MiB
2026/05/29 10:27:36.198, 3122 MiB
2026/05/29 10:27:37.198, 3126 MiB
2026/05/29 10:27:38.199, 3126 MiB
2026/05/29 10:27:39.199, 3137 MiB
2026/05/29 10:27:40.199, 3136 MiB
2026/05/29 10:27:41.200, 3131 MiB
2026/05/29 10:27:42.200, 3131 MiB
2026/05/29 10:27:43.201, 3135 MiB
2026/05/29 10:27:44.201, 6757 MiB
2026/05/29 10:27:45.201, 6757 MiB
2026/05/29 10:27:46.202, 5532 MiB
2026/05/29 10:27:47.202, 3148 MiB
2026/05/29 10:27:48.202, 3152 MiB
2026/05/29 10:27:49.203, 3152 MiB
2026/05/29 10:27:50.203, 3152 MiB
2026/05/29 10:27:51.203, 3148 MiB
2026/05/29 10:27:52.204, 3148 MiB
2026/05/29 10:27:53.204, 3152 MiB
2026/05/29 10:27:54.205, 3152 MiB
2026/05/29 10:27:55.205, 3152 MiB
2026/05/29 10:27:56.205, 3148 MiB
2026/05/29 10:27:57.206, 3148 MiB
2026/05/29 10:27:58.206, 3152 MiB
2026/05/29 10:27:59.206, 3152 MiB
2026/05/29 10:28:00.207, 3152 MiB
2026/05/29 10:28:01.207, 3148 MiB
2026/05/29 10:28:02.208, 3148 MiB
2026/05/29 10:28:03.208, 3152 MiB
2026/05/29 10:28:04.208, 3152 MiB
2026/05/29 10:28:05.209, 3152 MiB
2026/05/29 10:28:06.209, 3148 MiB
2026/05/29 10:28:07.209, 3148 MiB
2026/05/29 10:28:08.210, 3152 MiB
2026/05/29 10:28:09.210, 3152 MiB
2026/05/29 10:28:10.210, 3152 MiB
2026/05/29 10:28:11.211, 3148 MiB
2026/05/29 10:28:12.211, 3148 MiB
2026/05/29 10:28:13.211, 3152 MiB
2026/05/29 10:28:14.213, 3152 MiB
2026/05/29 10:28:15.213, 3152 MiB
2026/05/29 10:28:16.213, 3152 MiB
2026/05/29 10:28:17.213, 3148 MiB
2026/05/29 10:28:18.214, 3152 MiB
2026/05/29 10:28:19.214, 3152 MiB
2026/05/29 10:28:20.215, 3152 MiB
2026/05/29 10:28:21.216, 3152 MiB
2026/05/29 10:28:22.216, 3148 MiB
2026/05/29 10:28:23.217, 3152 MiB
2026/05/29 10:28:24.218, 3393 MiB
2026/05/29 10:28:25.218, 5273 MiB
2026/05/29 10:28:26.218, 5273 MiB
2026/05/29 10:28:27.219, 5268 MiB
2026/05/29 10:28:28.219, 5072 MiB
2026/05/29 10:28:29.219, 3152 MiB
2026/05/29 10:28:30.220, 3152 MiB
2026/05/29 10:28:31.220, 3152 MiB
2026/05/29 10:28:32.220, 3148 MiB
2026/05/29 10:28:33.221, 3152 MiB
2026/05/29 10:28:34.221, 3152 MiB
2026/05/29 10:28:35.221, 3152 MiB
2026/05/29 10:28:36.222, 3152 MiB
2026/05/29 10:28:37.222, 3148 MiB
2026/05/29 10:28:38.222, 3152 MiB
2026/05/29 10:28:39.223, 3152 MiB
2026/05/29 10:28:40.223, 3152 MiB
2026/05/29 10:28:41.224, 3152 MiB
2026/05/29 10:28:42.224, 3148 MiB
2026/05/29 10:28:43.225, 3152 MiB
2026/05/29 10:28:44.225, 3152 MiB
2026/05/29 10:28:45.225, 3152 MiB
2026/05/29 10:28:46.226, 3152 MiB
2026/05/29 10:28:47.227, 3148 MiB
2026/05/29 10:28:48.227, 3148 MiB
2026/05/29 10:28:49.227, 3145 MiB
2026/05/29 10:28:50.228, 3145 MiB
2026/05/29 10:28:51.228, 3145 MiB
2026/05/29 10:28:52.229, 3145 MiB
2026/05/29 10:28:53.229, 3145 MiB
2026/05/29 10:28:54.230, 3145 MiB
2026/05/29 10:28:55.230, 3157 MiB
2026/05/29 10:28:56.230, 3158 MiB
2026/05/29 10:28:57.231, 3198 MiB
2026/05/29 10:28:58.231, 3198 MiB
2026/05/29 10:28:59.231, 3189 MiB
2026/05/29 10:29:00.232, 3189 MiB
2026/05/29 10:29:01.232, 3189 MiB
2026/05/29 10:29:02.232, 3175 MiB
2026/05/29 10:29:03.233, 3175 MiB
2026/05/29 10:29:04.233, 3175 MiB
2026/05/29 10:29:05.233, 3175 MiB
2026/05/29 10:29:06.234, 3176 MiB
2026/05/29 10:29:07.234, 5296 MiB
2026/05/29 10:29:08.234, 5296 MiB
2026/05/29 10:29:09.235, 5296 MiB
2026/05/29 10:29:10.235, 8836 MiB
2026/05/29 10:29:11.235, 3156 MiB
2026/05/29 10:29:12.236, 3156 MiB
2026/05/29 10:29:13.236, 3156 MiB
2026/05/29 10:29:14.236, 3156 MiB
2026/05/29 10:29:15.237, 3156 MiB
2026/05/29 10:29:16.237, 3156 MiB
2026/05/29 10:29:17.237, 3156 MiB
2026/05/29 10:29:18.238, 3156 MiB
2026/05/29 10:29:19.238, 3156 MiB
2026/05/29 10:29:20.238, 3156 MiB
2026/05/29 10:29:21.239, 3156 MiB
2026/05/29 10:29:22.239, 3156 MiB
2026/05/29 10:29:23.243, 3156 MiB
2026/05/29 10:29:24.243, 3156 MiB
2026/05/29 10:29:25.244, 3156 MiB
2026/05/29 10:29:26.244, 3156 MiB
2026/05/29 10:29:27.244, 3156 MiB
2026/05/29 10:29:28.245, 3156 MiB
2026/05/29 10:29:29.245, 3156 MiB
2026/05/29 10:29:30.245, 3156 MiB
2026/05/29 10:29:31.245, 3156 MiB
2026/05/29 10:29:32.246, 3156 MiB
2026/05/29 10:29:33.246, 3156 MiB
2026/05/29 10:29:34.247, 3156 MiB
2026/05/29 10:29:35.248, 3156 MiB
2026/05/29 10:29:36.249, 3156 MiB
2026/05/29 10:29:37.249, 3156 MiB
2026/05/29 10:29:38.250, 3156 MiB
2026/05/29 10:29:39.250, 3156 MiB
2026/05/29 10:29:40.251, 3156 MiB
2026/05/29 10:29:41.251, 3156 MiB
2026/05/29 10:29:42.251, 3156 MiB
2026/05/29 10:29:43.252, 3156 MiB
2026/05/29 10:29:44.252, 3156 MiB
2026/05/29 10:29:45.252, 3156 MiB
2026/05/29 10:29:46.253, 3156 MiB
2026/05/29 10:29:47.254, 3156 MiB
2026/05/29 10:29:48.254, 6756 MiB
2026/05/29 10:29:49.255, 6756 MiB
2026/05/29 10:29:50.255, 6756 MiB
2026/05/29 10:29:51.256, 9176 MiB
2026/05/29 10:29:52.256, 3176 MiB
2026/05/29 10:29:53.256, 3176 MiB
2026/05/29 10:29:54.256, 3176 MiB
2026/05/29 10:29:55.257, 3176 MiB
2026/05/29 10:29:56.257, 3176 MiB
2026/05/29 10:29:57.257, 3176 MiB
2026/05/29 10:29:58.258, 3176 MiB
2026/05/29 10:29:59.258, 3176 MiB
2026/05/29 10:30:00.259, 3176 MiB
2026/05/29 10:30:01.259, 3176 MiB
2026/05/29 10:30:02.259, 3176 MiB
2026/05/29 10:30:03.260, 3176 MiB
2026/05/29 10:30:04.261, 3176 MiB
2026/05/29 10:30:05.261, 3176 MiB
2026/05/29 10:30:06.262, 3176 MiB
2026/05/29 10:30:07.262, 3176 MiB
2026/05/29 10:30:08.262, 3176 MiB
2026/05/29 10:30:09.263, 3176 MiB
2026/05/29 10:30:10.263, 3176 MiB
2026/05/29 10:30:11.263, 3176 MiB
2026/05/29 10:30:12.264, 3176 MiB
2026/05/29 10:30:13.265, 3176 MiB
2026/05/29 10:30:14.265, 3176 MiB
2026/05/29 10:30:15.265, 3176 MiB
2026/05/29 10:30:16.266, 3176 MiB
2026/05/29 10:30:17.267, 3176 MiB
2026/05/29 10:30:18.267, 3176 MiB
2026/05/29 10:30:19.268, 3176 MiB
2026/05/29 10:30:20.269, 3176 MiB
2026/05/29 10:30:21.269, 3176 MiB
2026/05/29 10:30:22.269, 3176 MiB
2026/05/29 10:30:23.271, 3176 MiB
2026/05/29 10:30:24.271, 3176 MiB
2026/05/29 10:30:25.272, 3176 MiB
2026/05/29 10:30:26.274, 3176 MiB
2026/05/29 10:30:27.275, 3176 MiB
2026/05/29 10:30:28.275, 3176 MiB
2026/05/29 10:30:29.276, 3176 MiB
2026/05/29 10:30:30.276, 6756 MiB
2026/05/29 10:30:31.276, 6776 MiB
2026/05/29 10:30:32.277, 6776 MiB
2026/05/29 10:30:33.277, 3856 MiB
2026/05/29 10:30:34.277, 3156 MiB
2026/05/29 10:30:35.278, 3156 MiB
2026/05/29 10:30:36.278, 3156 MiB
2026/05/29 10:30:37.278, 3156 MiB
2026/05/29 10:30:38.279, 3156 MiB
2026/05/29 10:30:39.279, 3156 MiB
2026/05/29 10:30:40.279, 3156 MiB
2026/05/29 10:30:41.280, 3156 MiB
2026/05/29 10:30:42.280, 3156 MiB
2026/05/29 10:30:43.280, 3156 MiB
2026/05/29 10:30:44.281, 3156 MiB
2026/05/29 10:30:45.281, 3156 MiB
2026/05/29 10:30:46.282, 3156 MiB
2026/05/29 10:30:47.282, 3156 MiB
2026/05/29 10:30:48.282, 3156 MiB
2026/05/29 10:30:49.283, 3156 MiB
2026/05/29 10:30:50.284, 3156 MiB
2026/05/29 10:30:51.284, 3156 MiB
2026/05/29 10:30:52.284, 3156 MiB
2026/05/29 10:30:53.285, 3156 MiB
2026/05/29 10:30:54.285, 3156 MiB
2026/05/29 10:30:55.285, 3156 MiB
2026/05/29 10:30:56.286, 3156 MiB
2026/05/29 10:30:57.286, 3156 MiB
2026/05/29 10:30:58.286, 3156 MiB
2026/05/29 10:30:59.287, 3156 MiB
2026/05/29 10:31:00.287, 3156 MiB
2026/05/29 10:31:01.287, 3156 MiB
2026/05/29 10:31:02.288, 3156 MiB
2026/05/29 10:31:03.288, 3156 MiB
2026/05/29 10:31:04.288, 3156 MiB
2026/05/29 10:31:05.289, 3156 MiB
2026/05/29 10:31:06.289, 3156 MiB
2026/05/29 10:31:07.289, 3156 MiB
2026/05/29 10:31:08.290, 3156 MiB
2026/05/29 10:31:09.290, 3156 MiB
2026/05/29 10:31:10.290, 3156 MiB
2026/05/29 10:31:11.291, 3156 MiB
2026/05/29 10:31:12.291, 6756 MiB
2026/05/29 10:31:13.291, 3156 MiB
2026/05/29 10:31:14.292, 3156 MiB
2026/05/29 10:31:15.292, 3156 MiB
2026/05/29 10:31:16.292, 3156 MiB
2026/05/29 10:31:17.293, 3155 MiB
2026/05/29 10:31:18.293, 3155 MiB
2026/05/29 10:31:19.293, 3155 MiB
2026/05/29 10:31:20.294, 3155 MiB
2026/05/29 10:31:21.294, 3155 MiB
2026/05/29 10:31:22.294, 3155 MiB
2026/05/29 10:31:23.295, 3155 MiB
2026/05/29 10:31:24.295, 3155 MiB
2026/05/29 10:31:25.296, 3155 MiB
2026/05/29 10:31:26.296, 3155 MiB
2026/05/29 10:31:27.296, 3155 MiB
2026/05/29 10:31:28.296, 3155 MiB
2026/05/29 10:31:29.297, 3155 MiB
2026/05/29 10:31:30.297, 3155 MiB
2026/05/29 10:31:31.297, 3155 MiB
2026/05/29 10:31:32.298, 3155 MiB
2026/05/29 10:31:33.298, 3155 MiB
2026/05/29 10:31:34.298, 3155 MiB
2026/05/29 10:31:35.299, 3155 MiB
2026/05/29 10:31:36.299, 3155 MiB
2026/05/29 10:31:37.299, 3155 MiB
2026/05/29 10:31:38.300, 3155 MiB
2026/05/29 10:31:39.301, 3155 MiB
2026/05/29 10:31:40.301, 3155 MiB
2026/05/29 10:31:41.301, 3155 MiB
2026/05/29 10:31:42.302, 3155 MiB
2026/05/29 10:31:43.303, 3155 MiB
2026/05/29 10:31:44.303, 3155 MiB
2026/05/29 10:31:45.303, 3155 MiB
2026/05/29 10:31:46.305, 3155 MiB
2026/05/29 10:31:47.305, 3155 MiB
2026/05/29 10:31:48.305, 3155 MiB
2026/05/29 10:31:49.306, 3155 MiB
2026/05/29 10:31:50.306, 3155 MiB
2026/05/29 10:31:51.307, 3155 MiB
2026/05/29 10:31:52.308, 6756 MiB
2026/05/29 10:31:53.308, 6776 MiB
2026/05/29 10:31:54.308, 6776 MiB
2026/05/29 10:31:55.309, 3156 MiB
2026/05/29 10:31:56.309, 3156 MiB
2026/05/29 10:31:57.309, 3155 MiB
2026/05/29 10:31:58.309, 3155 MiB
2026/05/29 10:31:59.310, 3155 MiB
2026/05/29 10:32:00.310, 3155 MiB
2026/05/29 10:32:01.310, 3155 MiB
2026/05/29 10:32:02.311, 3155 MiB
2026/05/29 10:32:03.311, 3155 MiB
2026/05/29 10:32:04.312, 3155 MiB
2026/05/29 10:32:05.312, 3155 MiB
2026/05/29 10:32:06.312, 3155 MiB
2026/05/29 10:32:07.313, 3155 MiB
2026/05/29 10:32:08.313, 3155 MiB
2026/05/29 10:32:09.313, 3155 MiB
2026/05/29 10:32:10.314, 3155 MiB
2026/05/29 10:32:11.314, 3155 MiB
2026/05/29 10:32:12.315, 3155 MiB
2026/05/29 10:32:13.315, 3155 MiB
2026/05/29 10:32:14.316, 3155 MiB
2026/05/29 10:32:15.317, 3155 MiB
2026/05/29 10:32:16.318, 3155 MiB
2026/05/29 10:32:17.318, 3155 MiB
2026/05/29 10:32:18.318, 3155 MiB
2026/05/29 10:32:19.319, 3155 MiB
2026/05/29 10:32:20.319, 3155 MiB
2026/05/29 10:32:21.319, 3155 MiB
2026/05/29 10:32:22.320, 3155 MiB
2026/05/29 10:32:23.320, 3155 MiB
2026/05/29 10:32:24.320, 3155 MiB
2026/05/29 10:32:25.322, 3155 MiB
2026/05/29 10:32:26.322, 3155 MiB
2026/05/29 10:32:27.322, 3155 MiB
2026/05/29 10:32:28.324, 3155 MiB
2026/05/29 10:32:29.324, 3155 MiB
2026/05/29 10:32:30.325, 3155 MiB
2026/05/29 10:32:31.325, 3155 MiB
2026/05/29 10:32:32.325, 3155 MiB
2026/05/29 10:32:33.326, 3155 MiB
2026/05/29 10:32:34.326, 3576 MiB
2026/05/29 10:32:35.326, 6756 MiB
2026/05/29 10:32:36.327, 6756 MiB
2026/05/29 10:32:37.327, 6756 MiB
2026/05/29 10:32:38.327, 3176 MiB
2026/05/29 10:32:39.328, 3176 MiB
2026/05/29 10:32:40.328, 3175 MiB
2026/05/29 10:32:41.329, 3175 MiB
2026/05/29 10:32:42.329, 3175 MiB
2026/05/29 10:32:43.329, 3175 MiB
2026/05/29 10:32:44.330, 3175 MiB
2026/05/29 10:32:45.330, 3175 MiB
2026/05/29 10:32:46.330, 3175 MiB
2026/05/29 10:32:47.331, 3175 MiB
2026/05/29 10:32:48.331, 3175 MiB
2026/05/29 10:32:49.331, 3175 MiB
2026/05/29 10:32:50.332, 3175 MiB
2026/05/29 10:32:51.332, 3175 MiB
2026/05/29 10:32:52.333, 3175 MiB
2026/05/29 10:32:53.333, 3175 MiB
2026/05/29 10:32:54.333, 3175 MiB
2026/05/29 10:32:55.334, 3175 MiB
2026/05/29 10:32:56.334, 3175 MiB
2026/05/29 10:32:57.335, 3175 MiB
2026/05/29 10:32:58.335, 3175 MiB
2026/05/29 10:32:59.336, 3175 MiB
2026/05/29 10:33:00.337, 3175 MiB
2026/05/29 10:33:01.337, 3175 MiB
2026/05/29 10:33:02.338, 3175 MiB
2026/05/29 10:33:03.338, 3175 MiB
2026/05/29 10:33:04.338, 3175 MiB
2026/05/29 10:33:05.339, 3175 MiB
2026/05/29 10:33:06.340, 3175 MiB
2026/05/29 10:33:07.340, 3175 MiB
2026/05/29 10:33:08.341, 3175 MiB
2026/05/29 10:33:09.342, 3175 MiB
2026/05/29 10:33:10.343, 3175 MiB
2026/05/29 10:33:11.344, 3175 MiB
2026/05/29 10:33:12.344, 3175 MiB
2026/05/29 10:33:13.345, 3175 MiB
2026/05/29 10:33:14.345, 3175 MiB
2026/05/29 10:33:15.345, 3175 MiB
2026/05/29 10:33:16.346, 6756 MiB
2026/05/29 10:33:17.346, 6776 MiB
2026/05/29 10:33:18.346, 6776 MiB
2026/05/29 10:33:19.347, 5796 MiB
2026/05/29 10:33:20.347, 3156 MiB
2026/05/29 10:33:21.347, 3155 MiB
2026/05/29 10:33:22.348, 3155 MiB
2026/05/29 10:33:23.348, 3155 MiB
2026/05/29 10:33:24.348, 3155 MiB
2026/05/29 10:33:25.348, 3155 MiB
2026/05/29 10:33:26.349, 3155 MiB
2026/05/29 10:33:27.349, 3155 MiB
2026/05/29 10:33:28.349, 3155 MiB
2026/05/29 10:33:29.349, 3155 MiB
2026/05/29 10:33:30.350, 3155 MiB
2026/05/29 10:33:31.350, 3155 MiB
2026/05/29 10:33:32.350, 3155 MiB
2026/05/29 10:33:33.351, 3155 MiB
2026/05/29 10:33:34.351, 3155 MiB
2026/05/29 10:33:35.352, 3155 MiB
2026/05/29 10:33:36.352, 3155 MiB
2026/05/29 10:33:37.352, 3155 MiB
2026/05/29 10:33:38.353, 3155 MiB
2026/05/29 10:33:39.353, 3155 MiB
2026/05/29 10:33:40.353, 3155 MiB
2026/05/29 10:33:41.354, 3155 MiB
2026/05/29 10:33:42.354, 3155 MiB
2026/05/29 10:33:43.354, 3155 MiB
2026/05/29 10:33:44.356, 3155 MiB
2026/05/29 10:33:45.357, 3155 MiB
2026/05/29 10:33:46.359, 3155 MiB
2026/05/29 10:33:47.359, 3155 MiB
2026/05/29 10:33:48.360, 3155 MiB
2026/05/29 10:33:49.360, 3155 MiB
2026/05/29 10:33:50.361, 3155 MiB
2026/05/29 10:33:51.362, 3155 MiB
2026/05/29 10:33:52.385, 3155 MiB
2026/05/29 10:33:53.386, 3155 MiB
2026/05/29 10:33:54.386, 3155 MiB
2026/05/29 10:33:55.386, 3155 MiB
2026/05/29 10:33:56.387, 3155 MiB
2026/05/29 10:33:57.387, 3155 MiB
2026/05/29 10:33:58.387, 3155 MiB
2026/05/29 10:33:59.389, 3155 MiB
2026/05/29 10:34:00.390, 3155 MiB
2026/05/29 10:34:01.391, 3155 MiB
2026/05/29 10:34:02.391, 3155 MiB
2026/05/29 10:34:03.392, 3155 MiB
2026/05/29 10:34:04.393, 3155 MiB
2026/05/29 10:34:05.394, 3155 MiB
2026/05/29 10:34:06.394, 3155 MiB
2026/05/29 10:34:07.394, 3155 MiB
2026/05/29 10:34:08.395, 6756 MiB
2026/05/29 10:34:09.395, 6776 MiB
2026/05/29 10:34:10.395, 3156 MiB
2026/05/29 10:34:11.396, 3156 MiB
2026/05/29 10:34:12.396, 3156 MiB
2026/05/29 10:34:13.396, 3156 MiB
2026/05/29 10:34:14.397, 3156 MiB
2026/05/29 10:34:15.397, 3156 MiB
2026/05/29 10:34:16.397, 3156 MiB
2026/05/29 10:34:17.398, 3156 MiB
2026/05/29 10:34:18.398, 3156 MiB
2026/05/29 10:34:19.398, 3156 MiB
2026/05/29 10:34:20.399, 3156 MiB
2026/05/29 10:34:21.399, 3156 MiB
2026/05/29 10:34:22.399, 3156 MiB
2026/05/29 10:34:23.399, 3156 MiB
2026/05/29 10:34:24.400, 3156 MiB
2026/05/29 10:34:25.400, 3156 MiB
2026/05/29 10:34:26.400, 3156 MiB
2026/05/29 10:34:27.401, 3156 MiB
2026/05/29 10:34:28.402, 3156 MiB
2026/05/29 10:34:29.402, 3156 MiB
2026/05/29 10:34:30.402, 3156 MiB
2026/05/29 10:34:31.403, 3156 MiB
2026/05/29 10:34:32.403, 3156 MiB
2026/05/29 10:34:33.403, 3156 MiB
2026/05/29 10:34:34.404, 3156 MiB
2026/05/29 10:34:35.404, 3156 MiB
2026/05/29 10:34:36.404, 3156 MiB
2026/05/29 10:34:37.405, 3156 MiB
2026/05/29 10:34:38.405, 3156 MiB
2026/05/29 10:34:39.405, 3156 MiB
2026/05/29 10:34:40.406, 3156 MiB
2026/05/29 10:34:41.407, 3156 MiB
2026/05/29 10:34:42.408, 3156 MiB
2026/05/29 10:34:43.408, 3156 MiB
2026/05/29 10:34:44.408, 3156 MiB
2026/05/29 10:34:45.409, 3156 MiB
2026/05/29 10:34:46.410, 3156 MiB
2026/05/29 10:34:47.410, 3156 MiB
2026/05/29 10:34:48.412, 6756 MiB
2026/05/29 10:34:49.413, 6776 MiB
2026/05/29 10:34:50.413, 6776 MiB
2026/05/29 10:34:51.413, 6776 MiB
2026/05/29 10:34:52.414, 3156 MiB
2026/05/29 10:34:53.414, 3156 MiB
2026/05/29 10:34:54.414, 3156 MiB
2026/05/29 10:34:55.415, 3156 MiB
2026/05/29 10:34:56.415, 3156 MiB
2026/05/29 10:34:57.415, 3156 MiB
2026/05/29 10:34:58.416, 3156 MiB
2026/05/29 10:34:59.416, 3156 MiB
2026/05/29 10:35:00.416, 3156 MiB
2026/05/29 10:35:01.417, 3156 MiB
2026/05/29 10:35:02.417, 3156 MiB
2026/05/29 10:35:03.417, 3156 MiB
2026/05/29 10:35:04.418, 3156 MiB
2026/05/29 10:35:05.418, 3156 MiB
2026/05/29 10:35:06.418, 3156 MiB
2026/05/29 10:35:07.419, 3156 MiB
2026/05/29 10:35:08.419, 3156 MiB
2026/05/29 10:35:09.420, 3156 MiB
2026/05/29 10:35:10.420, 3156 MiB
2026/05/29 10:35:11.421, 3156 MiB
2026/05/29 10:35:12.421, 3156 MiB
2026/05/29 10:35:13.422, 3156 MiB
2026/05/29 10:35:14.422, 3156 MiB
2026/05/29 10:35:15.422, 3156 MiB
2026/05/29 10:35:16.423, 3156 MiB
2026/05/29 10:35:17.423, 3156 MiB
2026/05/29 10:35:18.423, 3156 MiB
2026/05/29 10:35:19.426, 3156 MiB
2026/05/29 10:35:20.426, 3156 MiB
2026/05/29 10:35:21.426, 3156 MiB
2026/05/29 10:35:22.427, 3156 MiB
2026/05/29 10:35:23.428, 3156 MiB
2026/05/29 10:35:24.428, 3156 MiB
2026/05/29 10:35:25.429, 3156 MiB
2026/05/29 10:35:26.430, 3156 MiB
2026/05/29 10:35:27.431, 3156 MiB
2026/05/29 10:35:28.431, 3156 MiB
2026/05/29 10:35:29.431, 3156 MiB
2026/05/29 10:35:30.432, 6705 MiB
2026/05/29 10:35:31.432, 6752 MiB
2026/05/29 10:35:32.432, 6752 MiB
2026/05/29 10:35:33.433, 6676 MiB
2026/05/29 10:35:34.433, 3086 MiB
2026/05/29 10:35:35.433, 3079 MiB
2026/05/29 10:35:36.434, 3082 MiB
2026/05/29 10:35:37.434, 3082 MiB
2026/05/29 10:35:38.434, 3081 MiB
2026/05/29 10:35:39.435, 3058 MiB
2026/05/29 10:35:40.435, 3046 MiB
2026/05/29 10:35:41.435, 3051 MiB
2026/05/29 10:35:42.436, 3051 MiB
2026/05/29 10:35:43.436, 3051 MiB
2026/05/29 10:35:44.436, 3047 MiB
2026/05/29 10:35:45.437, 3047 MiB
2026/05/29 10:35:46.437, 3051 MiB
2026/05/29 10:35:47.437, 3051 MiB
2026/05/29 10:35:48.438, 3051 MiB
2026/05/29 10:35:49.438, 3047 MiB
2026/05/29 10:35:50.438, 3047 MiB
2026/05/29 10:35:51.439, 3051 MiB
2026/05/29 10:35:52.439, 3056 MiB
2026/05/29 10:35:53.440, 3060 MiB
2026/05/29 10:35:54.440, 3060 MiB
2026/05/29 10:35:55.440, 3060 MiB
2026/05/29 10:35:56.441, 3060 MiB
2026/05/29 10:35:57.442, 3060 MiB
2026/05/29 10:35:58.443, 3051 MiB
2026/05/29 10:35:59.443, 3051 MiB
2026/05/29 10:36:00.443, 3055 MiB
2026/05/29 10:36:01.444, 3055 MiB
2026/05/29 10:36:02.444, 3055 MiB
2026/05/29 10:36:03.445, 3055 MiB
2026/05/29 10:36:04.445, 3046 MiB
2026/05/29 10:36:05.445, 3046 MiB
2026/05/29 10:36:06.447, 3051 MiB
2026/05/29 10:36:07.448, 3051 MiB
2026/05/29 10:36:08.448, 3051 MiB
2026/05/29 10:36:09.448, 3051 MiB
2026/05/29 10:36:10.449, 3046 MiB
2026/05/29 10:36:11.449, 3055 MiB
2026/05/29 10:36:12.450, 3055 MiB
2026/05/29 10:36:13.451, 6656 MiB
2026/05/29 10:36:14.451, 6676 MiB
2026/05/29 10:36:15.451, 6667 MiB
2026/05/29 10:36:16.452, 5116 MiB
2026/05/29 10:36:17.452, 3056 MiB
2026/05/29 10:36:18.453, 3056 MiB
2026/05/29 10:36:19.453, 3065 MiB
2026/05/29 10:36:20.453, 3069 MiB
2026/05/29 10:36:21.454, 3069 MiB
2026/05/29 10:36:22.454, 3070 MiB
2026/05/29 10:36:23.454, 3070 MiB
2026/05/29 10:36:24.455, 3064 MiB
2026/05/29 10:36:25.455, 3059 MiB
2026/05/29 10:36:26.455, 3065 MiB
2026/05/29 10:36:27.456, 3066 MiB
2026/05/29 10:36:28.456, 3063 MiB
2026/05/29 10:36:29.456, 3066 MiB
2026/05/29 10:36:30.457, 3065 MiB
2026/05/29 10:36:31.458, 3057 MiB
